标签类型,标签,行业A4-酱油醋人群包-占比,行业A4-酱油醋人群包-tgi
预测性别,男,35.22%,72.053760445954
预测性别,女,64.78%,143.21599519774048
预测年龄段,18-19,0.39%,13.783210111509142
预测年龄段,20-23,2.21%,35.00768653384211
预测年龄段,24-30,9.02%,68.203662954136
预测年龄段,31-35,9.01%,126.56368306925971
预测年龄段,36-40,22.87%,139.89947027224315
预测年龄段,41-45,10.82%,187.916925233399
预测年龄段,46-50,15.01%,169.45352155908103
预测年龄段,51-55,9.91%,149.36151845689693
预测年龄段,56-59,8.02%,169.5983489001126
预测年龄段,60+,12.75%,67.55966621516625
地域分布,北京,2.77%,142.6523085098798
地域分布,天津,1.76%,156.99498320984173
地域分布,河北,4.7%,100.76831822106134
地域分布,山西,2.31%,103.61431697238712
地域分布,内蒙古,1.11%,78.04936782804957
地域分布,辽宁,3.17%,126.62746319114997
地域分布,吉林,1.51%,117.69365986200226
地域分布,黑龙江,1.88%,118.9036837552511
地域分布,上海,2.85%,137.8519357829192
地域分布,江苏,8.3%,126.9640939591598
地域分布,浙江,7.38%,130.1837063397683
地域分布,安徽,4.68%,125.87518227889693
地域分布,福建,3.22%,106.7272835402683
地域分布,江西,2.7%,102.51621144954757
地域分布,山东,7.67%,118.79482552947202
地域分布,河南,5.49%,89.07433587148383
地域分布,湖北,3.68%,102.2259472584057
地域分布,湖南,3.13%,84.37352057840785
地域分布,广东,10.79%,103.60597301100431
地域分布,广西,2.3%,76.62315119843454
地域分布,海南,0.58%,77.61705127311494
地域分布,重庆,2.29%,114.87737808534844
地域分布,四川,5.53%,110.33214402966965
地域分布,贵州,2.68%,118.1753651036851
地域分布,云南,2.17%,75.92111953328603
地域分布,西藏,0.065%,21.72416092657724
地域分布,陕西,3.12%,112.7124609786744
地域分布,甘肃,0.94%,71.46986639468207
地域分布,青海,0.16%,49.909253926380686
地域分布,宁夏,0.29%,68.29503501426379
地域分布,新疆,0.74%,42.867584760130754
地域分布,台湾,0.0002%,27.389487283010727
地域分布,香港,0.0046%,27.5858601544539
地域分布,澳门,0.0027%,85.96711585868368
八大消费群体,新锐白领,13.75%,179.1658360594889
八大消费群体,都市银发,22.72%,137.88957625220178
八大消费群体,精致妈妈,13.21%,481.98674782976616
八大消费群体,都市蓝领,6.1%,41.3565993091732
八大消费群体,genz,2.86%,25.97824696143754
八大消费群体,小镇青年,11.98%,81.953814496522
八大消费群体,资深中产,14.63%,375.38774413615243
八大消费群体,小镇中老年,14.78%,114.15371464184328
预测消费能力,低消费,26.92%,49.21116586407512
预测消费能力,高消费,47%,405.2275760720585
预测消费能力,中消费,26.09%,219.71601812321805
手机品牌,360,0.015%,84.59904852224753
手机品牌,苹果,32.75%,139.69300957279427
手机品牌,华为,31.9%,132.06611490864398
手机品牌,小米,8.21%,89.48394636841725
手机品牌,三星,0.86%,130.81135094156514
手机品牌,OPPO,15.87%,86.83122604648746
手机品牌,vivo,13.67%,81.46777604312844
手机品牌,魅族,0.081%,93.47440029108057
手机品牌,金立,0.037%,97.5094878231475
手机品牌,酷派,0.0062%,47.297095254358965
手机品牌,联想,0.12%,97.76994630650545
手机品牌,乐视,0.0045%,93.79479899779291
手机品牌,中兴,0.012%,45.184714795435745
手机品牌,中国移动,0.0006%,26.074130456850774
手机品牌,HTC,0.0006%,40.056547801333984
手机品牌,小辣椒,0%,-
手机品牌,努比亚,0.032%,74.70248266302528
手机品牌,海信,0.0051%,50.47181764752958
手机品牌,奇酷,0%,-
手机品牌,索尼,0.0045%,61.37037848142587
手机品牌,锤子,0.021%,107.18424416029848
手机品牌,一加,0.54%,110.72125071303196
手机品牌,LG,0.0022%,159.5088943224917
手机品牌,摩托罗拉,0.022%,95.87619770946816
手机品牌,诺基亚,0.0079%,116.39813085287881
手机品牌,谷歌,0.0073%,51.0751212802829
手机品牌,荣耀,6.51%,92.75492174137258
预测人生阶段,二人世界,12.23%,120.86101542773197
预测人生阶段,单身一族,0.92%,66.50753006464898
预测人生阶段,家有儿女,86.86%,249.5988160630175
预测职业,在校大学生,37.4%,117.03329264639144
预测职业,职场白领,11.95%,41.38467431152645
预测职业,基础服务业,27.42%,64.70111005767855
预测职业,IT通讯科技,17.38%,55.056278210683665
预测职业,教师,14.36%,73.77589547492126
预测职业,公务员,17.33%,79.721320512686
手机价格,0~999,1.88%,59.523842884956125
手机价格,1000~1999,24.59%,73.48681842938683
手机价格,2000~2999,28.54%,113.37987597328897
手机价格,3000~3999,16.25%,124.89793154455921
手机价格,4000~4999,9.43%,149.82343120151603
手机价格,5000~5999,21.13%,151.56440662431436
手机价格,6000~6999,11.73%,163.99296330996776
手机价格,7000~7999,4.41%,157.0139544053538
手机价格,8000~8999,9.61%,153.75104242898527
手机价格,9000~9999,7.98%,170.95718018309321
手机价格,10000及以上,1.99%,170.58981551546427
抖音活跃用户,高活跃_月活,69.81%,235.93363842495023
抖音活跃用户,低活跃_月活,30.19%,73.00893380343612
头条活跃用户,高活跃_月活,8.07%,1.0353086737369077
头条活跃用户,低活跃_月活,91.93%,4.5666394284437795
西瓜活跃用户,高活跃_月活,17.71%,1.0948950263629027
西瓜活跃用户,低活跃_月活,82.29%,2.1664948418975367
火山活跃用户,高活跃_月活,0%,-
火山活跃用户,低活跃_月活,100%,21.227069361554378
头条用户阅读兴趣分类,社会,61.24%,126.38536313597719
头条用户阅读兴趣分类,娱乐,60.94%,126.32652369354629
头条用户阅读兴趣分类,健康,41.55%,147.3333223050203
头条用户阅读兴趣分类,国际,35.77%,119.58975648019519
头条用户阅读兴趣分类,时政,29.84%,129.10221061275112
头条用户阅读兴趣分类,两性,26.52%,103.36362542654788
头条用户阅读兴趣分类,历史,25.68%,112.75871625469635
头条用户阅读兴趣分类,汽车,25.16%,129.49878116247964
头条用户阅读兴趣分类,美食,23.74%,150.58694120830933
头条用户阅读兴趣分类,财经,22.93%,103.36254831352545
头条用户阅读兴趣分类,教育,22.44%,123.24969600844149
头条用户阅读兴趣分类,育儿,21.95%,165.11883703466737
头条用户阅读兴趣分类,传媒,18.96%,147.78256317313924
头条用户阅读兴趣分类,时尚,18.29%,153.2209397368948
头条用户阅读兴趣分类,军事,18.29%,94.18883322367623
头条用户阅读兴趣分类,科技,17.69%,140.83560378320098
头条用户阅读兴趣分类,房产,16.62%,145.31039976323433
头条用户阅读兴趣分类,体育,16.4%,112.42367103297917
头条用户阅读兴趣分类,文化,14.67%,99.54870591145198
头条用户阅读兴趣分类,旅游,13.75%,130.79756226138755
抖音视频观看兴趣分类,拍摄,98.73%,247.34448969829936
抖音视频观看兴趣分类,演绎,97.48%,248.05780825398557
抖音视频观看兴趣分类,生活,91.94%,253.76669162222024
抖音视频观看兴趣分类,亲子,90.33%,260.7670013363146
抖音视频观看兴趣分类,美食,87.95%,276.08642057741014
抖音视频观看兴趣分类,创意,68.22%,228.84286566377537
抖音视频观看兴趣分类,汽车,65.85%,258.70096971175667
抖音视频观看兴趣分类,舞蹈,61.34%,248.77870207478358
抖音视频观看兴趣分类,影视,60.9%,250.16001054580747
抖音视频观看兴趣分类,时尚,57.77%,269.5198433869876
抖音视频观看兴趣分类,动植物,57.22%,235.11469752501432
抖音视频观看兴趣分类,知识,42.94%,221.06610390871455
抖音视频观看兴趣分类,运动,39.8%,227.5554944060485
抖音视频观看兴趣分类,二次元,30.69%,193.46339537144402
抖音视频观看兴趣分类,历史军事,30.39%,203.61914009328962
抖音视频观看兴趣分类,旅行,27.45%,234.62844908564242
抖音视频观看兴趣分类,音乐,21.26%,236.37434641851996
抖音视频观看兴趣分类,科技,20.57%,179.97041193409987
抖音视频观看兴趣分类,传统,18.84%,212.64352749309109
抖音视频观看兴趣分类,游戏,10.23%,131.12091533842093
抖音视频观看兴趣分类,鸡汤,0%,-
抖音视频观看兴趣分类,拍摄_半身自拍,4.69%,197.77532473110602
抖音视频观看兴趣分类,拍摄_拍身体,1.58%,242.1366077930243
抖音视频观看兴趣分类,拍摄_摄影,2.09%,253.11570917678162
抖音视频观看兴趣分类,拍摄_录屏,3.86%,209.85098268562587
抖音视频观看兴趣分类,拍摄_随拍,0.18%,238.78672873931959
抖音视频观看兴趣分类,拍摄_全身自拍,4.54%,211.59529232409025
抖音视频观看兴趣分类,拍摄_技术,0.48%,202.63909821358243
抖音视频观看兴趣分类,演绎_张嘴,1.19%,225.09752477246735
抖音视频观看兴趣分类,演绎_访谈类,3.31%,225.73356575991812
抖音视频观看兴趣分类,演绎_剧情短剧,3.91%,210.0707809858991
抖音视频观看兴趣分类,生活_证件类,0.49%,238.64914636240857
抖音视频观看兴趣分类,生活_装潢,2%,250.62818743685247
抖音视频观看兴趣分类,生活_婚礼,2.96%,226.77556894475566
抖音视频观看兴趣分类,生活_开箱,2.36%,267.3541563031767
抖音视频观看兴趣分类,生活_日常活动,0%,-
抖音视频观看兴趣分类,生活_棋牌,0.92%,243.31076766901526
抖音视频观看兴趣分类,生活_交通,1.8%,238.1853299658026
抖音视频观看兴趣分类,生活_生活探店,3.06%,221.31529945330453
抖音视频观看兴趣分类,生活_生活探店2,1.34%,266.31897517822125
抖音视频观看兴趣分类,生活_民生,2.77%,225.83196517406319
抖音视频观看兴趣分类,生活_生活用品,2.86%,263.4657462604927
抖音视频观看兴趣分类,生活_团体活动,0.47%,201.79718643371314
抖音视频观看兴趣分类,生活_负面事件,11.2%,244.43561032639164
抖音视频观看兴趣分类,亲子_儿童才艺表演,1%,247.52801030718246
抖音视频观看兴趣分类,亲子_萌娃,2.98%,226.3537074168327
抖音视频观看兴趣分类,亲子_母婴,3.57%,230.63188176776532
抖音视频观看兴趣分类,美食_日常美食展示,7.68%,255.15888637698606
抖音视频观看兴趣分类,美食_制作美食,11.59%,248.330418286246
抖音视频观看兴趣分类,美食_美食展示,12.06%,227.79617436053914
抖音视频观看兴趣分类,创意_插花类,1.07%,285.96347273207016
抖音视频观看兴趣分类,创意_定格动画类,2.97%,223.20542751524468
抖音视频观看兴趣分类,创意_手工类,3.75%,245.70430675953253
抖音视频观看兴趣分类,创意_沙画类,0.6%,236.01221301007092
抖音视频观看兴趣分类,创意_多米诺骨牌类,0.52%,198.47675334781889
抖音视频观看兴趣分类,创意_转笔类,0.27%,182.65819739440434
抖音视频观看兴趣分类,创意_特效类,2.79%,216.36756724077463
抖音视频观看兴趣分类,创意_贴纸道具,2.42%,217.62510583817414
抖音视频观看兴趣分类,创意_魔术类,1.8%,269.905773330836
抖音视频观看兴趣分类,汽车_汽车展示,1.06%,228.08292703638128
抖音视频观看兴趣分类,汽车_其他车辆拍摄,2.5%,217.86749942969857
抖音视频观看兴趣分类,汽车_维修改装,0.8%,237.9648726813503
抖音视频观看兴趣分类,汽车_汽车科普,2.17%,233.19394272438836
抖音视频观看兴趣分类,汽车_汽车体验,3.24%,226.31349530203164
抖音视频观看兴趣分类,舞蹈_手势舞类,5.31%,232.64726369707788
抖音视频观看兴趣分类,舞蹈_专业舞蹈,0.24%,245.61089054871945
抖音视频观看兴趣分类,舞蹈_民族舞,2.34%,245.6587453004845
抖音视频观看兴趣分类,舞蹈_日常舞蹈,2.7%,223.84197475499045
抖音视频观看兴趣分类,影视_综艺类,0.64%,213.9272208769149
抖音视频观看兴趣分类,影视_电影电视剧,0%,-
抖音视频观看兴趣分类,影视_片场类,0.36%,214.4293286110363
抖音视频观看兴趣分类,影视_电视剧电影,3.6%,196.1812063013341
抖音视频观看兴趣分类,影视_明星类,1.96%,222.2019785866377
抖音视频观看兴趣分类,时尚_美容,6.11%,250.0719992209336
抖音视频观看兴趣分类,时尚_美发,7.13%,282.870819712705
抖音视频观看兴趣分类,时尚_美妆,10.08%,264.2374656289735
抖音视频观看兴趣分类,时尚_穿搭,13.44%,241.26007742362364
抖音视频观看兴趣分类,动植物_家养动物,3.03%,226.46534286067183
抖音视频观看兴趣分类,动植物_非家养动物,3.59%,220.51324019810448
抖音视频观看兴趣分类,动植物_昆虫类,0.3%,197.85336898132374
抖音视频观看兴趣分类,动植物_植物,3.66%,227.81638377791577
抖音视频观看兴趣分类,动植物_萌宠,3.27%,220.00208747299595
抖音视频观看兴趣分类,运动_田径,2.62%,233.91332343633354
抖音视频观看兴趣分类,运动_水上运动,3.7%,240.55197328045938
抖音视频观看兴趣分类,运动_日常活动,1.79%,245.87052216471957
抖音视频观看兴趣分类,运动_球类项目,3.2%,228.09350479645545
抖音视频观看兴趣分类,运动_竞技运动,4.41%,233.58405408035213
抖音视频观看兴趣分类,运动_赛事,2.12%,218.12089348638474
抖音视频观看兴趣分类,运动_极限运动,3.78%,232.47749231272675
抖音视频观看兴趣分类,运动_健身,4.15%,245.15632154353284
抖音视频观看兴趣分类,二次元_动画类,2.51%,218.4773698663725
抖音视频观看兴趣分类,二次元_Coser,0%,-
抖音视频观看兴趣分类,二次元_二次元衍生,10.1%,220.96440533758184
抖音视频观看兴趣分类,二次元_漫画类,2.74%,210.7251121954602
抖音视频观看兴趣分类,旅行_风景,6.01%,213.72419650507348
抖音视频观看兴趣分类,旅行_旅行攻略,0%,-
抖音视频观看兴趣分类,旅行_住宿酒店,3.25%,268.720716699689
抖音视频观看兴趣分类,音乐_民族乐器,1.4%,234.11913410242428
抖音视频观看兴趣分类,音乐_西洋乐器,1.56%,246.98520287738225
抖音视频观看兴趣分类,音乐_唱歌,2.25%,238.56191627060693
抖音视频观看兴趣分类,音乐_编曲,0%,-
抖音视频观看兴趣分类,科技_电子产品,1.85%,227.02736634545474
抖音视频观看兴趣分类,游戏_节奏类,0.38%,176.26170570942406
抖音视频观看兴趣分类,游戏_模拟养成,0.79%,196.17241020778212
抖音视频观看兴趣分类,游戏_射击游戏,0.39%,171.37427246339684
抖音视频观看兴趣分类,游戏_棋牌类,0.29%,155.15184578203917
抖音视频观看兴趣分类,游戏_休闲类,0.56%,185.0511610659536
抖音视频观看兴趣分类,游戏_游戏其他,0.13%,226.25840700742427
抖音视频观看兴趣分类,游戏_卡牌游戏,0.07%,132.79570915722553
抖音视频观看兴趣分类,游戏_吃鸡类,0.9%,200.93064185367965
抖音视频观看兴趣分类,游戏_小游戏,0.016%,164.69001738624834
抖音视频观看兴趣分类,游戏_角色扮演,1.5%,204.46514409456213
抖音视频观看兴趣分类,游戏_解说游戏,0.093%,132.17115150973925
抖音视频观看兴趣分类,游戏_益智类游戏,0.016%,128.6273965455228
抖音视频观看兴趣分类,游戏_竞技游戏,0.41%,135.52650485855318
抖音视频观看兴趣分类,游戏_策略类,0.15%,163.9551468739114
抖音视频观看兴趣分类,游戏_体育类,0.34%,160.66866256259834
抖音视频观看兴趣分类,游戏_动作游戏,0.18%,147.66803495009532
西瓜视频观看兴趣分类,影视,78.48%,52.18969816734281
西瓜视频观看兴趣分类,搞笑,46.33%,43.43739625558028
西瓜视频观看兴趣分类,社会,41.74%,42.225596266698275
西瓜视频观看兴趣分类,美食,39.66%,45.01908224751034
西瓜视频观看兴趣分类,动物,36.36%,41.93878947952411
西瓜视频观看兴趣分类,娱乐,33.71%,40.208924746099854
西瓜视频观看兴趣分类,音乐,33.16%,36.57585481099613
西瓜视频观看兴趣分类,亲子,31.47%,41.736015470882606
西瓜视频观看兴趣分类,三农,30.9%,37.52533158409106
西瓜视频观看兴趣分类,游戏,30.29%,43.77113054688404
西瓜视频观看兴趣分类,综艺,30.09%,40.33480310765992
西瓜视频观看兴趣分类,体育,27.36%,38.306502519393305
西瓜视频观看兴趣分类,少儿,27.1%,48.01200387643382
西瓜视频观看兴趣分类,军事,25.02%,33.93107779866157
西瓜视频观看兴趣分类,宠物,24.61%,41.501221682319105
西瓜视频观看兴趣分类,汽车,23.7%,34.33324874612981
西瓜视频观看兴趣分类,健康,23.34%,38.68336909023033
西瓜视频观看兴趣分类,时尚,19.07%,36.83752916530163
西瓜视频观看兴趣分类,生活,17.45%,37.18015825915254
西瓜视频观看兴趣分类,情感,13.81%,36.137829421955324
美妆行业特色人群,合群拔草人,12.22%,272.0435120775425
美妆行业特色人群,好物狂想家,16.28%,210.83577132169307
美妆行业特色人群,格调鉴赏家,3.89%,310.73846416026805
美妆行业特色人群,悦己质享派,13.31%,335.79441681827376
美妆行业特色人群,惠选生活家,11.13%,275.1393330381511
美妆行业特色人群,理性刚需派,27.46%,232.89762947790317
美妆行业特色人群,美潮文艺咖,15.7%,360.3568081217971
电商品类成交偏好,粮油米面南北干货调味品,72.86%,1065.759782913112
电商品类成交偏好,零食坚果特产,56.12%,732.4286912681337
电商品类成交偏好,洗护清洁剂卫生巾纸香薰,55.05%,700.7995772917641
电商品类成交偏好,个人护理,53.34%,669.722169777649
电商品类成交偏好,水果蔬菜,52.31%,1021.6395091656387
电商品类成交偏好,家庭个人清洁工具,49.75%,786.810850597635
电商品类成交偏好,厨房烹饪用具,44.43%,1127.1047536847732
电商品类成交偏好,内衣裤袜,44%,661.0377076946372
电商品类成交偏好,肉蛋低温制品,43.85%,1173.2730932634097
电商品类成交偏好,咖啡麦片冲饮,42.67%,908.4382185598971
电商品类成交偏好,餐饮具,42.58%,970.1537320243584
电商品类成交偏好,居家日用,41.38%,719.4079059355843
电商品类成交偏好,女装,37.99%,623.9545925750771
电商品类成交偏好,男装,34.97%,558.2699556893278
电商品类成交偏好,收纳整理,34.21%,805.0719485164103
电商品类成交偏好,居家布艺,34.11%,809.1530947439506
电商品类成交偏好,美容护肤,33.01%,639.8513872159591
电商品类成交偏好,海鲜水产,30.12%,1408.1984093762433
电商品类成交偏好,服饰配件皮带帽子围巾,28.04%,705.7029957554616
电商品类成交偏好,3C数码配件,27.26%,449.5108098142885
电商品类成交偏好,女鞋,26.22%,706.9301598263044
电商品类成交偏好,床上用品,26.03%,858.5859889682439
电商品类成交偏好,传统滋补营养品,26.01%,1196.1214518367992
电商品类成交偏好,时尚饰品,24.83%,600.4286898343348
电商品类成交偏好,家居饰品,24.47%,758.8821889547617
电商品类成交偏好,书籍杂志报纸,22.98%,636.2955939563986
电商品类成交偏好,鲜花速递花卉仿真绿植园艺,22.36%,786.365620439758
电商品类成交偏好,运动瑜伽健身球迷用品,22.3%,682.8268745810976
电商品类成交偏好,保健食品膳食营养补充食品,21.94%,888.9572211586006
电商品类成交偏好,彩妆香水美妆工具,21.91%,455.1531994206914
电商品类成交偏好,学习用品,21.6%,643.8499045145586
电商品类成交偏好,厨房电器,21.6%,1118.6426133737134
电商品类成交偏好,童装婴儿装亲子装,18.74%,667.5076163549966
电商品类成交偏好,婴童用品,18.43%,737.1525025146728
电商品类成交偏好,箱包,17.26%,682.326268691638
电商品类成交偏好,玩具童车益智积木模型,16.67%,557.2066870711485
电商品类成交偏好,运动鞋,16.5%,694.3366576801225
电商品类成交偏好,男鞋,16.47%,582.4255939512237
电商品类成交偏好,茶,16.44%,894.5412263453089
电商品类成交偏好,汽车用品,16.17%,481.72565205729387
电商品类成交偏好,户外登山野营旅行用品,16.06%,661.3556202147133
电商品类成交偏好,个人保健护理电器,15.75%,693.9914680011286
电商品类成交偏好,运动服休闲服装,15.53%,725.3848112182241
电商品类成交偏好,打火机瑞士军刀眼镜,14.23%,625.5614422059622
电商品类成交偏好,生活电器,13.95%,904.9121095955325
电商品类成交偏好,农用物资,13.76%,759.6711837799384
电商品类成交偏好,基础建材,13.5%,763.29998900662
电商品类成交偏好,五金工具,12.27%,572.8042931117095
电商品类成交偏好,酒类,12.25%,931.7312269892087
电商品类成交偏好,家装主材,11.4%,899.1307016250308
电商品类成交偏好,住宅家具,10.82%,821.4342174070406
电商品类成交偏好,宠物宠物食品及用品,10.76%,556.014125189161
电商品类成交偏好,医疗器械,9.42%,825.9274334985779
电商品类成交偏好,童鞋婴儿鞋亲子鞋,9.32%,782.5724834344712
电商品类成交偏好,电动车配件交通工具,8.8%,667.9953102945832
电商品类成交偏好,运动包户外包配件,8.17%,629.9746640229548
电商品类成交偏好,影音电器,8.09%,467.58166793467115
电商品类成交偏好,奶粉辅食营养品零食,6.75%,1162.1486184836222
电商品类成交偏好,节庆用品文创,6.61%,834.6290433827998
电商品类成交偏好,移动联通电信充值中心,6.35%,470.6684937547102
电商品类成交偏好,文玩木作书画钱币,6.34%,718.2043596391558
电商品类成交偏好,药品,6.24%,750.5956982083012
电商品类成交偏好,家装灯饰光源,5.99%,793.6349541831341
电商品类成交偏好,翡翠和田玉琥珀蜜蜡其他玉石,5.97%,872.5041303508549
电商品类成交偏好,陶瓷紫砂建盏茶周边,5.7%,941.2960477732665
电商品类成交偏好,汽车零配件,5.58%,499.61648324869776
电商品类成交偏好,黄金彩宝钻石珍珠,4.86%,864.5302615318952
电商品类成交偏好,孕产妇服纺用品营养,4.75%,578.6806451527691
电商品类成交偏好,自行车骑行装备零配件,4.71%,670.2909522129967
电商品类成交偏好,大家电,4.18%,841.7273838481085
电商品类成交偏好,电子电工,4.07%,792.6505342802047
电商品类成交偏好,儿童床品家纺,3.25%,911.7648009332842
电商品类成交偏好,婴童尿裤,3.19%,747.6201054659589
电商品类成交偏好,购物提货券,2.84%,312.67477772162835
电商品类成交偏好,模玩动漫周边娃圈三坑桌游,2.77%,260.39334705992934
电商品类成交偏好,智能设备,2.77%,465.0495164036907
电商品类成交偏好,手工艺非遗技艺,2.76%,956.5663021432919
电商品类成交偏好,摩托车装备配件,2.7%,531.4083574973041
电商品类成交偏好,办公用品办公设备耗材相关服务,2.5%,523.7920297241412
电商品类成交偏好,全屋智能,2.5%,738.0094665805738
电商品类成交偏好,农机农具农膜,2.43%,648.1148689639763
电商品类成交偏好,生活娱乐充值,2.41%,392.0795267684455
电商品类成交偏好,钟表类,2.3%,560.2665955642576
电商品类成交偏好,手机,2.09%,445.4250911682892
电商品类成交偏好,网络设备网络相关,1.97%,487.28234855243977
电商品类成交偏好,美容美体医疗器械,1.84%,246.86640298538393
电商品类成交偏好,计生用品,1.78%,473.2393495742432
电商品类成交偏好,金属材料及制品,1.7%,780.1459263382709
电商品类成交偏好,包装,1.63%,783.5330170244426
电商品类成交偏好,畜牧养殖物资,1.62%,608.9510658982313
电商品类成交偏好,电子教育,1.32%,802.9853762940276
电商品类成交偏好,美容个护仪器,0.92%,722.9604742290858
电商品类成交偏好,乐器吉他钢琴配件,0.9%,530.0315786613451
电商品类成交偏好,教育培训,0.9%,538.3622472296098
电商品类成交偏好,电脑外设,0.88%,176.72335493593587
电商品类成交偏好,橡塑材料及制品,0.87%,901.7299957425039
电商品类成交偏好,电子元器件市场,0.81%,564.993125702365
电商品类成交偏好,商业办公家具,0.72%,682.5648777147256
电商品类成交偏好,手机号码套餐增值业务,0.65%,200.68888232859337
电商品类成交偏好,数码存储设备,0.63%,506.63447285384444
电商品类成交偏好,成人用品情趣用品,0.48%,327.90325627660894
电商品类成交偏好,游戏服务,0.47%,88.7667053069332
电商品类成交偏好,摄影摄像,0.41%,368.22216697158314
电商品类成交偏好,清洗食品商业设备,0.41%,778.8705710309721
电商品类成交偏好,电玩配件游戏攻略,0.37%,289.9630261316505
电商品类成交偏好,平板电脑MID,0.36%,358.7258871221366
电商品类成交偏好,二手奢侈品,0.31%,802.233592635172
电商品类成交偏好,标准件零部件工业耗材,0.3%,576.9975330725164
电商品类成交偏好,机械设备,0.3%,572.20085183613
电商品类成交偏好,润滑胶粘试剂实验室耗材,0.29%,673.756361127507
电商品类成交偏好,奢侈品,0.26%,960.4961231049471
电商品类成交偏好,珠宝文玩收藏品（定制专用）,0.25%,889.6298758645063
电商品类成交偏好,笔记本电脑,0.23%,398.77704192028534
电商品类成交偏好,食品卡券,0.19%,966.845982657963
电商品类成交偏好,电脑组件,0.19%,217.43739044223096
电商品类成交偏好,本地生活服务,0.19%,497.20826291553664
电商品类成交偏好,保险,0.15%,648.0264266813293
电商品类成交偏好,教育音像,0.13%,367.8883559068117
电商品类成交偏好,全屋定制,0.13%,515.4389449791403
电商品类成交偏好,文物商店拍卖行,0.11%,761.6523906465784
电商品类成交偏好,装修设计施工监理,0.087%,466.102824550786
电商品类成交偏好,DIY电脑,0.084%,195.81061662890718
电商品类成交偏好,品牌台机品牌一体机服务器,0.082%,485.8975099124784
电商品类成交偏好,搬运仓储物流设备,0.052%,525.3662566681993
电商品类成交偏好,康养器械,0.049%,949.7487510305496
电商品类成交偏好,二手百货,0.019%,793.4658851221485
电商品类成交偏好,电影演出赛事,0.0069%,614.883438853636
电商品类成交偏好,新车,0.0049%,228.39203403279754
电商品类成交偏好,医疗及健康服务,0.0041%,722.7590288867599
电商品类成交偏好,特医食品,0.0039%,932.5777659227637
电商品类成交偏好,汽车售后服务,0.0004%,977.8469782308497
电商品类成交偏好,二手3C数码,0.0004%,918.0109312537604
电商品类成交偏好,房产,0.0002%,677.0603186562771
电商品类成交偏好,二手车,0.0002%,157.13472665617013
电商品类成交偏好,数字阅读,0%,-
电商品类成交偏好,假发及配件,0%,-
电商品类成交偏好,潮品鞋服（鉴真）,0%,-
电商品类成交偏好,兑换卡,0%,-
电商品类成交偏好,生鲜,0%,-
电商品类成交偏好,保证金,0%,-
电商品类成交偏好,粮油米面南北干货调味品-米面粉杂粮,33.79%,1666.0034690533193
电商品类成交偏好,粮油米面南北干货调味品-其他食品,4.94%,1548.2358660036282
电商品类成交偏好,粮油米面南北干货调味品-南北干货肉类干货,29.13%,1496.9520010678561
电商品类成交偏好,粮油米面南北干货调味品-食用油调味油,17.42%,2404.263376863937
电商品类成交偏好,粮油米面南北干货调味品-方便速食冷藏食品,39.25%,878.2437059632738
电商品类成交偏好,粮油米面南北干货调味品-烘焙原料辅料食品添加剂,12.87%,1421.1945013457782
电商品类成交偏好,粮油米面南北干货调味品-轻食简餐,0%,-
电商品类成交偏好,粮油米面南北干货调味品-调味品果酱沙拉,61.7%,1585.5130430391237
电商品类成交偏好,零食坚果特产-饼干膨化,0%,-
电商品类成交偏好,零食坚果特产-巧克力,8.27%,976.0866947578054
电商品类成交偏好,零食坚果特产-豆干制品蔬菜干,12.16%,704.0297540071751
电商品类成交偏好,零食坚果特产-其它,0.078%,821.1763526604885
电商品类成交偏好,零食坚果特产-地方特产,14.35%,1159.7214210356246
电商品类成交偏好,零食坚果特产-糕点点心面包,28.87%,901.6734008621521
电商品类成交偏好,零食坚果特产-肉干肉脯熏腊卤味肉类熟食,24.36%,835.3634106955811
电商品类成交偏好,零食坚果特产-蜜饯果干水果制品,26.72%,1106.0705540316735
电商品类成交偏好,零食坚果特产-山核桃坚果炒货,28.13%,1178.887862485877
电商品类成交偏好,零食坚果特产-糖果零食果冻布丁,16.05%,821.2988006391489
电商品类成交偏好,零食坚果特产-即食水产海味零食,8.7%,1038.0535199442397
电商品类成交偏好,洗护清洁剂卫生巾纸香薰-室内除臭芳香用品,9.11%,893.5838709856237
电商品类成交偏好,洗护清洁剂卫生巾纸香薰-清洁泡泡慕斯,4.48%,693.7195352304186
电商品类成交偏好,洗护清洁剂卫生巾纸香薰-纸品湿巾,33.53%,673.6535376875189
电商品类成交偏好,洗护清洁剂卫生巾纸香薰-衣物清洁剂护理剂,32.1%,828.491235362583
电商品类成交偏好,洗护清洁剂卫生巾纸香薰-消毒用品,4.7%,1038.4760986170745
电商品类成交偏好,洗护清洁剂卫生巾纸香薰-家庭环境清洁剂,32.47%,972.6514330858546
电商品类成交偏好,洗护清洁剂卫生巾纸香薰-驱虫用品,14.27%,937.6877104419249
电商品类成交偏好,洗护清洁剂卫生巾纸香薰-其它,0.87%,912.9057023823799
电商品类成交偏好,洗护清洁剂卫生巾纸香薰-家私皮具护理品,1.72%,893.5329703345996
电商品类成交偏好,洗护清洁剂卫生巾纸香薰-中老年护理用品,0.37%,1054.0362292602922
电商品类成交偏好,个人护理-个护用具,4.13%,590.3067974938131
电商品类成交偏好,个人护理-身体精油芳疗,3.96%,1156.243052556973
电商品类成交偏好,个人护理-染发烫发头发造型,12.34%,697.2601975711796
电商品类成交偏好,个人护理-男士美发护发,1.25%,661.3313226379163
电商品类成交偏好,个人护理-男士身体护理,0.66%,456.74074040909744
电商品类成交偏好,个人护理-身体护理,22.79%,722.5647189068393
电商品类成交偏好,个人护理-身体清洁,21.67%,868.1458663694397
电商品类成交偏好,个人护理-手部护理,7.15%,752.2651816990356
电商品类成交偏好,个人护理-卫生巾私处护理,14.24%,703.2865921066561
电商品类成交偏好,个人护理-足部护理,6.47%,850.5921194178819
电商品类成交偏好,个人护理-隐形眼镜护理液,3.48%,926.7827319062118
电商品类成交偏好,个人护理-口腔护理,29.18%,822.1072631359533
电商品类成交偏好,个人护理-洗发护发,24%,733.3821324116843
电商品类成交偏好,个人护理-润唇膏,2.19%,639.2974934072457
电商品类成交偏好,水果蔬菜-蔬菜蔬菜制品,42.97%,1335.6783050025733
电商品类成交偏好,水果蔬菜-水果,37.73%,977.9260012576805
电商品类成交偏好,家庭个人清洁工具-家务地板清洁用具,38.42%,916.490956875501
电商品类成交偏好,家庭个人清洁工具-个人洗护清洁用具,27.15%,759.1841819761548
电商品类成交偏好,家庭个人清洁工具-卫浴置物用具,18.51%,880.8053977767204
电商品类成交偏好,家庭个人清洁工具-车载清洁用具,1.36%,609.7120449983242
电商品类成交偏好,厨房烹饪用具-厨用小工具厨房储物,29.58%,1178.2965250955478
电商品类成交偏好,厨房烹饪用具-烹饪用具,31.93%,1265.2752719585328
电商品类成交偏好,厨房烹饪用具-烧烤烘焙用具,7.29%,1370.1511003180033
电商品类成交偏好,内衣裤袜-女士内衣,17.34%,693.0174498773947
电商品类成交偏好,内衣裤袜-吊带背心,8.75%,819.2297212974573
电商品类成交偏好,内衣裤袜-保暖内衣,13.37%,951.0923784415498
电商品类成交偏好,内衣裤袜-吊袜带,0.04%,701.3118013995997
电商品类成交偏好,内衣裤袜-内衣配件,0.71%,492.72611463550993
电商品类成交偏好,内衣裤袜-袜子,27.32%,678.1812835661191
电商品类成交偏好,内衣裤袜-内裤,23.69%,727.2768719901566
电商品类成交偏好,内衣裤袜-少女文胸,2.15%,794.903488158493
电商品类成交偏好,内衣裤袜-塑身衣,8.75%,742.2588272356454
电商品类成交偏好,内衣裤袜-睡衣,21.33%,776.5167926535236
电商品类成交偏好,肉蛋低温制品-方便菜,6.48%,1530.103670005185
电商品类成交偏好,肉蛋低温制品-蛋蛋制品,18.91%,1626.7087128041833
电商品类成交偏好,肉蛋低温制品-猪牛羊禽肉及制品,24.74%,1375.061014169593
电商品类成交偏好,肉蛋低温制品-冷藏冷冻食品,24.93%,1354.7620316685684
电商品类成交偏好,咖啡麦片冲饮-驼奶及驼奶粉,1.5%,1546.5229752868404
电商品类成交偏好,咖啡麦片冲饮-其它饮品,0.8%,1087.769279166171
电商品类成交偏好,咖啡麦片冲饮-饮料,21.74%,900.7483192547893
电商品类成交偏好,咖啡麦片冲饮-藕粉麦片冲饮品,19.84%,1097.6061114090521
电商品类成交偏好,咖啡麦片冲饮-食补粉,8.71%,1374.4637938896585
电商品类成交偏好,咖啡麦片冲饮-全家营养奶粉,4.36%,1614.1650625133143
电商品类成交偏好,咖啡麦片冲饮-奶酪奶制品,4.82%,1499.5712078283984
电商品类成交偏好,咖啡麦片冲饮-冰淇淋,1.78%,1033.7168256594362
电商品类成交偏好,咖啡麦片冲饮-乳制品,16.75%,1128.6863636340572
电商品类成交偏好,咖啡麦片冲饮-速溶咖啡咖啡豆粉,7.47%,994.4093603980615
电商品类成交偏好,餐饮具-保鲜容器保鲜器皿,5.74%,1640.8321070960092
电商品类成交偏好,餐饮具-酒壶酒杯酒具,3.9%,968.6105037548357
电商品类成交偏好,餐饮具-餐具,24.13%,1256.45678623404
电商品类成交偏好,餐饮具-咖啡器具,2.02%,1242.019751468823
电商品类成交偏好,餐饮具-一次性餐桌用品,21.61%,1195.5979545222115
电商品类成交偏好,餐饮具-杯子水杯水壶,17.78%,829.9453810239564
电商品类成交偏好,居家日用-婚庆用品,4.84%,672.9499755859679
电商品类成交偏好,居家日用-扇迷你风扇配件冰垫冰贴,1.08%,795.8855811002165
电商品类成交偏好,居家日用-创意礼品,9.66%,552.6743021483209
电商品类成交偏好,居家日用-鞋用品,4.54%,866.386633824367
电商品类成交偏好,居家日用-驱虫用品,6.65%,855.7195573395435
电商品类成交偏好,居家日用-美体塑身塑形增高用具,2.48%,919.2814440511571
电商品类成交偏好,居家日用-家居健康用品,0.97%,779.0195169599899
电商品类成交偏好,居家日用-挂历,0.59%,1092.783369539353
电商品类成交偏好,居家日用-装扮用品,7.9%,833.1490397633473
电商品类成交偏好,居家日用-居家日用套装,10.25%,863.8982074890695
电商品类成交偏好,居家日用-防护用品,18.26%,786.8721985645785
电商品类成交偏好,居家日用-伞雨具防雨防潮,9.08%,798.6386953617043
电商品类成交偏好,居家日用-保暖贴怀炉保暖用品,5.28%,846.1446082153745
电商品类成交偏好,居家日用-家用五金工具,2.22%,809.2260621781489
电商品类成交偏好,居家日用-钟,0.87%,991.1583185063455
电商品类成交偏好,居家日用-台历,0.25%,613.3272923249411
电商品类成交偏好,居家日用-书写板,0.044%,757.4500875416445
电商品类成交偏好,女装-裤子,28.3%,693.1751570833118
电商品类成交偏好,女装-羊绒衫,1.85%,1348.7601617906719
电商品类成交偏好,女装-衬衫,15.83%,805.5776404699398
电商品类成交偏好,女装-毛衣,6.17%,761.4843972994871
电商品类成交偏好,女装-马夹,9.06%,962.3037408741536
电商品类成交偏好,女装-唐装民族服装舞台服装,6.3%,1014.9963088076902
电商品类成交偏好,女装-皮衣,3.54%,892.0318128934409
电商品类成交偏好,女装-婚纱旗袍礼服,2.32%,701.3857316462638
电商品类成交偏好,女装-派克服,1.04%,737.3579229734559
电商品类成交偏好,女装-卫衣绒衫,9.98%,831.3059361154709
电商品类成交偏好,女装-毛呢外套,6.77%,725.299991014233
电商品类成交偏好,女装-背心吊带,11.13%,730.4864855425927
电商品类成交偏好,女装-短裤,7.68%,757.5123242104834
电商品类成交偏好,女装-设计师潮牌女装,6.42%,858.4957640261022
电商品类成交偏好,女装-连衣裙,13.97%,695.1826109815088
电商品类成交偏好,女装-棉衣棉服,8.29%,740.5511617585759
电商品类成交偏好,女装-羊毛衫,6.49%,1116.6466297596298
电商品类成交偏好,女装-抹胸,0.087%,641.6776842193435
电商品类成交偏好,女装-风衣,3.36%,809.5727311136889
电商品类成交偏好,女装-连体衣裤,0.88%,852.6462056865272
电商品类成交偏好,女装-T恤,24.98%,689.1144488774249
电商品类成交偏好,女装-短外套,15.21%,788.5235716264863
电商品类成交偏好,女装-半身裙,11.51%,694.9627043105246
电商品类成交偏好,女装-中老年女装,8.93%,885.8314891221211
电商品类成交偏好,女装-西装,2.84%,858.1401488347723
电商品类成交偏好,女装-POLO衫,2.41%,869.5794331638896
电商品类成交偏好,女装-皮草,1.8%,821.3441618930968
电商品类成交偏好,女装-套装学生校服工作制服,13.98%,587.8844676233499
电商品类成交偏好,女装-毛针织衫,18.69%,725.4548903837743
电商品类成交偏好,女装-羽绒服,11.46%,800.6166953866762
电商品类成交偏好,女装-蕾丝衫雪纺衫,6.63%,770.3715998773604
电商品类成交偏好,女装-大码女装,10.43%,637.3325503931715
电商品类成交偏好,男装-设计师潮牌男装,0%,-
电商品类成交偏好,男装-T恤,16.59%,562.6016029735325
电商品类成交偏好,男装-卫衣,8.95%,609.9686285532181
电商品类成交偏好,男装-棉裤,0.75%,954.4263083097488
电商品类成交偏好,男装-毛呢大衣,0.55%,658.0162732133241
电商品类成交偏好,男装-Polo衫,6.06%,677.6304234726429
电商品类成交偏好,男装-羊毛衫,1.93%,952.8667258874498
电商品类成交偏好,男装-风衣,0.35%,682.642827803141
电商品类成交偏好,男装-羽绒马甲,0.42%,808.7292616937834
电商品类成交偏好,男装-针织衫毛衣,5.26%,598.3351115641264
电商品类成交偏好,男装-西服,1.93%,508.49748425739307
电商品类成交偏好,男装-中老年男装,2.76%,750.540794867726
电商品类成交偏好,男装-夹克,9.36%,587.305574202941
电商品类成交偏好,男装-牛仔裤,7.63%,489.2628854870802
电商品类成交偏好,男装-卫裤,3.43%,627.9132669106656
电商品类成交偏好,男装-马甲,2.05%,860.7003465210196
电商品类成交偏好,男装-棉衣,4.19%,568.4338618850368
电商品类成交偏好,男装-套装,3.33%,555.4121324964663
电商品类成交偏好,男装-皮衣,1.2%,693.0972207509168
电商品类成交偏好,男装-羽绒裤,0.39%,1209.632509889407
电商品类成交偏好,男装-民族服装,0.41%,745.3326374139182
电商品类成交偏好,男装-休闲裤,16.57%,615.370908295019
电商品类成交偏好,男装-短裤,6.48%,645.5131220984614
电商品类成交偏好,男装-大码男装,1.73%,621.3820382729003
电商品类成交偏好,男装-羽绒服,5.49%,719.0729527430759
电商品类成交偏好,男装-衬衫,3.92%,627.3330065511428
电商品类成交偏好,男装-背心,2.91%,719.7155385678202
电商品类成交偏好,男装-羊绒衫,0.59%,1122.1862714135027
电商品类成交偏好,收纳整理-家庭收纳用具,22.91%,872.8011927581811
电商品类成交偏好,收纳整理-车载收纳,0.2%,609.021353502143
电商品类成交偏好,收纳整理-家庭整理用具,15.16%,898.6141913410395
电商品类成交偏好,收纳整理-旅行收纳用具,1.79%,836.8456191582438
电商品类成交偏好,收纳整理-家庭防尘用具,6.03%,905.8696414645565
电商品类成交偏好,收纳整理-衣物洗晒护理用具,13.6%,919.6405746150858
电商品类成交偏好,居家布艺-刺绣套件,0.028%,1160.9702943916882
电商品类成交偏好,居家布艺-地垫,5.54%,1051.9934520706663
电商品类成交偏好,居家布艺-餐桌布艺,3.76%,1006.8709204522916
电商品类成交偏好,居家布艺-床边毯,0.029%,1243.4249468620733
电商品类成交偏好,居家布艺-坐垫椅垫沙发垫,4.51%,980.2849050188005
电商品类成交偏好,居家布艺-防尘保护罩,2.84%,850.0970707676307
电商品类成交偏好,居家布艺-十字绣及工具配件,0.26%,586.8899684366576
电商品类成交偏好,居家布艺-居家鞋凉拖棉拖(新),15.21%,882.0923005998349
电商品类成交偏好,居家布艺-海绵垫布料面料手工diy,1.38%,852.7851979821339
电商品类成交偏好,居家布艺-窗帘门帘及配件,1.97%,848.17073572853
电商品类成交偏好,居家布艺-缝纫DIY材料、工具及成品,7.41%,736.2199017987259
电商品类成交偏好,居家布艺-地毯,2.18%,868.047590325476
电商品类成交偏好,居家布艺-靠枕抱枕新,2.64%,866.7001675079401
电商品类成交偏好,居家布艺-家纺布艺布料面料缝制服务,0.28%,889.7201728660485
电商品类成交偏好,居家布艺-毛巾浴巾浴袍,13.7%,867.6261539061611
电商品类成交偏好,美容护肤-防晒,7.67%,706.3430708280142
电商品类成交偏好,美容护肤-男士护肤,2.43%,464.0767722397693
电商品类成交偏好,美容护肤-面部护肤,0%,-
电商品类成交偏好,美容护肤-旅行装体验装,1.21%,712.4148412712158
电商品类成交偏好,美容护肤-唇部护理,2.69%,807.0080473919356
电商品类成交偏好,美容护肤-眼部护理,7.19%,947.2468627255735
电商品类成交偏好,美容护肤-T区护理,1.35%,435.9396447207857
电商品类成交偏好,海鲜水产-海鲜水产及制品,0.26%,1911.4290884035431
电商品类成交偏好,海鲜水产-生鲜卡券,0.19%,779.4305799739294
电商品类成交偏好,服饰配件皮带帽子围巾-围巾丝巾披肩,7.65%,956.9378295891797
电商品类成交偏好,服饰配件皮带帽子围巾-帽子,11.82%,817.1493744373865
电商品类成交偏好,服饰配件皮带帽子围巾-DIY编织材料包,0.46%,590.8810918162209
电商品类成交偏好,服饰配件皮带帽子围巾-耳套,0.32%,822.8592366130698
电商品类成交偏好,服饰配件皮带帽子围巾-腰带皮带腰链,5.42%,590.3366585076576
电商品类成交偏好,服饰配件皮带帽子围巾-防晒护具,0.0016%,671.0827407988056,9.26%,833.1951170121405
电商品类成交偏好,服饰配件皮带帽子围巾-口袋巾,0.023%,769.1125519736212
电商品类成交偏好,服饰配件皮带帽子围巾-手套,1.86%,816.2481047147392
电商品类成交偏好,服饰配件皮带帽子围巾-袖扣,0.77%,790.0690674834169
电商品类成交偏好,服饰配件皮带帽子围巾-袖套,0.63%,771.7037860610945
电商品类成交偏好,服饰配件皮带帽子围巾-鞋包皮带配件,7.57%,640.261550904447
电商品类成交偏好,服饰配件皮带帽子围巾-围巾手套帽子套件,0.35%,620.4111420413649
电商品类成交偏好,服饰配件皮带帽子围巾-婚纱礼服配件,0.25%,621.5211566472336
电商品类成交偏好,服饰配件皮带帽子围巾-领部配件,0.46%,708.9246836913935
电商品类成交偏好,3C数码配件-手机配件,20.8%,406.0831253576084
电商品类成交偏好,3C数码配件-USB数码周边,4.38%,654.133775057897
电商品类成交偏好,3C数码配件-数码周边,1.13%,492.57709395327964
电商品类成交偏好,3C数码配件-直播摄影周边设备,1.66%,572.8826248224657
电商品类成交偏好,3C数码配件-笔记本电脑配件,0.47%,409.8728902829392
电商品类成交偏好,3C数码配件-数码包收纳整理,2.39%,656.947720444677
电商品类成交偏好,3C数码配件-MP3MP4配件,0.25%,335.0930937406678
电商品类成交偏好,3C数码配件-平板电脑配件,0.5%,337.7574310960279
电商品类成交偏好,3C数码配件-干电池充电电池套,3.71%,1060.57296444295
电商品类成交偏好,3C数码配件-便携电源,3.25%,684.7706219706525
电商品类成交偏好,3C数码配件-车载数码配件,1.58%,665.5032065371877
电商品类成交偏好,女鞋-高跟鞋,2.41%,639.5128202627172
电商品类成交偏好,女鞋-凉鞋,7.95%,782.0806745598014
电商品类成交偏好,女鞋-帆布鞋,1.22%,711.7695820079635
电商品类成交偏好,女鞋-高帮鞋,0.98%,987.0684721990541
电商品类成交偏好,女鞋-拖鞋,9.33%,745.0052417658201
电商品类成交偏好,女鞋-低帮鞋,19.83%,754.1827848365314
电商品类成交偏好,女鞋-女鞋配件,0.14%,815.6924426602466
电商品类成交偏好,女鞋-雨鞋,0.39%,836.6896825613121
电商品类成交偏好,女鞋-靴子,7.41%,786.2390719202707
电商品类成交偏好,床上用品-被套,2.64%,994.0309699035869
电商品类成交偏好,床上用品-床裙,0.2%,910.1897020929717
电商品类成交偏好,床上用品-休闲毯毛毯绒毯,2.03%,1138.7959784716215
电商品类成交偏好,床上用品-被子,10.13%,1019.8281272169538
电商品类成交偏好,床上用品-枕巾,1.27%,1205.8455587297844
电商品类成交偏好,床上用品-蚊帐,0.54%,635.0387318085379
电商品类成交偏好,床上用品-床品套件,11.21%,841.6744013855063
电商品类成交偏好,床上用品-床盖,2.7%,1108.4186625962739
电商品类成交偏好,床上用品-床笠,2.26%,993.7658990945598
电商品类成交偏好,床上用品-枕套,3.09%,1133.6170539275788
电商品类成交偏好,床上用品-床品配件,0.94%,1008.8725339555742
电商品类成交偏好,床上用品-凉席,3.78%,989.6591340480603
电商品类成交偏好,床上用品-床幔,0.073%,269.12096687283713
电商品类成交偏好,床上用品-床单,3.2%,1025.8116636520829
电商品类成交偏好,床上用品-床品定制定做,0.47%,1246.842135773319
电商品类成交偏好,床上用品-床罩,0.19%,911.9692011394484
电商品类成交偏好,床上用品-枕头,8.21%,934.0476354905834
电商品类成交偏好,床上用品-床垫床褥床护垫榻榻米床垫,1.9%,869.311520407575
电商品类成交偏好,传统滋补营养品-食疗滋补营养,8.24%,1341.8320947988054
电商品类成交偏好,传统滋补营养品-阿胶膏方,2.05%,964.3966674951754
电商品类成交偏好,传统滋补营养品-参类滋补品,2.99%,1512.2536994558814
电商品类成交偏好,传统滋补营养品-蜂蜜及其制品,2.81%,1552.6663893633647
电商品类成交偏好,传统滋补营养品-滋补养生原料,8.26%,1563.6464830631155
电商品类成交偏好,传统滋补营养品-参茸贵细,1.05%,1385.1590098639072
电商品类成交偏好,传统滋补营养品-灵芝,0.54%,1943.526741556935
电商品类成交偏好,传统滋补营养品-鹿茸,0.64%,1066.1142777745356
电商品类成交偏好,传统滋补营养品-冬虫夏草,0.13%,1270.5919977511808
电商品类成交偏好,传统滋补营养品-枸杞及其制品,6.35%,1114.393224518788
电商品类成交偏好,传统滋补营养品-燕窝滋补品,1.26%,1217.1454792248705
电商品类成交偏好,传统滋补营养品-石斛枫斗,0.53%,2027.712494777346
电商品类成交偏好,传统滋补营养品-养生茶,2.28%,1138.779628540669
电商品类成交偏好,传统滋补营养品-药食同源食品,10.19%,1597.0317636829413
电商品类成交偏好,时尚饰品-DIY配件,1.65%,774.2840305004265
电商品类成交偏好,时尚饰品-发饰,16.23%,676.2726356930946
电商品类成交偏好,时尚饰品-首饰收纳,0.71%,944.3117488231027
电商品类成交偏好,时尚饰品-胸针,0.72%,935.2274988019524
电商品类成交偏好,时尚饰品-项链,0%,-
电商品类成交偏好,时尚饰品-耳饰,7.5%,571.4192159528299
电商品类成交偏好,时尚饰品-手镯,1.99%,736.4933959952385
电商品类成交偏好,时尚饰品-银饰,5.09%,782.5831157654859
电商品类成交偏好,时尚饰品-戒指指环,3.2%,604.5409708592973
电商品类成交偏好,时尚饰品-手链,3.96%,646.5156651628173
电商品类成交偏好,时尚饰品-项坠吊坠,2.34%,807.5407681879129
电商品类成交偏好,时尚饰品-脚链,0.17%,692.3204273870293
电商品类成交偏好,时尚饰品-婚庆饰品,0.051%,623.4709719110027
电商品类成交偏好,家居饰品-创意饰品,1.21%,755.882282580812
电商品类成交偏好,家居饰品-蜡烛烛台,0.47%,1053.0888298878278
电商品类成交偏好,家居饰品-摆件,6.47%,867.4602036186739
电商品类成交偏好,家居饰品-汽车用品内饰品,2.74%,567.8378001864307
电商品类成交偏好,家居饰品-流水摆件,0.098%,797.2301341571424
电商品类成交偏好,家居饰品-装饰挂钩,0.33%,1011.9381179874679
电商品类成交偏好,家居饰品-装饰挂牌,0.16%,995.3912161456865
电商品类成交偏好,家居饰品-家居香薰,13.49%,802.3194819263845
电商品类成交偏好,家居饰品-贴饰,7.02%,936.2642077240777
电商品类成交偏好,家居饰品-装饰画,2.41%,747.316863174623
电商品类成交偏好,家居饰品-其他工艺饰品,0.57%,807.0190972597027
电商品类成交偏好,家居饰品-相框画框,0.84%,616.4375557407737
电商品类成交偏好,家居饰品-装饰器皿,1.49%,896.7726895690506
电商品类成交偏好,家居饰品-照片照片墙,0.34%,696.8083560810301
电商品类成交偏好,家居饰品-家居钟饰闹钟,0.27%,796.7879157093648
电商品类成交偏好,家居饰品-工艺扇,0.19%,549.417273668757
电商品类成交偏好,家居饰品-户外庭院摆件,0.13%,983.2181632695538
电商品类成交偏好,书籍杂志报纸-考试教材教辅论文,8.73%,669.631425085392
电商品类成交偏好,书籍杂志报纸-工具书百科全书,0.39%,987.4516835620615
电商品类成交偏好,书籍杂志报纸-科学科学研究,0.052%,919.6908530176307
电商品类成交偏好,书籍杂志报纸-哲学和宗教,2.45%,783.4343130359857
电商品类成交偏好,书籍杂志报纸-政治军事,0.26%,671.4102444324255
电商品类成交偏好,书籍杂志报纸-艺术,0.6%,710.4531498198154
电商品类成交偏好,书籍杂志报纸-计算机网络,0.61%,538.9342831980869
电商品类成交偏好,书籍杂志报纸-经济,1.36%,570.1303856649278
电商品类成交偏好,书籍杂志报纸-历史,1.29%,824.9269624338424
电商品类成交偏好,书籍杂志报纸-字帖练字帖练字板毛笔字贴,1.09%,631.3524522471355
电商品类成交偏好,书籍杂志报纸-知识服务读书卡,4.23%,611.674896053363
电商品类成交偏好,书籍杂志报纸-图书周边,0.43%,641.2221423724618
电商品类成交偏好,书籍杂志报纸-报纸期刊订阅,0.5%,863.8767029154835
电商品类成交偏好,书籍杂志报纸-工业农业技术,0.87%,504.8589517698514
电商品类成交偏好,书籍杂志报纸-其他,0.11%,797.5963887746482
电商品类成交偏好,书籍杂志报纸-医学卫生,0.49%,908.4015758449898
电商品类成交偏好,书籍杂志报纸-社会科学,4.7%,688.465450423062
电商品类成交偏好,书籍杂志报纸-小说,0.73%,444.23133972616034
电商品类成交偏好,书籍杂志报纸-育儿书籍,1.48%,745.7773130184776
电商品类成交偏好,书籍杂志报纸-自由组合套装,3.01%,868.3459120229264
电商品类成交偏好,书籍杂志报纸-保健心理类书籍,0.98%,996.1889182578933
电商品类成交偏好,书籍杂志报纸-残损库存品外观瑕疵品,0.38%,667.6762863012091
电商品类成交偏好,书籍杂志报纸-儿童读物童书,7.47%,765.2936975674775
电商品类成交偏好,书籍杂志报纸-自然科学,0.78%,845.2283991114527
电商品类成交偏好,书籍杂志报纸-网络原创,0.063%,599.4778187509453
电商品类成交偏好,书籍杂志报纸-文学,2.74%,752.9852206527319
电商品类成交偏好,书籍杂志报纸-期刊报纸现刊单刊过刊,0.37%,937.865113580022
电商品类成交偏好,书籍杂志报纸-生活,2.27%,917.4789477240756
电商品类成交偏好,书籍杂志报纸-外语语言文字,0.48%,823.7085836301288
电商品类成交偏好,书籍杂志报纸-旅游,0.025%,681.779434770615
电商品类成交偏好,书籍杂志报纸-地图地理,0.33%,838.7233485214608
电商品类成交偏好,书籍杂志报纸-传记,0.43%,825.6032395586257
电商品类成交偏好,书籍杂志报纸-自我实现励志,1.41%,602.2496199634961
电商品类成交偏好,书籍杂志报纸-管理,0.46%,617.6860522121715
电商品类成交偏好,书籍杂志报纸-文化信息与知识传播,0.6%,777.1524618906863
电商品类成交偏好,书籍杂志报纸-进口原版书(含港台),0.06%,739.9476578580606
电商品类成交偏好,书籍杂志报纸-漫画动漫漫画集,0.83%,734.8868434480133
电商品类成交偏好,书籍杂志报纸-法律,0.19%,661.894596804829
电商品类成交偏好,鲜花速递花卉仿真绿植园艺-生活鲜花,3.59%,873.2883061790877
电商品类成交偏好,鲜花速递花卉仿真绿植园艺-草本种苗,2.07%,1088.8411593543187
电商品类成交偏好,鲜花速递花卉仿真绿植园艺-创意绿植花卉微景观,0.63%,877.6077333470084
电商品类成交偏好,鲜花速递花卉仿真绿植园艺-药材种子种苗,0.54%,834.5046865103875
电商品类成交偏好,鲜花速递花卉仿真绿植园艺-卡通花创意花,0.12%,381.62672032774543
电商品类成交偏好,鲜花速递花卉仿真绿植园艺-园艺用品,8.26%,922.5209213240993
电商品类成交偏好,鲜花速递花卉仿真绿植园艺-永生花干花,0.54%,720.6066096326869
电商品类成交偏好,鲜花速递花卉仿真绿植园艺-果树行道树,1.9%,778.8008522233489
电商品类成交偏好,鲜花速递花卉仿真绿植园艺-花艺包装材料,0.54%,603.5140076027658
电商品类成交偏好,鲜花速递花卉仿真绿植园艺-花瓶花器花盆花架,3.72%,1003.5074782652661
电商品类成交偏好,鲜花速递花卉仿真绿植园艺-仿真花绿植蔬果成品,1.42%,791.6206350219073
电商品类成交偏好,鲜花速递花卉仿真绿植园艺-鲜花速递(同城),0.51%,421.7225657740823
电商品类成交偏好,鲜花速递花卉仿真绿植园艺-花卉绿植盆栽,9.51%,888.8607371083958
电商品类成交偏好,鲜花速递花卉仿真绿植园艺-花卉蔬果草坪种子,8.03%,823.4649433723345
电商品类成交偏好,运动瑜伽健身球迷用品-跆拳道武术搏击,0.61%,806.2516513239958
电商品类成交偏好,运动瑜伽健身球迷用品-轮滑滑板极限运动,0.4%,719.551311709826
电商品类成交偏好,运动瑜伽健身球迷用品-瑜伽,6.38%,842.3938221321407
电商品类成交偏好,运动瑜伽健身球迷用品-舞蹈健美操体操,0.82%,713.0876861780447
电商品类成交偏好,运动瑜伽健身球迷用品-台球,0.18%,201.18285777935577
电商品类成交偏好,运动瑜伽健身球迷用品-篮球,0.93%,474.9435200378147
电商品类成交偏好,运动瑜伽健身球迷用品-游泳,2.08%,731.6986503276876
电商品类成交偏好,运动瑜伽健身球迷用品-麻将棋牌益智类,0.51%,615.252117768137
电商品类成交偏好,运动瑜伽健身球迷用品-足球,0.2%,389.80697783571344
电商品类成交偏好,运动瑜伽健身球迷用品-毽子空竹民间运动,0.73%,777.0633142509663
电商品类成交偏好,运动瑜伽健身球迷用品-跑步机大型健身器械,0.17%,777.9556155728034
电商品类成交偏好,运动瑜伽健身球迷用品-运动护具,3%,759.9910484757654
电商品类成交偏好,运动瑜伽健身球迷用品-其它运动用品,0.35%,717.3815662224398
电商品类成交偏好,运动瑜伽健身球迷用品-羽毛球,1.5%,550.2263646895856
电商品类成交偏好,运动瑜伽健身球迷用品-乒乓球,0.44%,601.7710836549882
电商品类成交偏好,运动瑜伽健身球迷用品-运动用品,0.33%,413.28164935592736
电商品类成交偏好,运动瑜伽健身球迷用品-运动紧急用品,0.078%,883.0971147574893
电商品类成交偏好,运动瑜伽健身球迷用品-网球,0.4%,722.1045996691706
电商品类成交偏好,运动瑜伽健身球迷用品-棒球,1.58%,795.7067066070006
电商品类成交偏好,运动瑜伽健身球迷用品-踏步机中小型健身器材,11.95%,715.1834714057752
电商品类成交偏好,保健食品膳食营养补充食品-保健食品,5.21%,965.6304433849019
电商品类成交偏好,保健食品膳食营养补充食品-普通膳食营养食品,15.78%,855.7414575100843
电商品类成交偏好,保健食品膳食营养补充食品-海外膳食营养补充食品,8.09%,1166.093044391743
电商品类成交偏好,彩妆香水美妆工具-美体工具,0.29%,589.144559975493
电商品类成交偏好,彩妆香水美妆工具-美妆工具,9.16%,395.7379017500592
电商品类成交偏好,彩妆香水美妆工具-眼部彩妆,8.3%,506.661956946614
电商品类成交偏好,彩妆香水美妆工具-彩妆套装,0.81%,377.77608735299515
电商品类成交偏好,彩妆香水美妆工具-男士香水香膏,0.29%,558.4395918071936
电商品类成交偏好,彩妆香水美妆工具-男士彩妆,0.42%,292.5915022899367
电商品类成交偏好,彩妆香水美妆工具-面部美容工具,1.15%,779.2500478570502
电商品类成交偏好,彩妆香水美妆工具-香水香膏,5.84%,669.7910024742204
电商品类成交偏好,彩妆香水美妆工具-指甲油美甲产品美甲工具,3.19%,400.8880433428273
电商品类成交偏好,彩妆香水美妆工具-其他彩妆,0.16%,494.51187609369686
电商品类成交偏好,彩妆香水美妆工具-面部彩妆,14.57%,497.4939625798705
电商品类成交偏好,彩妆香水美妆工具-唇部彩妆,10.7%,561.5908938170717
电商品类成交偏好,彩妆香水美妆工具-纹身贴,0.37%,397.0446087271157
电商品类成交偏好,彩妆香水美妆工具-体验装,0.24%,661.9993850005724
电商品类成交偏好,学习用品-学习收纳陈列用品,2.4%,795.5072524736755
电商品类成交偏好,学习用品-教学演示展示告示用品,2.77%,723.9441648051803
电商品类成交偏好,学习用品-画具画材书法用品,4.22%,708.6210581459012
电商品类成交偏好,学习用品-文具,12.31%,655.3243447530285
电商品类成交偏好,厨房电器-电热水壶,2.73%,1182.7035876350506
电商品类成交偏好,厨房电器-厨房家电配件,0%,-
电商品类成交偏好,厨房电器-电压力锅,0.88%,1405.8343795718192
电商品类成交偏好,厨房电器-暖菜板保温碟,0.36%,1094.103187905962
电商品类成交偏好,厨房电器-榨汁机原汁机,1.49%,1019.0666899292033
电商品类成交偏好,厨房电器-其它厨房家电,0.69%,1017.5670543198604
电商品类成交偏好,厨房电器-食品保鲜真空机,0.7%,1016.0734407750996
电商品类成交偏好,厨房电器-电炖锅煲汤锅电炖盅,0.61%,1444.07072658898
电商品类成交偏好,厨房电器-茶吧机泡茶机,0.26%,729.1408661947712
电商品类成交偏好,厨房电器-电火煮炒锅,2.24%,998.1023430599707
电商品类成交偏好,厨房电器-微波炉,0.28%,1341.009478693499
电商品类成交偏好,厨房电器-电动打蛋器,0.24%,1399.7329862439926
电商品类成交偏好,厨房电器-空气炸锅,1.4%,1079.247122536263
电商品类成交偏好,厨房电器-破壁机,1.72%,1176.025513743429
电商品类成交偏好,厨房电器-豆浆机,1%,1153.4265447825255
电商品类成交偏好,厨房电器-电蒸锅台式电蒸箱肠粉机,0.53%,1560.3030301337635
电商品类成交偏好,厨房电器-电饼铛可丽饼机薄饼机,1.05%,1447.3176876098594
电商品类成交偏好,厨房电器-绞肉碎肉绞菜机,1.83%,1202.9380360162152
电商品类成交偏好,厨房电器-面条机,0.21%,1207.4900202207139
电商品类成交偏好,厨房电器-磨粉机药材研磨机,0.95%,1175.2247984969533
电商品类成交偏好,厨房电器-其它商用厨电,0.065%,916.5884535393294
电商品类成交偏好,厨房电器-煮蛋器蒸蛋器,1.21%,853.3447107304834
电商品类成交偏好,厨房电器-烤串机电烤炉,0.28%,978.3969801367455
电商品类成交偏好,厨房电器-净水器及配件耗材,1.27%,1172.9458261978423
电商品类成交偏好,厨房电器-养生壶煎药壶,1.5%,1265.566948421014
电商品类成交偏好,厨房电器-电茶炉煮茶器奶茶机,0.35%,1075.4352724620596
电商品类成交偏好,厨房电器-电动抽水器取水器,0.6%,940.3154200744452
电商品类成交偏好,厨房电器-三明治机,0.14%,1177.1572748285455
电商品类成交偏好,厨房电器-电饭煲,3.26%,1428.8351587465813
电商品类成交偏好,厨房电器-电磁炉陶炉,1.06%,1175.5216618901918
电商品类成交偏好,厨房电器-多功能料理锅,1.06%,1458.336544194607
电商品类成交偏好,厨房电器-搅拌料理机,1.86%,1333.426691637133
电商品类成交偏好,厨房电器-电热杯,0.43%,1108.977607457842
电商品类成交偏好,童装婴儿装亲子装-儿童牛仔,4.51%,703.1700646809666
电商品类成交偏好,童装婴儿装亲子装-连身衣爬服哈衣,2.32%,810.2460227585053
电商品类成交偏好,童装婴儿装亲子装-套装,7.83%,673.5551086040591
电商品类成交偏好,童装婴儿装亲子装-卫衣绒衫,4.85%,760.0374595752335
电商品类成交偏好,童装婴儿装亲子装-背心吊带,2.55%,897.8288187753927
电商品类成交偏好,童装婴儿装亲子装-肚兜肚围护脐带,0.43%,899.4108196842628
电商品类成交偏好,童装婴儿装亲子装-校服校服定制,0.37%,765.4566140382614
电商品类成交偏好,童装婴儿装亲子装-儿童配饰,3.41%,755.9492193272133
电商品类成交偏好,童装婴儿装亲子装-棉袄棉服,3.99%,729.91906569043
电商品类成交偏好,童装婴儿装亲子装-衬衫,1.93%,907.1841585217612
电商品类成交偏好,童装婴儿装亲子装-反穿衣罩衣,0.99%,901.9132206143574
电商品类成交偏好,童装婴儿装亲子装-毛衣针织衫,4.3%,836.4473843260736
电商品类成交偏好,童装婴儿装亲子装-儿童泳装,0.44%,819.8040828081025
电商品类成交偏好,童装婴儿装亲子装-儿童POLO衫,1.13%,819.8719778166429
电商品类成交偏好,童装婴儿装亲子装-儿童内衣裤,7.53%,842.6615123718439
电商品类成交偏好,童装婴儿装亲子装-马甲,2.65%,966.9081890121273
电商品类成交偏好,童装婴儿装亲子装-裤子,0%,-
电商品类成交偏好,童装婴儿装亲子装-抹胸儿童文胸,0.77%,782.2477352769297
电商品类成交偏好,童装婴儿装亲子装-儿童演出服,0.17%,613.361902323135
电商品类成交偏好,童装婴儿装亲子装-其它,1.07%,682.6378226630483
电商品类成交偏好,童装婴儿装亲子装-婴儿礼盒,0.075%,634.6735049438273
电商品类成交偏好,童装婴儿装亲子装-亲子装亲子时装,1.57%,806.9455932748479
电商品类成交偏好,童装婴儿装亲子装-儿童礼服,0.2%,742.2732651269706
电商品类成交偏好,童装婴儿装亲子装-披风斗篷,0.14%,1131.576716515221
电商品类成交偏好,童装婴儿装亲子装-儿童户外服,4.04%,786.4540847922975
电商品类成交偏好,童装婴儿装亲子装-帽子围巾口罩手套耳套脚套,4%,896.9069550945468
电商品类成交偏好,童装婴儿装亲子装-儿童旗袍唐装民族服装,2.39%,795.0780131319327
电商品类成交偏好,童装婴儿装亲子装-T恤,7.82%,800.1042405575747
电商品类成交偏好,童装婴儿装亲子装-外套夹克大衣,5.47%,770.9603825376046
电商品类成交偏好,童装婴儿装亲子装-儿童家居服,5.56%,848.973356092224
电商品类成交偏好,童装婴儿装亲子装-羽绒服饰羽绒内胆,5.16%,813.3099255493321
电商品类成交偏好,童装婴儿装亲子装-裙子,2.92%,756.2202172403283
电商品类成交偏好,童装婴儿装亲子装-包包,0.29%,824.9464353634959
电商品类成交偏好,婴童用品-防撞提醒安全保护,1.08%,1027.8669982099218
电商品类成交偏好,婴童用品-婴儿手推车学步车,0.69%,988.6151291580597
电商品类成交偏好,婴童用品-汽车安全座椅安全背带,0.087%,880.0302506854347
电商品类成交偏好,婴童用品-宝宝如厕用品,0.57%,981.9360647169981
电商品类成交偏好,婴童用品-水杯餐具研磨辅食小家电,5.42%,891.4211189562552
电商品类成交偏好,婴童用品-宝宝清洁液洗衣液柔顺剂,2.01%,1053.0988064143621
电商品类成交偏好,婴童用品-其它婴童用品,1.56%,918.3051293962537
电商品类成交偏好,婴童用品-理发指甲钳等护理小用品,2.28%,773.4612280842099
电商品类成交偏好,婴童用品-宝宝护肤,8.21%,832.7493256379919
电商品类成交偏好,婴童用品-婴儿湿巾,0%,-
电商品类成交偏好,婴童用品-奶瓶奶瓶相关,1.5%,826.0975088617888
电商品类成交偏好,婴童用品-母婴用纸,0%,-
电商品类成交偏好,婴童用品-童床婴儿床摇篮床护栏,0.42%,919.796928781384
电商品类成交偏好,婴童用品-宝宝洗浴,6.05%,838.0898916059366
电商品类成交偏好,婴童用品-驱蚊用品,2.96%,1093.230857242009
电商品类成交偏好,婴童用品-婴儿棉柔巾,0%,-
电商品类成交偏好,婴童用品-消毒暖奶喂养小家电,0.36%,711.9381804041128
电商品类成交偏好,婴童用品-儿童房桌椅家具,1.04%,963.9632592831967
电商品类成交偏好,婴童用品-背带学步带出行用品,1.28%,904.3960467158437
电商品类成交偏好,婴童用品-牙胶牙刷牙膏,5.31%,904.0680094684326
电商品类成交偏好,婴童用品-睡袋凉席枕头床品,0.78%,1006.8420210890945
电商品类成交偏好,婴童用品-奶嘴奶嘴相关,0.77%,974.8861454794833
电商品类成交偏好,箱包-卡套,0%,-
电商品类成交偏好,箱包-功能箱包,5.24%,764.6100304135562
电商品类成交偏好,箱包-男士包袋,1.66%,672.1628193689293
电商品类成交偏好,箱包-女士包袋,13.23%,683.2057309139805
电商品类成交偏好,箱包-箱包相关配件,0.65%,884.4358119972235
电商品类成交偏好,玩具童车益智积木模型-儿童机器人变形人偶玩具,0.52%,511.6312967611985
电商品类成交偏好,玩具童车益智积木模型-音乐玩具儿童乐器,0.81%,806.7400985905737
电商品类成交偏好,玩具童车益智积木模型-学习实验绘画文具,4.25%,721.0863070776958
电商品类成交偏好,玩具童车益智积木模型-仿真过家家玩具,1.18%,700.1601431979617
电商品类成交偏好,玩具童车益智积木模型-童车儿童轮滑,1.39%,820.8023133615995
电商品类成交偏好,玩具童车益智积木模型-游泳池戏水玩具,1.17%,774.5363056278325
电商品类成交偏好,玩具童车益智积木模型-手工制作创意DIY,2.61%,517.49787114471
电商品类成交偏好,玩具童车益智积木模型-积木,0.82%,673.0777457305522
电商品类成交偏好,玩具童车益智积木模型-儿童玩具枪,0.97%,591.5551102805019
电商品类成交偏好,玩具童车益智积木模型-电动遥控玩具零件工具,0.042%,366.4712803301966
电商品类成交偏好,玩具童车益智积木模型-毛绒布艺类玩具,2.52%,378.27027045789083
电商品类成交偏好,玩具童车益智积木模型-电子发光充气整蛊玩具,1.48%,550.412799402759
电商品类成交偏好,玩具童车益智积木模型-解锁迷宫魔方智力玩具,0.62%,674.4631934045186
电商品类成交偏好,玩具童车益智积木模型-儿童包背包箱包,0.31%,763.7191598602839
电商品类成交偏好,玩具童车益智积木模型-儿童棋类桌面游戏,0.96%,732.8236119401757
电商品类成交偏好,玩具童车益智积木模型-串珠拼图配对拆装敲打玩具,3.44%,729.1214464685348
电商品类成交偏好,玩具童车益智积木模型-户外运动休闲传统玩具,2.48%,718.872275187058
电商品类成交偏好,玩具童车益智积木模型-幼儿响铃布玩安抚玩具,1.09%,879.242164888062
电商品类成交偏好,玩具童车益智积木模型-绘画类用品,0.48%,732.8447237540987
电商品类成交偏好,玩具童车益智积木模型-电动遥控惯性发条玩具,1.31%,645.9035070357901
电商品类成交偏好,玩具童车益智积木模型-静态模型,0.69%,538.6791122676134
电商品类成交偏好,玩具童车益智积木模型-娃娃配件,0.26%,538.2662067646578
电商品类成交偏好,玩具童车益智积木模型-幼儿爬行学步健身,0.68%,933.7078056165687
电商品类成交偏好,玩具童车益智积木模型-早教智能玩具,5.21%,737.0289374125445
电商品类成交偏好,玩具童车益智积木模型-彩泥粘土软陶泥,0.78%,599.2081344306027
电商品类成交偏好,玩具童车益智积木模型-宝宝纪念品个性产品,0.51%,689.9885923856135
电商品类成交偏好,玩具童车益智积木模型-游乐教学设备大型设施,0.68%,898.1004618185336
电商品类成交偏好,运动鞋-篮球鞋,0.63%,521.8238955560967
电商品类成交偏好,运动鞋-跑步鞋,8.02%,788.2089279737382
电商品类成交偏好,运动鞋-羽毛球鞋,0.12%,669.1681091520522
电商品类成交偏好,运动鞋-老爹鞋,3.93%,685.5951623512012
电商品类成交偏好,运动鞋-运动拖鞋,0.44%,701.7466487833502
电商品类成交偏好,运动鞋-足球鞋,0.094%,693.2076992487499
电商品类成交偏好,运动鞋-综合训练鞋室内健身鞋,0.45%,1008.8533423449242
电商品类成交偏好,运动鞋-运动沙滩鞋凉鞋,0.4%,919.1968214405756
电商品类成交偏好,运动鞋-其它运动鞋,0.55%,732.1156021163911
电商品类成交偏好,运动鞋-板鞋休闲鞋,6.1%,631.1163358170887
电商品类成交偏好,运动鞋-健步鞋,0.61%,1004.6048799555413
电商品类成交偏好,运动鞋-帆布鞋,0.64%,724.82178942421
电商品类成交偏好,男鞋-皮鞋,2.59%,649.700143025505
电商品类成交偏好,男鞋-拖鞋,3.57%,643.4286188508148
电商品类成交偏好,男鞋-男鞋配件,0.14%,647.1755536354162
电商品类成交偏好,男鞋-靴子,1.52%,569.0004197517572
电商品类成交偏好,男鞋-雨鞋,0.37%,651.7988420938627
电商品类成交偏好,男鞋-高帮鞋,1.76%,601.6159994636317
电商品类成交偏好,男鞋-帆布鞋,0.67%,457.94091548910603
电商品类成交偏好,男鞋-低帮鞋,9.79%,562.8121897220249
电商品类成交偏好,男鞋-凉鞋,2.89%,636.4944834591801
电商品类成交偏好,茶-白茶,1.18%,1049.92096239872
电商品类成交偏好,茶-绿茶,3.76%,829.3170383139586
电商品类成交偏好,茶-红茶,2.65%,933.1856968391644
电商品类成交偏好,茶-多品种茶叶礼盒,0.16%,910.9013337580169
电商品类成交偏好,茶-乌龙茶,1.88%,823.154979899686
电商品类成交偏好,茶-普洱,1.94%,900.9527115862239
电商品类成交偏好,茶-黑茶,0.5%,1425.211970771463
电商品类成交偏好,茶-代用花草水果再加工茶,9.41%,1050.2893964251434
电商品类成交偏好,茶-特色茶,1.44%,1313.502123194692
电商品类成交偏好,汽车用品-汽车内饰用品,9.17%,494.19106959202026
电商品类成交偏好,汽车用品-汽车安全防护用品,3.34%,521.476936842609
电商品类成交偏好,汽车用品-汽车外饰品外饰加装,1.12%,420.43388266696775
电商品类成交偏好,汽车用品-汽车文化,0.05%,479.9450993389827
电商品类成交偏好,汽车用品-汽车服务,0.061%,398.97624238788285
电商品类成交偏好,汽车用品-汽车清洗美容养护,7.68%,487.51071950457253
电商品类成交偏好,汽车用品-汽车电子电器,4.81%,531.1267972172898
电商品类成交偏好,户外登山野营旅行用品-户外服装,0%,-
电商品类成交偏好,户外登山野营旅行用品-户外鞋靴,0%,-
电商品类成交偏好,户外登山野营旅行用品-通讯导航户外表类,0.23%,727.8704320881528
电商品类成交偏好,户外登山野营旅行用品-防护救生装备,1.8%,980.1762106670909
电商品类成交偏好,户外登山野营旅行用品-户外餐饮用品,1.54%,940.2375420738426
电商品类成交偏好,户外登山野营旅行用品-帐篷天幕帐篷配件,1.04%,754.3876463869369
电商品类成交偏好,户外登山野营旅行用品-睡袋,0.11%,932.6738298975849
电商品类成交偏好,户外登山野营旅行用品-刀具多用工具,1.25%,757.3609385111203
电商品类成交偏好,户外登山野营旅行用品-防潮垫地席枕头,0.58%,1022.5216906765606
电商品类成交偏好,户外登山野营旅行用品-登山攀岩攀冰,0.18%,680.5151681740888
电商品类成交偏好,户外登山野营旅行用品-洗漱清洁护理用品,3.92%,811.2595745573142
电商品类成交偏好,户外登山野营旅行用品-户外休闲家具,2.78%,851.8562031873848
电商品类成交偏好,户外登山野营旅行用品-望远镜夜视仪户外眼镜,0.64%,705.3018384240385
电商品类成交偏好,户外登山野营旅行用品-滑雪装备,0.35%,566.4487569025459
电商品类成交偏好,户外登山野营旅行用品-登山杖手杖,0.4%,938.9612380093031
电商品类成交偏好,户外登山野营旅行用品-垂钓装备,3.03%,401.0563347024764
电商品类成交偏好,户外登山野营旅行用品-旅行便携装备,0.3%,1013.0689497235873
电商品类成交偏好,户外登山野营旅行用品-饮水用具盛水容器,1.18%,1103.6049910064314
电商品类成交偏好,户外登山野营旅行用品-军迷服饰军迷用品,1.05%,594.0923312201402
电商品类成交偏好,户外登山野营旅行用品-户外照明,2.87%,670.6449433755947
电商品类成交偏好,户外登山野营旅行用品-潜水装备,0.11%,716.1280332583933
电商品类成交偏好,个人保健护理电器-其它个人护理,0.18%,826.3279271497706
电商品类成交偏好,个人保健护理电器-美发电器,4.23%,630.0178841335475
电商品类成交偏好,个人保健护理电器-个人清洁电器,0.68%,602.5663090984103
电商品类成交偏好,个人保健护理电器-按摩椅沙发,0.049%,643.1158926480027
电商品类成交偏好,个人保健护理电器-按摩器材,4.72%,823.328922115723
电商品类成交偏好,个人保健护理电器-电子秤,1.59%,849.5775945867782
电商品类成交偏好,个人保健护理电器-保健护具,1.35%,807.9019603011426
电商品类成交偏好,个人保健护理电器-家用护理辅助器材,1.55%,994.3603404357607
电商品类成交偏好,个人保健护理电器-美容美体电器,0.44%,658.344896465492
电商品类成交偏好,个人保健护理电器-男士理容,3.86%,549.4998105413612
电商品类成交偏好,个人保健护理电器-口腔护理,1.1%,550.6847384396324
电商品类成交偏好,运动服休闲服装-运动T恤,4.86%,749.2744093640326
电商品类成交偏好,运动服休闲服装-跑步服,0.45%,903.6901940683
电商品类成交偏好,运动服休闲服装-运动球服,0.42%,650.8395972793143
电商品类成交偏好,运动服休闲服装-运动风衣,0.3%,753.02567331859
电商品类成交偏好,运动服休闲服装-运动卫衣套头衫,1.53%,894.2545946891771
电商品类成交偏好,运动服休闲服装-运动马甲,1.06%,935.9409881526839
电商品类成交偏好,运动服休闲服装-运动裤,7.56%,793.4906872738037
电商品类成交偏好,运动服休闲服装-运动套装,1.71%,748.8645070900161
电商品类成交偏好,运动服休闲服装-运动毛衣线衫,0.11%,959.7031918025986
电商品类成交偏好,运动服休闲服装-运动羽绒服,1.05%,764.9012593316418
电商品类成交偏好,运动服休闲服装-健身服装,1.98%,836.1863252343015
电商品类成交偏好,运动服休闲服装-运动内衣,1.18%,841.7984965518542
电商品类成交偏好,运动服休闲服装-运动棉衣,0.41%,835.2126553553953
电商品类成交偏好,运动服休闲服装-运动茄克外套,2.06%,826.6294377694607
电商品类成交偏好,运动服休闲服装-运动POLO衫,0.82%,724.8695865129764
电商品类成交偏好,运动服休闲服装-运动裙,0.77%,926.1004539115783
电商品类成交偏好,打火机瑞士军刀眼镜-光学眼镜,1.2%,443.9958630122817
电商品类成交偏好,打火机瑞士军刀眼镜-功能眼镜,5.9%,844.6799196812275
电商品类成交偏好,打火机瑞士军刀眼镜-品牌打火机及配件,2.84%,451.4441595899558
电商品类成交偏好,打火机瑞士军刀眼镜-烟具,1.01%,423.8284133594097
电商品类成交偏好,打火机瑞士军刀眼镜-太阳眼镜,0%,-
电商品类成交偏好,打火机瑞士军刀眼镜-眼镜配件、护理剂,1.33%,561.2828673711713
电商品类成交偏好,生活电器-蒸汽挂烫机,0%,-
电商品类成交偏好,生活电器-洗地机及配件耗材,0%,-
电商品类成交偏好,生活电器-电动毛球修剪器,0%,-
电商品类成交偏好,生活电器-电风扇,0%,-
电商品类成交偏好,生活电器-折叠洗衣机,0%,-
电商品类成交偏好,生活电器-电子温湿度计,0%,-
电商品类成交偏好,生活电器-冷风扇,0%,-
电商品类成交偏好,生活电器-扫地机器人及配件耗材,0%,-
电商品类成交偏好,生活电器-取暖器,0%,-
电商品类成交偏好,生活电器-生活商用电器,0.031%,933.9756076774894
电商品类成交偏好,生活电器-生活家电配件,0.8%,814.754122906046
电商品类成交偏好,生活电器-电动清洁刷,0%,-
电商品类成交偏好,生活电器-电暖手器电暖足器,0%,-
电商品类成交偏好,生活电器-干鞋器,0%,-
电商品类成交偏好,生活电器-除螨仪,0%,-
电商品类成交偏好,生活电器-空气循环扇,0%,-
电商品类成交偏好,生活电器-电熨斗,0%,-
电商品类成交偏好,生活电器-干衣机,0%,-
电商品类成交偏好,生活电器-空气消毒机,0%,-
电商品类成交偏好,生活电器-电子灭蚊器,0%,-
电商品类成交偏好,生活电器-吸尘器及配件,0%,-
电商品类成交偏好,生活电器-香薰机,0%,-
电商品类成交偏好,生活电器-电热毯,0%,-
电商品类成交偏好,生活电器-加湿器,0%,-
电商品类成交偏好,生活电器-其它生活家电,0.38%,753.136140952532
电商品类成交偏好,农用物资-肥料,13.04%,774.5252828617195
电商品类成交偏好,农用物资-微生物菌剂,0.33%,712.824324224832
电商品类成交偏好,农用物资-助剂添加剂,0.33%,570.3326714131218
电商品类成交偏好,农用物资-农药,0.65%,707.3060026984418
电商品类成交偏好,农用物资-种子种苗,0.67%,676.3326920331383
电商品类成交偏好,农用物资-园林养护物资,0.22%,893.746347947479
电商品类成交偏好,基础建材-新型装饰材料,0%,-
电商品类成交偏好,基础建材-水管管材,0%,-
电商品类成交偏好,基础建材-胶类,7.41%,815.6989821596353
电商品类成交偏好,基础建材-门窗密封条,0.81%,747.1738319881503
电商品类成交偏好,基础建材-家用五金,2.49%,708.2708791427029
电商品类成交偏好,基础建材-配件专区,0.8%,694.2032903520737
电商品类成交偏好,基础建材-其它基础建材,0.0031%,743.8718490407246
电商品类成交偏好,基础建材-隔热材料,0%,-
电商品类成交偏好,基础建材-清洁修复,0.43%,835.9180348739347
电商品类成交偏好,基础建材-板材,0%,-
电商品类成交偏好,基础建材-线条,0%,-
电商品类成交偏好,基础建材-防水材料,3.85%,683.8986777897356
电商品类成交偏好,基础建材-涂料（乳胶漆）,0%,-
电商品类成交偏好,基础建材-油漆,0.99%,680.6438771273665
电商品类成交偏好,五金工具-气动工具,0.31%,518.8689466550039
电商品类成交偏好,五金工具-电气控制,0.52%,660.69660615183
电商品类成交偏好,五金工具-手动工具,5.47%,562.899336978437
电商品类成交偏好,五金工具-劳保用品,3.67%,625.3747215815235
电商品类成交偏好,五金工具-机电五金,0.95%,561.767986116919
电商品类成交偏好,五金工具-紧固件,0.84%,647.983624077873
电商品类成交偏好,五金工具-机械五金,5.2%,651.3125313642512
电商品类成交偏好,五金工具-安全检查设备,0.24%,430.6258987355551
电商品类成交偏好,五金工具-电动工具,1.29%,532.7639686538579
电商品类成交偏好,五金工具-仪器仪表,1.16%,595.8542311699747
电商品类成交偏好,五金工具-刃具,0.8%,550.7639044012088
电商品类成交偏好,酒类-果酒预调酒,2.54%,857.0421907155956
电商品类成交偏好,酒类-啤酒,2.83%,1124.4583154998375
电商品类成交偏好,酒类-黄酒米酒,3.46%,1737.95504185781
电商品类成交偏好,酒类-白酒,5.63%,855.6012209631224
电商品类成交偏好,酒类-葡萄酒,2.3%,997.7211538960596
电商品类成交偏好,酒类-洋酒,0.58%,721.5474815708758
电商品类成交偏好,家装主材-厨房,2.28%,928.3765196686811
电商品类成交偏好,家装主材-晾衣架晾衣杆,0%,-
电商品类成交偏好,家装主材-除醛系列,0.44%,1108.3862662820336
电商品类成交偏好,家装主材-浴霸,0.51%,756.77790133695
电商品类成交偏好,家装主材-阀门系统,0.22%,906.9168195556733
电商品类成交偏好,家装主材-卫浴用品,0.16%,1429.9785659914346
电商品类成交偏好,家装主材-墙纸,0.56%,762.1121842428918
电商品类成交偏好,住宅家具-桌类,0.95%,727.5935295278407
电商品类成交偏好,住宅家具-柜类,1.08%,995.1926436899028
电商品类成交偏好,住宅家具-成套家具,0.13%,851.6286001056869
电商品类成交偏好,住宅家具-户外庭院家具,0.14%,889.4139677313932
电商品类成交偏好,住宅家具-床类,0.44%,829.6575751781967
电商品类成交偏好,住宅家具-床垫类,0.51%,893.8652344682143
电商品类成交偏好,住宅家具-镜子类,0.82%,765.9804995671846
电商品类成交偏好,住宅家具-架类,2.94%,879.5248881809689
电商品类成交偏好,住宅家具-休闲家具,1.12%,764.3996426765447
电商品类成交偏好,住宅家具-坐具类,3.09%,869.7878829933296
电商品类成交偏好,住宅家具-儿童家具,2.84%,891.9600783790562
电商品类成交偏好,住宅家具-家具辅料,0%,-
电商品类成交偏好,住宅家具-沙发类,0.53%,749.7601880346376
电商品类成交偏好,住宅家具-几类,0.67%,895.5637829835416
电商品类成交偏好,宠物宠物食品及用品-猫狗日用品,3.08%,679.014489666443
电商品类成交偏好,宠物宠物食品及用品-猫主粮,0%,-
电商品类成交偏好,宠物宠物食品及用品-仓鼠类及其它小宠,0.43%,424.2909564549404
电商品类成交偏好,宠物宠物食品及用品-其它宠物,0.002%,826.6890781737026
电商品类成交偏好,宠物宠物食品及用品-鸟类及用品,0.95%,708.5165047955265
电商品类成交偏好,宠物宠物食品及用品-猫狗美容清洁用品,3.86%,659.77724177891
电商品类成交偏好,宠物宠物食品及用品-狗零食,0%,-
电商品类成交偏好,宠物宠物食品及用品-猫狗玩具,2.03%,555.163270736914
电商品类成交偏好,宠物宠物食品及用品-动物药品及药剂,1.85%,736.3745899987056
电商品类成交偏好,宠物宠物食品及用品-猫狗通用食品,1.22%,810.0579596835037
电商品类成交偏好,宠物宠物食品及用品-水族世界,2.41%,652.5849143614828
电商品类成交偏好,宠物宠物食品及用品-猫狗保健品,1.98%,749.7026992153459
电商品类成交偏好,宠物宠物食品及用品-犬主粮,0%,-
电商品类成交偏好,宠物宠物食品及用品-猫零食（新）,2.37%,607.0949156845221
电商品类成交偏好,宠物宠物食品及用品-宠物服饰及配件,1.33%,720.1642656811028
电商品类成交偏好,宠物宠物食品及用品-兔类及其用品,0.2%,518.7378323816678
电商品类成交偏好,医疗器械-防护用品,0.83%,992.484359357741
电商品类成交偏好,医疗器械-家庭护理,5.16%,733.7505203775133
电商品类成交偏好,医疗器械-医用敷料,0.74%,695.6819216428544
电商品类成交偏好,医疗器械-健康监测,2.03%,1066.8101517711825
电商品类成交偏好,童鞋婴儿鞋亲子鞋-拖鞋,2.5%,841.5542727347264
电商品类成交偏好,童鞋婴儿鞋亲子鞋-凉鞋,2.25%,823.1296842989757
电商品类成交偏好,童鞋婴儿鞋亲子鞋-儿童雨衣雨鞋雨靴,0.18%,992.0084511502848
电商品类成交偏好,童鞋婴儿鞋亲子鞋-婴儿步前鞋袜鞋,0.8%,1064.1092159104114
电商品类成交偏好,童鞋婴儿鞋亲子鞋-皮鞋,0.68%,725.7598645304425
电商品类成交偏好,童鞋婴儿鞋亲子鞋-皮靴棉靴,0.64%,717.7451105509506
电商品类成交偏好,童鞋婴儿鞋亲子鞋-板鞋,1.38%,736.7612130920074
电商品类成交偏好,童鞋婴儿鞋亲子鞋-运动鞋,0%,-
电商品类成交偏好,童鞋婴儿鞋亲子鞋-学步鞋,2%,972.8827325220825
电商品类成交偏好,童鞋婴儿鞋亲子鞋-传统布鞋手工编织鞋,0.1%,1009.7497518073326
电商品类成交偏好,童鞋婴儿鞋亲子鞋-棉鞋,1.56%,805.4787874559547
电商品类成交偏好,童鞋婴儿鞋亲子鞋-雪地靴,1.08%,782.6720164523625
电商品类成交偏好,童鞋婴儿鞋亲子鞋-帆布鞋,0.27%,859.980899877012
电商品类成交偏好,童鞋婴儿鞋亲子鞋-鞋配件,0.33%,854.9461529393909
电商品类成交偏好,童鞋婴儿鞋亲子鞋-亲子鞋,0.39%,769.1388522851344
电商品类成交偏好,电动车配件交通工具-电动车零配件,2.77%,622.529911466459
电商品类成交偏好,电动车配件交通工具-电动车装备区,6.58%,684.6423378041138
电商品类成交偏好,电动车配件交通工具-电动车整车,0.21%,557.4898718042626
电商品类成交偏好,电动车配件交通工具-电动车维修工具,0.46%,613.5861628730316
电商品类成交偏好,运动包户外包配件-腰包,0.48%,787.3065297995713
电商品类成交偏好,运动包户外包配件-雨衣雨裤雨披,0.4%,933.9101569491442
电商品类成交偏好,运动包户外包配件-挎包拎包休闲包,0.48%,655.9269942198864
电商品类成交偏好,运动包户外包配件-运动首饰,0.11%,341.27857440946144
电商品类成交偏好,运动包户外包配件-运动鼓包旅行包,0.087%,795.1097937607988
电商品类成交偏好,运动包户外包配件-头巾遮耳,0.28%,1038.147347344394
电商品类成交偏好,运动包户外包配件-运动袜,4.46%,569.7132416153622
电商品类成交偏好,运动包户外包配件-手套,0.16%,612.7533636917202
电商品类成交偏好,运动包户外包配件-收纳配件包,0.1%,823.1656473286683
电商品类成交偏好,运动包户外包配件-腰带,0.29%,623.9539208766618
电商品类成交偏好,运动包户外包配件-手包,0.047%,835.2814497602749
电商品类成交偏好,运动包户外包配件-钱包卡套,0.33%,859.6435866051653
电商品类成交偏好,运动包户外包配件-运动帽,0.84%,715.2445858659985
电商品类成交偏好,运动包户外包配件-双肩背包,0.83%,679.5532525812756
电商品类成交偏好,运动包户外包配件-防水箱包,0.89%,683.3209107222328
电商品类成交偏好,运动包户外包配件-单肩背包,0.25%,674.1409947813723
电商品类成交偏好,影音电器-其它影音产品,0.24%,704.2629186752858
电商品类成交偏好,影音电器-网络高清播放器,0.0072%,654.2536342251134
电商品类成交偏好,影音电器-麦克风话筒,0.27%,578.98770722047
电商品类成交偏好,影音电器-MP3MP4iPod录音笔,0.059%,519.0063423397072
电商品类成交偏好,影音电器-随身听便携视听收音,0.11%,1010.7450737376648
电商品类成交偏好,影音电器-耳机,4.81%,397.4555093414958
电商品类成交偏好,影音电器-音箱音响,1.64%,628.7613511800009
电商品类成交偏好,影音电器-外置声卡,0.077%,414.8600729374013
电商品类成交偏好,影音电器-数字电视机顶盒,0.0053%,712.0126415178001
电商品类成交偏好,影音电器-影音家电配件,1.85%,633.2621321878395
电商品类成交偏好,奶粉辅食营养品零食-儿童奶粉,0%,-
电商品类成交偏好,奶粉辅食营养品零食-宝宝辅食,3.65%,1421.8781349195028
电商品类成交偏好,奶粉辅食营养品零食-其它,1.44%,1570.3840170024798
电商品类成交偏好,奶粉辅食营养品零食-婴幼儿牛奶粉（3段）,0%,-
电商品类成交偏好,奶粉辅食营养品零食-婴童零食,2.31%,1519.622709946525
电商品类成交偏好,奶粉辅食营养品零食-婴童调味品,1.59%,2739.8660017751085
电商品类成交偏好,奶粉辅食营养品零食-婴童营养品,2.81%,1219.1685785681093
电商品类成交偏好,节庆用品文创-节日用品,4.89%,822.9463790222283
电商品类成交偏好,节庆用品文创-文化创意用品,1.85%,804.2254259823549
电商品类成交偏好,移动联通电信充值中心-电信话费充值卡,1.68%,459.1893363675174
电商品类成交偏好,移动联通电信充值中心-中国联通充值卡,1.41%,453.7611892925368
电商品类成交偏好,移动联通电信充值中心-中国移动充值卡,4.13%,485.2807656128764
电商品类成交偏好,文玩木作书画钱币-趣味收藏,0.25%,737.2100080261494
电商品类成交偏好,文玩木作书画钱币-石雕,0%,-
电商品类成交偏好,文玩木作书画钱币-书法绘画,0.3%,775.1491488535588
电商品类成交偏好,文玩木作书画钱币-红木家具,0.12%,1179.8527278425142
电商品类成交偏好,文玩木作书画钱币-菩提核桃,2.09%,533.0415919264291
电商品类成交偏好,文玩木作书画钱币-香道器具,0.69%,1259.007017498247
电商品类成交偏好,文玩木作书画钱币-钱币,0.64%,795.9464762417841
电商品类成交偏好,文玩木作书画钱币-刀剑相关,0.24%,456.3629974559807
电商品类成交偏好,文玩木作书画钱币-葫芦,0%,-
电商品类成交偏好,文玩木作书画钱币-观赏石奇石矿物晶体,0.2%,1063.4169890234436
电商品类成交偏好,文玩木作书画钱币-沉香,0.74%,1198.9945970645572
电商品类成交偏好,文玩木作书画钱币-金属搪瓷器具,0.32%,801.5389912476666
电商品类成交偏好,文玩木作书画钱币-文玩木串,1.56%,794.5454053209917
电商品类成交偏好,文玩木作书画钱币-收藏品保养鉴定工具,0.26%,647.4516744240157
电商品类成交偏好,药品-非处方药,5.78%,761.073230900334
电商品类成交偏好,家装灯饰光源-光源,1.76%,792.4876965361027
电商品类成交偏好,家装灯饰光源-家装类灯饰,1.07%,745.5434688753891
电商品类成交偏好,家装灯饰光源-家居类灯饰,2.04%,783.9232205790025
电商品类成交偏好,家装灯饰光源-无主灯类灯饰,0.26%,686.4109235006977
电商品类成交偏好,家装灯饰光源-护眼灯饰,1.22%,877.0086893596357
电商品类成交偏好,家装灯饰光源-室外灯饰,0.63%,743.8896354128022
电商品类成交偏好,翡翠和田玉琥珀蜜蜡其他玉石-琥珀蜜蜡,0.75%,1070.1791401894286
电商品类成交偏好,翡翠和田玉琥珀蜜蜡其他玉石-翡翠,1.48%,962.5227875692831
电商品类成交偏好,翡翠和田玉琥珀蜜蜡其他玉石-其他天然玉石,3.03%,896.1219300527223
电商品类成交偏好,翡翠和田玉琥珀蜜蜡其他玉石-和田玉,2.37%,1040.8474883716408
电商品类成交偏好,陶瓷紫砂建盏茶周边-茶道器具,4.25%,934.3211212527533
电商品类成交偏好,陶瓷紫砂建盏茶周边-陶瓷瓷片,1.37%,1159.0344768556515
电商品类成交偏好,陶瓷紫砂建盏茶周边-紫砂,1.02%,951.3670274487943
电商品类成交偏好,陶瓷紫砂建盏茶周边-建盏,0.21%,823.3876745367711
电商品类成交偏好,汽车零配件-雨刮器,1.87%,473.96302414680787
电商品类成交偏好,汽车零配件-照明系统,0.26%,401.5630656603172
电商品类成交偏好,汽车零配件-其他,0.87%,462.3703545998293
电商品类成交偏好,汽车零配件-点火系统,0.09%,801.2251530489386
电商品类成交偏好,汽车零配件-油品,1.03%,631.705588182429
电商品类成交偏好,汽车零配件-滤芯,0.85%,520.3632745765965
电商品类成交偏好,汽车零配件-外观件,0.33%,413.4657167359567
电商品类成交偏好,汽车零配件-美容维修汽保工具,1.09%,551.8212407739632
电商品类成交偏好,汽车零配件-车用附件,1.18%,512.8477525935493
电商品类成交偏好,黄金彩宝钻石珍珠-钻石首饰,0.16%,1081.497976362934
电商品类成交偏好,黄金彩宝钻石珍珠-k金（素款）,0.39%,1124.2518839453821
电商品类成交偏好,黄金彩宝钻石珍珠-足金首饰（素款）,0.82%,765.3135475073514
电商品类成交偏好,黄金彩宝钻石珍珠-珍珠,2.54%,1052.603690732358
电商品类成交偏好,黄金彩宝钻石珍珠-天然水晶,1.44%,742.2037322732166
电商品类成交偏好,黄金彩宝钻石珍珠-银饰,0%,-
电商品类成交偏好,黄金彩宝钻石珍珠-投资贵金属,0.26%,966.3234541937463
电商品类成交偏好,黄金彩宝钻石珍珠-彩色宝石贵重宝石,1.08%,977.5637196199989
电商品类成交偏好,孕产妇服纺用品营养-孕产妇营养品,1.05%,991.996609383929
电商品类成交偏好,孕产妇服纺用品营养-孕期口腔护理,0.91%,623.1060808580405
电商品类成交偏好,孕产妇服纺用品营养-孕产妇彩妆,0.29%,507.2775888746915
电商品类成交偏好,孕产妇服纺用品营养-孕妇裤托腹裤,0.54%,390.03186905050114
电商品类成交偏好,孕产妇服纺用品营养-妈咪包背婴带,0.13%,817.7773602619691
电商品类成交偏好,孕产妇服纺用品营养-哺乳文胸内裤产检裤,0.68%,527.0326576758276
电商品类成交偏好,孕产妇服纺用品营养-产妇帽孕妇袜孕妇鞋,0.27%,499.8678800641121
电商品类成交偏好,孕产妇服纺用品营养-吸奶器配件,0.19%,588.2712201757167
电商品类成交偏好,孕产妇服纺用品营养-家居服哺乳装秋衣裤,0.51%,482.2791849725421
电商品类成交偏好,孕产妇服纺用品营养-哺乳用品,0.28%,731.301692496156
电商品类成交偏好,孕产妇服纺用品营养-孕产妇运动瑜伽健身,0.17%,468.57470766943356
电商品类成交偏好,孕产妇服纺用品营养-孕妇装,0.48%,391.7618361952706
电商品类成交偏好,孕产妇服纺用品营养-待产用品,1.64%,580.6821864321539
电商品类成交偏好,孕产妇服纺用品营养-孕产妇护肤洗护祛纹,0.77%,585.7127499228318
电商品类成交偏好,孕产妇服纺用品营养-束缚带塑身衣盆骨带,0.51%,595.1568735395011
电商品类成交偏好,自行车骑行装备零配件-骑行服饰骑行装备,2.73%,696.5542427105387
电商品类成交偏好,自行车骑行装备零配件-自行车整车,0.37%,667.8359793281854
电商品类成交偏好,自行车骑行装备零配件-自行车修车工具,0.54%,613.8867753366571
电商品类成交偏好,自行车骑行装备零配件-自行车单车装备,1.24%,625.9404613341671
电商品类成交偏好,自行车骑行装备零配件-自行车零配件,0.49%,688.475397965901
电商品类成交偏好,大家电-厨房大电,0.64%,922.1083991110598
电商品类成交偏好,大家电-冰箱冰吧冰柜,0.44%,843.3251501912862
电商品类成交偏好,大家电-大家电配件,1.61%,857.2076991421018
电商品类成交偏好,大家电-空调,0.51%,766.8864352332071
电商品类成交偏好,大家电-洗衣机,0.68%,824.137431878723
电商品类成交偏好,大家电-电视,0.21%,655.4398789297585
电商品类成交偏好,大家电-热水器,0.55%,789.805566849622
电商品类成交偏好,电子电工-接线板插头,2.68%,853.7091791570045
电商品类成交偏好,电子电工-电工配件,0.19%,586.9906074727107
电商品类成交偏好,电子电工-开关,0.36%,675.5769935537511
电商品类成交偏好,电子电工-防盗报警器材及系统,0.15%,579.7703637979153
电商品类成交偏好,电子电工-监控器材及系统,0.37%,656.5444603228694
电商品类成交偏好,电子电工-插座,0.37%,781.2937029370464
电商品类成交偏好,电子电工-底盒,0.14%,631.5682762360705
电商品类成交偏好,儿童床品家纺-抱被,0.29%,576.9132357543052
电商品类成交偏好,儿童床品家纺-被子,0.64%,1092.6144802236904
电商品类成交偏好,儿童床品家纺-婴童睡袋防踢被,0.9%,1111.6772688164067
电商品类成交偏好,儿童床品家纺-婴童枕头枕芯,1.71%,952.7304960888895
电商品类成交偏好,儿童床品家纺-婴童多件套,0.12%,765.0514235553877
电商品类成交偏好,儿童床品家纺-婴童凉席,0.25%,995.3009641829968
电商品类成交偏好,婴童尿裤-女童成长裤成长护理,0.0074%,539.1543542988114
电商品类成交偏好,婴童尿裤-纸尿裤,2.05%,815.735860164244
电商品类成交偏好,婴童尿裤-布尿裤尿垫,1.05%,891.4567877172182
电商品类成交偏好,婴童尿裤-纸尿片,0.18%,936.7143924794595
电商品类成交偏好,婴童尿裤-特护尿裤,1.11%,757.4519724363379
电商品类成交偏好,婴童尿裤-拉拉裤,1.51%,826.1857610693176
电商品类成交偏好,婴童尿裤-其他,0.071%,928.1020852663854
电商品类成交偏好,购物提货券-购物券礼品卡,2.77%,309.51611687546057
电商品类成交偏好,模玩动漫周边娃圈三坑桌游-卡通动漫周边,0.63%,202.3255382594035
电商品类成交偏好,模玩动漫周边娃圈三坑桌游-影视明星周边,0.12%,168.09853763790625
电商品类成交偏好,模玩动漫周边娃圈三坑桌游-娃衣,0.09%,281.93983282689385
电商品类成交偏好,模玩动漫周边娃圈三坑桌游-二次元古风服装,0.06%,530.2437300068909
电商品类成交偏好,模玩动漫周边娃圈三坑桌游-游戏实物周边,0.15%,219.9898561324242
电商品类成交偏好,模玩动漫周边娃圈三坑桌游-潮玩盲盒,0%,-
电商品类成交偏好,模玩动漫周边娃圈三坑桌游-手办兵人扭蛋,0.22%,260.6531331221373
电商品类成交偏好,模玩动漫周边娃圈三坑桌游-预售模玩,0.035%,106.40616690567077
电商品类成交偏好,模玩动漫周边娃圈三坑桌游-Cosplay服饰道具服务,0.067%,213.62298379224237
电商品类成交偏好,模玩动漫周边娃圈三坑桌游-棋牌桌游,0.73%,489.448649579271
电商品类成交偏好,模玩动漫周边娃圈三坑桌游-聚会魔术演出用品,0.23%,440.5061694958252
电商品类成交偏好,模玩动漫周边娃圈三坑桌游-车船模军模无人机穿越机,0.13%,454.02308413769816
电商品类成交偏好,智能设备-智能设备配件,0.89%,393.5310613407299
电商品类成交偏好,智能设备-智能手环,0.18%,290.3926291162044
电商品类成交偏好,智能设备-智能飞行,0%,-
电商品类成交偏好,智能设备-智能手表,0.98%,464.29881899774745
电商品类成交偏好,智能设备-智能儿童手表,0.36%,642.5839433182061
电商品类成交偏好,智能设备-智能穿戴,0.1%,648.8451993124006
电商品类成交偏好,手工艺非遗技艺-烧造工艺,0.3%,889.839137180088
电商品类成交偏好,手工艺非遗技艺-其他民俗工艺,0.28%,956.1485644838128
电商品类成交偏好,手工艺非遗技艺-雕塑工艺,1.32%,840.1401303732617
电商品类成交偏好,摩托车装备配件-摩托车配件,0.66%,446.14165568145944
电商品类成交偏好,摩托车装备配件-摩托车装饰养护,0.48%,491.96550959702137
电商品类成交偏好,摩托车装备配件-摩托车骑士装备,1.7%,531.3006374125661
电商品类成交偏好,摩托车装备配件-其他摩托车用品,0.12%,431.1862455924083
电商品类成交偏好,办公用品办公设备耗材相关服务-办公用品,3.89%,695.310477214727
电商品类成交偏好,办公用品办公设备耗材相关服务-办公用纸,0.72%,777.8582973148934
电商品类成交偏好,办公用品办公设备耗材相关服务-绳索扎带办公线材,0%,-
电商品类成交偏好,办公用品办公设备耗材相关服务-投影机,0.18%,563.9282720141127
电商品类成交偏好,办公用品办公设备耗材相关服务-打印机,0.29%,750.2184246742014
电商品类成交偏好,办公用品办公设备耗材相关服务-服务类,0.3%,220.27247684146954
电商品类成交偏好,办公用品办公设备耗材相关服务-办公设备配件及相关服务,0%,-
电商品类成交偏好,办公用品办公设备耗材相关服务-胶带,2.55%,801.6980025279933
电商品类成交偏好,全屋智能-智能灯光,0.26%,1008.8249979594185
电商品类成交偏好,全屋智能-智能家庭设备配件,0.26%,878.9671109170168
电商品类成交偏好,全屋智能-智能安防,0.91%,667.2591186324441
电商品类成交偏好,全屋智能-智能家居系统,0.49%,663.1798181754231
电商品类成交偏好,农机农具农膜-农业工具,1.07%,653.8083939361494
电商品类成交偏好,农机农具农膜-农膜篷布遮网大棚,0.72%,765.6409137949855
电商品类成交偏好,农机农具农膜-农业机械,0.99%,542.2611942027306
电商品类成交偏好,生活娱乐充值-影视会员,0.31%,362.5071073875468
电商品类成交偏好,生活娱乐充值-音频FM,0.16%,296.41412081438006
电商品类成交偏好,生活娱乐充值-出行服务,0.13%,234.98960771170044
电商品类成交偏好,生活娱乐充值-网络工具,0.14%,220.6480134011636
电商品类成交偏好,生活娱乐充值-其他会员充值,2.77%,610.7203720349155
电商品类成交偏好,钟表类-配件,0.34%,509.07189961523375
电商品类成交偏好,钟表类-腕表,1.98%,573.7812297414081
电商品类成交偏好,手机-智能机,1.49%,402.455904137459
电商品类成交偏好,网络设备网络相关-视频监控,0.013%,536.3492008902699
电商品类成交偏好,网络设备网络相关-路由器猫网卡配件,0.27%,710.9930602765444
电商品类成交偏好,网络设备网络相关-路由器,0.13%,699.8167577388449
电商品类成交偏好,网络设备网络相关-4g5g上网设备,1.5%,467.5640480039244
电商品类成交偏好,美容美体医疗器械-隐形眼镜,0.36%,445.5812015194972
电商品类成交偏好,美容美体医疗器械-美容美体护理仪（器械）,0.025%,403.827014945953
电商品类成交偏好,美容美体医疗器械-护理液,0.43%,471.76919633312417
电商品类成交偏好,美容美体医疗器械-彩色隐形眼镜,1.55%,233.4924739983182
电商品类成交偏好,计生用品-避孕套,1.62%,463.4229501262583
电商品类成交偏好,金属材料及制品-其他金属制品,0%,-
电商品类成交偏好,金属材料及制品-不锈钢,1.1%,981.2058870126937
电商品类成交偏好,金属材料及制品-硬质合金,0.17%,712.1685454640057
电商品类成交偏好,金属材料及制品-金属盒箱柜,0.019%,821.2304755878488
电商品类成交偏好,畜牧养殖物资-兽用非处方药,0.14%,602.7484091630353
电商品类成交偏好,畜牧养殖物资-动物保健品水质调节剂,0%,-
电商品类成交偏好,畜牧养殖物资-蜂场养殖物资,0.099%,440.23126757836735
电商品类成交偏好,畜牧养殖物资-饲料,0%,-
电商品类成交偏好,畜牧养殖物资-畜牧养殖设备,0%,-
电商品类成交偏好,电子教育-电子教育,0%,-
电商品类成交偏好,美容个护仪器-面部美容仪器,0.86%,710.103235428972
电商品类成交偏好,乐器吉他钢琴配件-西洋乐器,0.3%,508.76855879386875
电商品类成交偏好,乐器吉他钢琴配件-民族乐器,0.23%,612.9773646238679
电商品类成交偏好,乐器吉他钢琴配件-乐器配件,0.3%,534.8205024108365
电商品类成交偏好,乐器吉他钢琴配件-MIDI乐器电脑音乐,0.055%,555.310755538459
电商品类成交偏好,乐器吉他钢琴配件-乐器服务,0.0012%,185.2929972833972
电商品类成交偏好,乐器吉他钢琴配件-儿童玩具乐器,0.13%,750.5880448943666
电商品类成交偏好,教育培训-技能培训,0.36%,574.1019358421979
电商品类成交偏好,教育培训-学历职业资格考试,0.1%,235.2890745774214
电商品类成交偏好,教育培训-语言培训,0.1%,714.3569287384614
电商品类成交偏好,教育培训-常识兴趣,0.38%,718.8892569332645
电商品类成交偏好,教育培训-家庭教育中小学教育,0.13%,852.9437525768104
电商品类成交偏好,电脑外设-键盘,0.17%,146.71782710681174
电商品类成交偏好,电脑外设-有线鼠标,0.082%,215.6701966514354
电商品类成交偏好,电脑外设-键鼠套装,0.087%,244.8817819194954
电商品类成交偏好,电脑外设-电脑周边,0.58%,192.6028235065618
电商品类成交偏好,电脑外设-无线鼠标,0.2%,180.74756597478213
电商品类成交偏好,电子元器件市场-连接器,0.16%,527.6638861488613
电商品类成交偏好,商业办公家具-办公家具,0.22%,590.257875781881
电商品类成交偏好,商业办公家具-货架展柜,0.22%,761.1023932571626
电商品类成交偏好,手机号码套餐增值业务-新入网手机号定制套餐,0%,-
电商品类成交偏好,手机号码套餐增值业务-新入网手机号套餐,0.7%,180.74415016667794
电商品类成交偏好,数码存储设备-手机U盘,0.13%,627.5406428880834
电商品类成交偏好,数码存储设备-闪存卡,0.2%,417.90409482691285
电商品类成交偏好,数码存储设备-普通U盘,0.11%,459.2978385511922
电商品类成交偏好,游戏服务-游戏充值,0.2%,108.46761196809815
电商品类成交偏好,游戏服务-游戏装备,0.031%,68.09009941577654
电商品类成交偏好,摄影摄像-拍立得相机,0.03%,314.27173289027866
电商品类成交偏好,清洗食品商业设备-清洗清理设备,0.13%,524.8446159777784
电商品类成交偏好,清洗食品商业设备-商用炉灶,0.06%,1246.0289258880246
电商品类成交偏好,电玩配件游戏攻略-家用游戏机,0.13%,390.85786057929204
电商品类成交偏好,电玩配件游戏攻略-游戏软件,0.02%,124.65036722332054
电商品类成交偏好,电玩配件游戏攻略-游戏手柄,0.088%,189.82623041786422
电商品类成交偏好,平板电脑MID-平板电脑MID,0.28%,331.046857040068
电商品类成交偏好,二手奢侈品-箱包,0.14%,740.3349897797847
电商品类成交偏好,二手奢侈品-服饰配件,0.03%,1072.7254050002327
电商品类成交偏好,二手奢侈品-腕表,0.074%,811.3692020489291
电商品类成交偏好,机械设备-其他机械设备,0.0008%,307.40619482803197
电商品类成交偏好,机械设备-电影放映设备,0.0021%,960.3265959256412
电商品类成交偏好,珠宝文玩收藏品（定制专用）-定制玉石,0.18%,915.5787037567812
电商品类成交偏好,笔记本电脑-笔记本电脑,0.031%,278.4711749811525
电商品类成交偏好,电脑组件-显示器&支架,0.12%,239.22204662113757
电商品类成交偏好,本地生活服务-餐饮美食卡券,0%,-
电商品类成交偏好,本地生活服务-在线清洗洗衣券,0.0014%,716.4440786642904
电商品类成交偏好,教育音像-音乐影视音像,0.13%,366.51519191042945
电商品类成交偏好,全屋定制-定制淋浴房,0.001%,1084.6362030224225
电商品类成交偏好,全屋定制-地板,0.027%,695.3001686871578
电商品类成交偏好,全屋定制-全屋空间定制,0.0021%,133.17475092156045
电商品类成交偏好,全屋定制-定制柜类,0.0051%,169.2650796640693
电商品类成交偏好,文物商店拍卖行-古董艺术品,0.075%,748.369012405255
电商品类成交偏好,DIY电脑-DIY兼容机,0.055%,178.3186700996513
电商品类成交偏好,电影演出赛事-电影,0%,-
电商品类成交偏好,新车-新车优惠券,0%,-
电商品类成交偏好,二手3C数码-手机整机,0.68%,544.3234850019958
电商品类成交偏好,二手3C数码-笔记本电脑,0.15%,545.8610272379564
电商品类成交偏好,二手3C数码-数码3C配件,0.34%,660.1322284170859
电商品类成交偏好,二手3C数码-文体音像设备,0.072%,736.4971111025432
电商品类成交偏好,二手3C数码-平板电脑,0.07%,468.17410888532
电商品类成交偏好,二手3C数码-电脑硬件电脑配件,0.091%,404.04359212813387
电商品类成交偏好,假发及配件-假发配件,0.35%,591.1357530022385
电商品类成交偏好,假发及配件-假发,3.37%,610.5915066415429
电商品类成交偏好,潮品鞋服（鉴真）-潮服,0%,-
电商品类成交偏好,潮品鞋服（鉴真）-潮鞋,0%,-
电商品类成交偏好,潮品鞋服（鉴真）-潮品配饰,0%,-
电商品类成交偏好,兑换卡-节庆用品礼品卡,0%,-
电商品牌成交偏好,Three Squirrels三只松鼠,9.61%,762.3880345897612
电商品牌成交偏好,三資堂,8.51%,668.0930331093035
电商品牌成交偏好,甄磨坊,6.19%,954.3303523769016
电商品牌成交偏好,诺特兰德,5.89%,802.5179833126202
电商品牌成交偏好,Sukgarden蔬果园,5.29%,1436.6545904325578
电商品牌成交偏好,植护,5.12%,858.9505007531869
电商品牌成交偏好,不集,4.85%,952.8968989716046
电商品牌成交偏好,心相印,4.75%,1022.765479516876
电商品牌成交偏好,参半,4.38%,729.7910511137495
电商品牌成交偏好,水卫仕,4.26%,1059.1838938864475
电商品牌成交偏好,shiguangxue时光学,4.24%,775.3524719280167
电商品牌成交偏好,Deeyeo德佑,4.19%,866.4830890588702
电商品牌成交偏好,盐津铺子,4.17%,670.5627679392724
电商品牌成交偏好,HADAY海天,4.09%,1857.7918907180629
电商品牌成交偏好,草本初色,4.04%,757.2616700556014
电商品牌成交偏好,天海藏,4.03%,1384.1554538707176
电商品牌成交偏好,蓝月亮,3.93%,894.5825854847789
电商品牌成交偏好,LIANHUA莲花,3.84%,3685.641626725914
电商品牌成交偏好,沫檬,3.78%,853.251527418548
电商品牌成交偏好,bodorme贝德美,3.77%,804.9190287438711
电商品牌成交偏好,Vinda维达,3.74%,905.1691279876477
电商品牌成交偏好,kangaroo mommy袋鼠妈妈,3.58%,886.0928630174736
电商品牌成交偏好,KANS韩束,3.46%,531.8675763215332
电商品牌成交偏好,佳帮手,3.39%,1135.9009168197356
电商品牌成交偏好,Dettol滴露,3.39%,1336.64851977644
电商品牌成交偏好,ADOPT A COW认养一头牛,3.35%,1407.1725659943572
电商品牌成交偏好,人仁和,3.33%,807.582199299855
电商品牌成交偏好,立白,3.23%,889.4555853835351
电商品牌成交偏好,秉秀,3.15%,1355.461849674233
电商品牌成交偏好,清风,3.07%,1065.5933727999213
电商品牌成交偏好,LIGHT UP轻上,2.99%,1098.8231225957013
电商品牌成交偏好,ANTA安踏,2.97%,849.3212811206919
电商品牌成交偏好,网易严选,2.8%,911.4877790069238
电商品牌成交偏好,SUPOR苏泊尔,2.72%,1319.9327619528358
电商品牌成交偏好,俏爱缇,2.69%,709.3684141470959
电商品牌成交偏好,丝飘,2.68%,849.9846783496736
电商品牌成交偏好,茶口乐,2.52%,821.4349785698444
电商品牌成交偏好,白象,2.52%,873.2923293954993
电商品牌成交偏好,润本,2.49%,965.4586283690435
电商品牌成交偏好,GOTDYA高缇雅,2.36%,811.4847619851862
电商品牌成交偏好,BIBIZAN比比赞,2.33%,783.503313526538
电商品牌成交偏好,PUCO,2.31%,658.5220302083588
电商品牌成交偏好,Deli得力,2.28%,1120.8181562502225
电商品牌成交偏好,YAYA鸭鸭,2.26%,809.438406073067
电商品牌成交偏好,LI-NING李宁,2.25%,877.0503744191986
电商品牌成交偏好,BKT,2.24%,758.6407436131298
电商品牌成交偏好,balabala巴拉巴拉,2.2%,1038.9587557739071
电商品牌成交偏好,大希地,2.19%,1150.2881926676873
电商品牌成交偏好,Ufeel,2.16%,852.3296720750208
电商品牌成交偏好,sobam索邦,2.04%,965.2947831723887
电商品牌成交偏好,妇炎洁,1.96%,791.0425409837751
电商品牌成交偏好,Beneunder蕉下,1.94%,1146.3501081052946
电商品牌成交偏好,锋味派,1.94%,1486.7319119558426
电商品牌成交偏好,一本,1.94%,939.361539295752
电商品牌成交偏好,Midea美的,1.93%,988.9919346417171
电商品牌成交偏好,洁丽雅,1.91%,1004.8289619148524
电商品牌成交偏好,BE&CHEERY百草味,1.91%,939.4249006548569
电商品牌成交偏好,斗半匠,1.87%,862.9544933731804
电商品牌成交偏好,松鲜鲜,1.86%,3667.4910616174166
电商品牌成交偏好,M&G晨光,1.79%,1113.376192120519
电商品牌成交偏好,七小七,1.79%,1781.690711917648
电商品牌成交偏好,BESTORE良品铺子,1.78%,826.7112176145948
电商品牌成交偏好,AMORTALS尔木萄,1.76%,642.3247246104517
电商品牌成交偏好,MEIKANG美康粉黛,1.72%,653.5222864692117
电商品牌成交偏好,迈洁斯,1.72%,996.1847180689135
电商品牌成交偏好,舞青衣,1.71%,498.0561236457177
电商品牌成交偏好,babycare,1.71%,1156.1433677534876
电商品牌成交偏好,CAMEL骆驼,1.67%,516.6801399848788
电商品牌成交偏好,CHUNGUANG春光,1.67%,1467.4270069822544
电商品牌成交偏好,今麦郎,1.66%,583.5179954194277
电商品牌成交偏好,星芝亮,1.64%,725.1720767999012
电商品牌成交偏好,十月稻田,1.62%,1057.6659416894724
电商品牌成交偏好,罗娜女神,1.61%,611.1803004988619
电商品牌成交偏好,DEXTER戴·可·思,1.6%,1070.5135835860947
电商品牌成交偏好,C&S洁柔,1.6%,825.7759521603718
电商品牌成交偏好,seamild西麦,1.59%,937.8993317261553
电商品牌成交偏好,LEE KUM KEE李锦记,1.59%,2701.438234505566
电商品牌成交偏好,UODO优沃朵,1.54%,495.46450244309443
电商品牌成交偏好,冷酸灵,1.54%,874.5091058492598
电商品牌成交偏好,matern‘ella子初,1.51%,1089.4446317635511
电商品牌成交偏好,PRAMY柏瑞美,1.51%,508.84571601584065
电商品牌成交偏好,Mistine蜜丝婷,1.5%,660.2827995372216
电商品牌成交偏好,卫龙,1.5%,671.1621152804213
电商品牌成交偏好,花田熊,1.5%,1641.876932242622
电商品牌成交偏好,EIIO奕沃,1.5%,562.8607697692131
电商品牌成交偏好,AKF,1.47%,607.9029801014865
电商品牌成交偏好,露俏,1.47%,959.6191510638281
电商品牌成交偏好,兔头妈妈,1.45%,1302.6200737409376
电商品牌成交偏好,Hi!papa海龟爸爸,1.44%,1068.21839410869
电商品牌成交偏好,L’OREAL PARIS巴黎欧莱雅,1.43%,653.9972586727868
电商品牌成交偏好,Totole太太乐,1.43%,1625.757298717813
电商品牌成交偏好,FILA斐乐,1.43%,1049.9377824868247
电商品牌成交偏好,金豆芽,1.41%,1276.3896677495613
电商品牌成交偏好,adidas阿迪达斯,1.41%,673.2126458217531
电商品牌成交偏好,Tempo得宝,1.41%,1256.8496238243745
电商品牌成交偏好,思念,1.4%,1547.9189046068159
电商品牌成交偏好,贝肽斯,1.4%,1318.4191933019442
电商品牌成交偏好,慕玛星厨,1.36%,1513.7460705649607
电商品牌成交偏好,叮叮懒人菜,1.36%,1781.140473622945
电商品牌成交偏好,KAZUKOIN小野和子,1.35%,764.6321003663915
电商品牌成交偏好,forever key,1.35%,475.21716426599534
电商品牌成交偏好,XIAGUNAI夏谷奈,1.34%,841.2825698235733
电商品牌成交偏好,宛禾米线,1.34%,772.4234554244479
电商品牌成交偏好,迈巴勒,1.33%,1134.835131833899
电商品牌成交偏好,BOP波普专研,1.33%,671.5273413399113
电商品牌成交偏好,Bear Coming小熊驾到,1.32%,962.6157316457292
电商品牌成交偏好,Joyoung soymilk九阳豆浆,1.31%,996.8656980644533
电商品牌成交偏好,Knorr家乐,1.3%,1543.6470817353704
电商品牌成交偏好,DARLIE好来,1.29%,796.8410276038094
电商品牌成交偏好,JOYNCLEON婧麒,1.29%,1030.359086060801
电商品牌成交偏好,MISSYOU好想你,1.28%,1573.460442439081
电商品牌成交偏好,XUDONG FOOD旭东,1.28%,1846.2232793839125
电商品牌成交偏好,SHUEHO树可,1.27%,2578.948264038644
电商品牌成交偏好,一只鱼,1.27%,655.3576630225763
电商品牌成交偏好,康师傅,1.26%,1047.1927520589593
电商品牌成交偏好,超能,1.26%,1001.0207672770855
电商品牌成交偏好,BABI,1.26%,567.5528110173293
电商品牌成交偏好,JIDODO吉多多,1.26%,952.5937970691236
电商品牌成交偏好,仲景,1.26%,1261.2857293602606
电商品牌成交偏好,柳丝木,1.25%,555.9724552237504
电商品牌成交偏好,MissWiss,1.25%,1005.6418200500322
电商品牌成交偏好,徐福记,1.25%,1128.171792464088
电商品牌成交偏好,皇家小虎,1.25%,922.9860767644652
电商品牌成交偏好,Judydoll橘朵,1.24%,508.63267052668937
电商品牌成交偏好,TAILI太力,1.22%,1744.0305906045414
电商品牌成交偏好,木子言,1.22%,355.3142046270027
电商品牌成交偏好,SMOOKY,1.21%,971.9616866286113
电商品牌成交偏好,SHARKFIT鲨鱼菲特,1.21%,525.4060488950589
电商品牌成交偏好,大卫,1.21%,1267.4209616697294
电商品牌成交偏好,head&shoulders海飞丝,1.2%,694.2105033464368
电商品牌成交偏好,乌江,1.2%,1699.2162758283616
电商品牌成交偏好,王饱饱,1.2%,714.6149710533816
电商品牌成交偏好,UNNY悠宜,1.17%,611.4957279187582
电商品牌成交偏好,妙潔,1.17%,2233.9068375222932
电商品牌成交偏好,Luckmeey幸棉,1.16%,956.4787336422631
电商品牌成交偏好,airfunk,1.16%,1065.687148777676
电商品牌成交偏好,ZEESEA滋色,1.16%,619.3357937416721
电商品牌成交偏好,erke鸿星尔克,1.15%,860.0446114483051
电商品牌成交偏好,SKECHERS斯凯奇,1.15%,1266.3635009863467
电商品牌成交偏好,SINSIN,1.14%,741.174195866616
电商品牌成交偏好,学而思,1.14%,1088.7185324783688
电商品牌成交偏好,anta kids安踏儿童,1.14%,1052.64038071504
电商品牌成交偏好,波司登畅销全球72国,1.13%,935.9288819583772
电商品牌成交偏好,陈薯,1.12%,755.4650787589669
电商品牌成交偏好,东方文澜,1.12%,828.4169781837008
电商品牌成交偏好,曼娜莎,1.12%,1067.5401586874139
电商品牌成交偏好,Freemore自由点,1.11%,497.52141951371874
电商品牌成交偏好,Bear小熊,1.11%,1952.794991884118
电商品牌成交偏好,Little Dream Garden半亩花田,1.11%,599.0448685945871
电商品牌成交偏好,MANCODES左颜右色,1.11%,373.7725060115219
电商品牌成交偏好,Deer Blue小鹿蓝蓝,1.11%,851.0205992500713
电商品牌成交偏好,脱骨侠,1.1%,646.382158693364
电商品牌成交偏好,Marubi丸美,1.1%,859.9079972166338
电商品牌成交偏好,五谷磨房,1.09%,1529.1256979225896
电商品牌成交偏好,KOCOTREE,1.08%,1022.6399005398129
电商品牌成交偏好,臭宝,1.08%,758.7283018833589
电商品牌成交偏好,OSM欧诗漫,1.07%,558.5425869720436
电商品牌成交偏好,暴肌独角兽,1.07%,863.4285114850643
电商品牌成交偏好,Airmeter空刻,1.06%,1232.7267234114147
电商品牌成交偏好,Safeguard舒肤佳,1.05%,705.4279041386383
电商品牌成交偏好,泓一,1.05%,1152.5134080870685
电商品牌成交偏好,向日花,1.04%,576.609187187368
电商品牌成交偏好,TasteMatters加点滋味,1.04%,1632.3314173439862
电商品牌成交偏好,COMFORT金纺,1.04%,1183.5339414343023
电商品牌成交偏好,Moxun茉寻,1.03%,572.1118829012786
电商品牌成交偏好,c咖,1.03%,643.2148772989813
电商品牌成交偏好,Swisse斯维诗,1.03%,978.7069374384351
电商品牌成交偏好,壹品印象,1.03%,706.1883543314924
电商品牌成交偏好,MAOGEPING毛戈平,1.03%,999.3919514870252
电商品牌成交偏好,Bubandi布班迪,1.02%,766.1331786463153
电商品牌成交偏好,Purcotton全棉时代,1.02%,1234.7883127711482
电商品牌成交偏好,fiboo她练,0.99%,1000.0641724174275
电商品牌成交偏好,ecoco意可可,0.98%,1399.588699676441
电商品牌成交偏好,白惜,0.98%,914.6332488113227
电商品牌成交偏好,RELLET颐莲,0.98%,594.0885110047891
电商品牌成交偏好,LYCOCELLE绽家,0.98%,1849.1437685940684
电商品牌成交偏好,ZhongSanqing中三清,0.97%,958.1778919247702
电商品牌成交偏好,CHANDO自然堂,0.97%,533.2642101136333
电商品牌成交偏好,PROYA珀莱雅,0.96%,484.51165257236823
电商品牌成交偏好,淘淘氧棉,0.96%,859.8410424296302
电商品牌成交偏好,luckin coffee瑞幸咖啡,0.95%,304.77835118346223
电商品牌成交偏好,YeeHoO英氏,0.95%,1054.5649302001195
电商品牌成交偏好,荔树,0.95%,634.0154604137907
电商品牌成交偏好,豫道食品,0.95%,803.1474405353332
电商品牌成交偏好,WANT-WANT旺旺,0.93%,660.4227965971935
电商品牌成交偏好,RIBENDINGDING,0.93%,1238.6882895039462
电商品牌成交偏好,王小卤,0.93%,1119.8429330857566
电商品牌成交偏好,FLYCO飞科,0.93%,639.9258846900766
电商品牌成交偏好,XIAOSHUMEI小树美,0.91%,667.4690578197301
电商品牌成交偏好,黑人,0.91%,889.919165022738
电商品牌成交偏好,Florasis花西子,0.9%,730.2489696624211
电商品牌成交偏好,谷本日记,0.9%,887.2681647421603
电商品牌成交偏好,橙子快跑,0.9%,672.5525900511611
电商品牌成交偏好,Joyoung九阳,0.9%,1391.7163107493518
电商品牌成交偏好,易蓓,0.89%,820.9400319397096
电商品牌成交偏好,秋田满满,0.89%,1277.118635882489
电商品牌成交偏好,诺梵,0.89%,925.5146898253786
电商品牌成交偏好,XTEP特步,0.88%,717.165581570072
电商品牌成交偏好,南国,0.88%,1571.0609606106302
电商品牌成交偏好,Shinho欣和,0.87%,2811.613384737958
电商品牌成交偏好,蜡象,0.87%,665.5895300602828
电商品牌成交偏好,屋头,0.87%,1447.5680468041849
电商品牌成交偏好,十月结晶,0.87%,1170.0217908864888
电商品牌成交偏好,Little Ondine小奥汀,0.87%,770.7401736330596
电商品牌成交偏好,春秋故事,0.87%,716.7531378207206
电商品牌成交偏好,Bananain蕉内,0.87%,1072.5817772291884
电商品牌成交偏好,脆升升,0.86%,700.6992861394343
电商品牌成交偏好,FunnyElves方里,0.86%,438.8635489644752
电商品牌成交偏好,杨博士,0.86%,2817.7034556152535
电商品牌成交偏好,Zuohongyoubei左烘右焙,0.86%,949.3935993405909
电商品牌成交偏好,宏途,0.85%,812.0093740716911
电商品牌成交偏好,科净威,0.85%,547.0019417630425
电商品牌成交偏好,WIS,0.85%,589.2283330799239
电商品牌成交偏好,燕之坊,0.84%,1550.0410527225263
电商品牌成交偏好,可复美,0.84%,592.9777452977445
电商品牌成交偏好,LUX力士,0.84%,612.814270542874
电商品牌成交偏好,SPES诗裴丝,0.83%,777.9773954772609
电商品牌成交偏好,RNW如薇,0.83%,326.059750796859
电商品牌成交偏好,Walch威露士,0.83%,963.0405280440089
电商品牌成交偏好,普安特,0.83%,878.609483186999
电商品牌成交偏好,COFOE可孚,0.82%,1242.1706973046616
电商品牌成交偏好,FOCONIE法蔻尼,0.82%,543.4144564036776
电商品牌成交偏好,FILAKIDS,0.81%,1079.483350997361
电商品牌成交偏好,聪厨,0.81%,1572.222372892183
电商品牌成交偏好,Baseus倍思,0.81%,605.7270183998872
电商品牌成交偏好,朴西,0.81%,1504.1243963877032
电商品牌成交偏好,BABREA芭贝拉,0.8%,403.0027018488962
电商品牌成交偏好,MR.YANG杨先生,0.8%,1132.3444587646748
电商品牌成交偏好,元气达人,0.8%,1055.0800443223095
电商品牌成交偏好,yololand有乐岛,0.8%,2553.355346177706
电商品牌成交偏好,SUNNER圣农,0.79%,1416.4357762093457
电商品牌成交偏好,三全,0.78%,1489.4515252508454
电商品牌成交偏好,红谷林,0.77%,1523.6172623111502
电商品牌成交偏好,亚朵生活,0.77%,1101.2211242235787
电商品牌成交偏好,Myfoodie麦富迪,0.77%,721.1399732187642
电商品牌成交偏好,EverShine永亮,0.77%,1370.324138248296
电商品牌成交偏好,COLORKEY珂拉琪,0.77%,559.675209145348
电商品牌成交偏好,5·3科学备考,0.77%,899.1949130875021
电商品牌成交偏好,WONDERLAB万益蓝,0.76%,1211.9605523986288
电商品牌成交偏好,Dear Irean独特艾琳,0.76%,1071.6602202757845
电商品牌成交偏好,CEMOY澳诗茉,0.76%,978.1225242003419
电商品牌成交偏好,KONO,0.75%,922.3980617469354
电商品牌成交偏好,pink bear皮可熊,0.75%,473.82453810311017
电商品牌成交偏好,OUT-OF-OFFICE哦野,0.75%,434.08784018933136
电商品牌成交偏好,霞湖世家,0.75%,1042.9130463867057
电商品牌成交偏好,NONGFU SPRING农夫山泉,0.74%,1009.671246221666
电商品牌成交偏好,HLA海澜之家,0.74%,548.1125855551397
电商品牌成交偏好,TFIT媞妃特,0.74%,578.4376274229495
电商品牌成交偏好,Jeanswest真维斯,0.73%,627.9055013384328
电商品牌成交偏好,谷雨,0.73%,455.6370068189093
电商品牌成交偏好,musecr五月私语,0.73%,755.2034219938907
电商品牌成交偏好,Heinz亨氏,0.73%,2368.3132086148726
电商品牌成交偏好,Kotex高洁丝,0.73%,692.4115739902225
电商品牌成交偏好,懒角落,0.72%,2199.458464469393
电商品牌成交偏好,Pigeon贝亲,0.72%,1322.2438270828377
电商品牌成交偏好,PAYERBACH佩耶巴,0.72%,509.6636770324565
电商品牌成交偏好,Ubras,0.72%,871.9434881119001
电商品牌成交偏好,VIA薇尔,0.71%,960.8457131426919
电商品牌成交偏好,V雅鹿,0.71%,712.5863288359988
电商品牌成交偏好,派迪诺,0.7%,975.9144248630596
电商品牌成交偏好,町故事,0.7%,801.82060309111
电商品牌成交偏好,阿凡迪,0.7%,974.5372014082918
电商品牌成交偏好,Veet薇婷,0.7%,608.8311261580338
电商品牌成交偏好,有棵树,0.7%,754.884890833343
电商品牌成交偏好,OLLY,0.69%,1462.3690200868782
电商品牌成交偏好,Engnice英氏,0.69%,1041.5460048339432
电商品牌成交偏好,满小饱,0.69%,651.7241138897518
电商品牌成交偏好,阿宽,0.69%,509.7225666810412
电商品牌成交偏好,林小生,0.69%,3808.069897643808
电商品牌成交偏好,作业帮,0.69%,807.734084886305
电商品牌成交偏好,PANTENE潘婷,0.69%,581.1281905213525
电商品牌成交偏好,世喜,0.69%,1347.163302459813
电商品牌成交偏好,HBN,0.69%,686.4873112023126
电商品牌成交偏好,BOOMJOY宝家洁,0.68%,1298.001225409257
电商品牌成交偏好,袋鼠先生,0.68%,658.3607124414365
电商品牌成交偏好,南孚,0.68%,1540.5492488654274
电商品牌成交偏好,LUSN如山,0.68%,1230.123192628627
电商品牌成交偏好,Perfect Diary完美日记,0.68%,1019.1528559294575
电商品牌成交偏好,VC,0.67%,733.4913445170902
电商品牌成交偏好,WINONA薇诺娜,0.67%,731.5318777846758
电商品牌成交偏好,watercome水之蔻,0.67%,543.8595637023031
电商品牌成交偏好,CONBA康恩贝,0.67%,1342.679109326297
电商品牌成交偏好,INTOYOU,0.66%,479.64137356420133
电商品牌成交偏好,COROU可心柔,0.66%,998.3119295126768
电商品牌成交偏好,Curbblan卡伴,0.65%,1063.5573616000552
电商品牌成交偏好,宝宝馋了,0.64%,1401.413898336095
电商品牌成交偏好,full of hope希望树,0.64%,1131.1307623659354
电商品牌成交偏好,SPACE7七度空间,0.64%,605.2502095978685
电商品牌成交偏好,肉敢当,0.64%,2230.977007450532
电商品牌成交偏好,星满厨,0.64%,1729.8434816716906
电商品牌成交偏好,Red earth红地球,0.64%,575.763793053821
电商品牌成交偏好,CHIOTURE稚优泉,0.63%,451.49795820015976
电商品牌成交偏好,桃李,0.63%,893.58094931507
电商品牌成交偏好,KAM YUEN甘源,0.63%,972.0515481084226
电商品牌成交偏好,OES,0.63%,695.0619803032857
电商品牌成交偏好,双汇,0.62%,1440.172528784361
电商品牌成交偏好,TORRAS图拉斯,0.62%,769.2052297488531
电商品牌成交偏好,FLWB韩愢,0.62%,1294.658619847473
电商品牌成交偏好,MUHUO牧火,0.62%,925.0040747886364
电商品牌成交偏好,SNOW FLYING雪中飞,0.62%,964.0902726519882
电商品牌成交偏好,kakaye卡卡业,0.62%,1465.4085071994423
电商品牌成交偏好,盼盼,0.61%,394.2031436263372
电商品牌成交偏好,OULAIJIA欧莱加,0.61%,688.0389011451983
电商品牌成交偏好,千奈美,0.61%,897.4159878563487
电商品牌成交偏好,SOFY苏菲,0.61%,875.6209723156447
电商品牌成交偏好,江中食疗,0.61%,1264.7230773979347
电商品牌成交偏好,witsBB健敏思,0.61%,1461.6088982373744
电商品牌成交偏好,多情猫,0.6%,650.1203677208648
电商品牌成交偏好,Huggies好奇,0.6%,907.8592586083997
电商品牌成交偏好,蜀中桃子姐,0.6%,938.3313336482943
电商品牌成交偏好,BEE&FLOWER蜂花,0.6%,732.3607327814941
电商品牌成交偏好,万唯中考,0.6%,1044.4377655846101
电商品牌成交偏好,blispring冰泉,0.59%,751.758532607364
电商品牌成交偏好,L ADORE COLORS烙色,0.59%,570.5372833954161
电商品牌成交偏好,Youngdoctor青颜博士,0.59%,1085.0346158699554
电商品牌成交偏好,五个女博士,0.59%,1082.7265026521459
电商品牌成交偏好,宫芙,0.58%,876.6856193227087
电商品牌成交偏好,KATO,0.58%,393.1119422423934
电商品牌成交偏好,Aocilenda澳兰黛,0.58%,864.6936382914039
电商品牌成交偏好,小田姑娘,0.58%,2232.9121002255506
电商品牌成交偏好,ChaCheer洽洽,0.58%,893.7212388494626
电商品牌成交偏好,PIARA,0.58%,470.29494897483187
电商品牌成交偏好,IEF爱依服,0.58%,457.86616327609744
电商品牌成交偏好,SMARTDEVIL闪魔,0.58%,283.12028398862367
电商品牌成交偏好,YOULINGYOUSHI有零有食,0.58%,1154.9841893828577
电商品牌成交偏好,JIAJIA加加,0.57%,5231.20650404148
电商品牌成交偏好,丹欣妮,0.57%,852.875223346911
电商品牌成交偏好,赊刀人,0.56%,975.8911978119465
电商品牌成交偏好,李陌茶,0.56%,1104.7292240113359
电商品牌成交偏好,LEASUN FOOD林家鋪子,0.56%,1446.2852370421786
电商品牌成交偏好,361°,0.56%,813.4458784704153
电商品牌成交偏好,MEIZHAI美宅,0.56%,986.1832928769215
电商品牌成交偏好,辰辰妈,0.56%,1126.3352795571159
电商品牌成交偏好,曼妮芬,0.55%,1165.8638699054168
电商品牌成交偏好,Pelliot伯希和,0.54%,1214.7633117748314
电商品牌成交偏好,Oreo奥利奥,0.54%,795.7613303254032
电商品牌成交偏好,povos奔腾,0.54%,640.6713942763464
电商品牌成交偏好,拇指白小T,0.53%,924.7456645176196
电商品牌成交偏好,QISHUIHUA七水花,0.53%,1280.260023872425
电商品牌成交偏好,麦当劳,0.53%,392.77918689779074
电商品牌成交偏好,xiabutou鲜捕头,0.53%,1767.2463636753296
电商品牌成交偏好,QIAODAN乔丹,0.53%,660.8671404463842
电商品牌成交偏好,Rainbow star彩虹星球合作社,0.53%,5663.985041215403
电商品牌成交偏好,ESE·Y逸阳,0.52%,1188.0449516365918
电商品牌成交偏好,Saky舒客+,0.52%,661.7743613830532
电商品牌成交偏好,百年扁氏,0.52%,947.4961099552366
电商品牌成交偏好,贝可施,0.52%,1543.7261033431107
电商品牌成交偏好,PMPM,0.52%,822.1798406222963
电商品牌成交偏好,usmile,0.52%,647.0924358170091
电商品牌成交偏好,YALGET雅丽洁,0.51%,584.1574315927472
电商品牌成交偏好,达肤妍,0.51%,611.5715804281766
电商品牌成交偏好,Pampers帮宝适,0.51%,964.995156386043
电商品牌成交偏好,四只猫,0.51%,822.7998822929933
电商品牌成交偏好,emxee嫚熙,0.51%,1221.6431890490992
电商品牌成交偏好,gik,0.51%,758.7155543868719
电商品牌成交偏好,KIMTRUE且初,0.51%,443.5832922660321
电商品牌成交偏好,ZOU SAN HE邹三和,0.51%,548.7194200840484
电商品牌成交偏好,Schwarzkopf施华蔻,0.51%,1167.1530270481326
电商品牌成交偏好,Xueersi online学而思网校,0.51%,778.364564247449
电商品牌成交偏好,SEAKLAM海肌兰,0.5%,1125.0562986981327
电商品牌成交偏好,漠里优选,0.5%,2520.960930483196
电商品牌成交偏好,造物者,0.5%,704.9479107947274
电商品牌成交偏好,兰,0.5%,902.0710212719628
电商品牌成交偏好,RED CHAMBER,0.5%,912.4331102139749
电商品牌成交偏好,喜之郎,0.5%,708.8638340643053
电商品牌成交偏好,宜婴,0.49%,721.6941832147462
电商品牌成交偏好,鹿竹,0.49%,898.3965021375077
电商品牌成交偏好,VS沙宣,0.49%,720.7118666366733
电商品牌成交偏好,蜜禾,0.49%,1469.295165047048
电商品牌成交偏好,PASSIONALLOVER恋火,0.49%,454.23520247103255
电商品牌成交偏好,作业帮直播课,0.49%,705.9278660024686
电商品牌成交偏好,OLAYKS,0.49%,2360.4690215013297
电商品牌成交偏好,Mask Family膜法世家,0.49%,734.6172379289624
电商品牌成交偏好,真喜利,0.49%,780.7613988836467
电商品牌成交偏好,SKYNFUTURE肌肤未来,0.49%,695.2678471566668
电商品牌成交偏好,liulian·xishi榴莲西施,0.49%,1516.6886710666947
电商品牌成交偏好,都市芊郦,0.49%,711.9740180117044
电商品牌成交偏好,Colgate高露洁,0.49%,661.1176806468642
电商品牌成交偏好,beijirog北极绒,0.49%,736.315384951251
电商品牌成交偏好,劲仔,0.48%,763.233912074574
电商品牌成交偏好,回味一梦,0.47%,1110.4916529596521
电商品牌成交偏好,燕壹壹,0.47%,1692.694229603096
电商品牌成交偏好,浅香,0.47%,504.47387626968816
电商品牌成交偏好,chief车仆,0.47%,633.0318431890686
电商品牌成交偏好,itutn爱图腾,0.47%,687.2513205938237
电商品牌成交偏好,汇源,0.47%,1245.898747541815
电商品牌成交偏好,贝莱健,0.47%,1293.6615068844753
电商品牌成交偏好,INMAN茵曼,0.47%,814.5359706534978
电商品牌成交偏好,Wahson华生,0.47%,1016.5821425746032
电商品牌成交偏好,DEESHA笛莎,0.46%,1082.644091084848
电商品牌成交偏好,香百年,0.46%,639.8668760971572
电商品牌成交偏好,Dove德芙,0.46%,788.7830837681312
电商品牌成交偏好,CARSLAN卡姿兰,0.46%,505.88634399397085
电商品牌成交偏好,duoduomian朵朵棉,0.46%,642.1004419065252
电商品牌成交偏好,民和,0.46%,1536.3286301856915
电商品牌成交偏好,Girlcult,0.45%,680.208050180145
电商品牌成交偏好,芊小白,0.45%,440.5994704334484
电商品牌成交偏好,BLOOMAGE BIOTECH华熙生物,0.45%,675.990562914033
电商品牌成交偏好,3colour三彩,0.45%,872.9743406808924
电商品牌成交偏好,coffeebox连咖啡,0.44%,1195.0592350154818
电商品牌成交偏好,your pure羽素,0.44%,423.7445618185698
电商品牌成交偏好,唯一俏,0.44%,977.3238793178693
电商品牌成交偏好,Suncha双枪,0.43%,1723.690846585282
电商品牌成交偏好,Joocyee酵色,0.43%,529.6075863879203
电商品牌成交偏好,美洋,0.43%,1388.5258520791315
电商品牌成交偏好,green farm绿色农场,0.43%,975.4292518238806
电商品牌成交偏好,秦妈,0.43%,1465.8980194937203
电商品牌成交偏好,MARIE DALGAR玛丽黛佳,0.43%,680.4906212604625
电商品牌成交偏好,江中,0.43%,1085.289352410769
电商品牌成交偏好,OLAY玉兰油,0.43%,689.7450293699202
电商品牌成交偏好,QQ星,0.43%,1030.1943986382685
电商品牌成交偏好,Grandpa s Farm爷爷的农场,0.43%,1574.37015550416
电商品牌成交偏好,ZAOSHIGUANG早食光,0.43%,1255.2378921430764
电商品牌成交偏好,Prof.Ling凌博士,0.43%,1011.9309537478125
电商品牌成交偏好,悦鲜活,0.43%,2043.2247346427325
电商品牌成交偏好,阴山优麦,0.43%,2894.202965206647
电商品牌成交偏好,白云山敬修堂,0.42%,921.5739938819348
电商品牌成交偏好,GIRDEAR哥弟,0.42%,1275.5022947123884
电商品牌成交偏好,Victoria'sSecret维多利亚的秘密,0.42%,686.5389592757313
电商品牌成交偏好,海底捞调味料,0.42%,940.4118750668815
电商品牌成交偏好,IKV,0.42%,1315.9742975427266
电商品牌成交偏好,TINECO添可,0.42%,993.9821699421939
电商品牌成交偏好,3CE三熹玉,0.42%,681.5581408644795
电商品牌成交偏好,简爱,0.42%,2481.5544327134467
电商品牌成交偏好,DiCHU涤初,0.42%,726.1338900551174
电商品牌成交偏好,TSINGTAO青岛啤酒,0.42%,1220.1367774790142
电商品牌成交偏好,BeLLE百丽,0.42%,1267.3753978664256
电商品牌成交偏好,Mr.Bu布先生,0.41%,1099.331531730378
电商品牌成交偏好,迷奇,0.41%,1028.298243089946
电商品牌成交偏好,DAVE&BELLA戴维贝拉,0.41%,1073.3716167487237
电商品牌成交偏好,伊诗兰顿,0.41%,761.0871856253748
电商品牌成交偏好,Move Free益节,0.41%,1875.0443546215752
电商品牌成交偏好,Caran·Y卡拉羊,0.41%,1412.098205655384
电商品牌成交偏好,Lay’s乐事,0.41%,919.5253489343331
电商品牌成交偏好,GENIO LAMODE,0.41%,459.3271243829883
电商品牌成交偏好,JOVISSE,0.41%,838.0907887632432
电商品牌成交偏好,CHJ潮宏基,0.41%,714.7251095481615
电商品牌成交偏好,植物妈妈,0.41%,849.7192134088156
电商品牌成交偏好,SNEFE雪玲妃,0.41%,810.5184134710713
电商品牌成交偏好,WOSADO悦瞳,0.4%,680.9721136710384
电商品牌成交偏好,FV,0.4%,465.83489135087245
电商品牌成交偏好,SOCORSKIN修可芙,0.4%,399.58103832899565
电商品牌成交偏好,Voolga敷尔佳,0.4%,613.1115550808037
电商品牌成交偏好,饭匹兄弟,0.4%,1336.1514726835358
电商品牌成交偏好,浙梅,0.4%,1375.191277067153
电商品牌成交偏好,佳婴,0.39%,669.44248486041
电商品牌成交偏好,Uniqlo优衣库,0.39%,673.3563954906826
电商品牌成交偏好,COMBO,0.39%,944.1713677857526
电商品牌成交偏好,Anmous安慕斯,0.39%,981.885015507433
电商品牌成交偏好,GAP盖璞,0.39%,801.2228561589116
电商品牌成交偏好,HINSOCHA韩水仙,0.39%,556.117726081866
电商品牌成交偏好,HomeFacialPro,0.39%,845.3596446680372
电商品牌成交偏好,怡宝,0.39%,959.221948291468
电商品牌成交偏好,天星教育,0.39%,1085.630764390104
电商品牌成交偏好,Sudee素玳,0.38%,943.4942386162104
电商品牌成交偏好,徕芬,0.38%,939.7702017205056
电商品牌成交偏好,好人家,0.38%,1503.606966618682
电商品牌成交偏好,五芳斋,0.38%,1466.9077815016171
电商品牌成交偏好,QUAKER桂格,0.38%,1084.5617461477598
电商品牌成交偏好,Easy your home易优家,0.38%,2303.947504203338
电商品牌成交偏好,隆力奇,0.38%,1147.1733719405975
电商品牌成交偏好,SKY FIRE天火,0.38%,615.6124061968167
电商品牌成交偏好,Kilala可啦啦,0.38%,406.8553183631906
电商品牌成交偏好,A.H.C爱和纯,0.37%,730.1404181550616
电商品牌成交偏好,六品堂,0.37%,794.1000387392395
电商品牌成交偏好,Semir森马,0.37%,512.5058053664865
电商品牌成交偏好,Under Armour安德玛,0.37%,923.6944576211935
电商品牌成交偏好,Oinny,0.37%,1220.8453440621063
电商品牌成交偏好,AvecMoi,0.37%,1143.5740409036296
电商品牌成交偏好,兰格格,0.37%,2186.0409791861466
电商品牌成交偏好,Enoulite英氏忆格,0.37%,1044.5584360785585
电商品牌成交偏好,ZHUBEN逐本,0.37%,596.3945807955702
电商品牌成交偏好,英格翰,0.36%,1312.2466955771833
电商品牌成交偏好,whisper护舒宝,0.36%,725.8922506204085
电商品牌成交偏好,透蜜,0.36%,794.094527805375
电商品牌成交偏好,丸丫,0.36%,1247.907966051935
电商品牌成交偏好,geoskincare纽西之谜,0.36%,851.2643824481413
电商品牌成交偏好,百菲酪,0.36%,1486.4722852561365
电商品牌成交偏好,雪兰,0.36%,1219.5919268684347
电商品牌成交偏好,CLEAR清扬,0.36%,522.2716852679986
电商品牌成交偏好,ZDEER左点,0.36%,1144.3103573724547
电商品牌成交偏好,FFX,0.35%,1615.4069025071233
电商品牌成交偏好,祥禾饽饽铺,0.35%,1578.744195716104
电商品牌成交偏好,Basic House百家好,0.35%,893.0171498187375
电商品牌成交偏好,ROMON罗蒙,0.35%,774.9710281856869
电商品牌成交偏好,麻辣王子,0.35%,459.3059566048448
电商品牌成交偏好,FILA FUSION,0.35%,1071.6079079872359
电商品牌成交偏好,UR,0.35%,476.57199645021046
电商品牌成交偏好,lantern兰亭,0.35%,1124.021659814206
电商品牌成交偏好,OLAY PCCOLAY身体护理,0.35%,560.1602206094418
电商品牌成交偏好,Roye,0.35%,1222.5547110560562
电商品牌成交偏好,UKISS悠珂思,0.35%,444.55486574162666
电商品牌成交偏好,桃又野,0.35%,587.8057509479006
电商品牌成交偏好,汾酒,0.35%,1199.1954067117
电商品牌成交偏好,Mr.wish心愿先生,0.34%,572.3674961455337
电商品牌成交偏好,PEACEBIRD太平鸟,0.34%,733.1130441459231
电商品牌成交偏好,Goldfarm高梵,0.34%,1230.7675069587633
电商品牌成交偏好,医束美,0.34%,1017.1850321790319
电商品牌成交偏好,kateistory家之物语,0.34%,2664.6945061286146
电商品牌成交偏好,张小泉,0.34%,1002.3657742106769
电商品牌成交偏好,Decathlon迪卡侬,0.34%,497.52741763850315
电商品牌成交偏好,中康,0.34%,1526.7522717278182
电商品牌成交偏好,HUANQIU环球,0.33%,594.3093778897239
电商品牌成交偏好,LIUM溜溜梅,0.33%,1059.172912658743
电商品牌成交偏好,固特威,0.33%,551.8116495134782
电商品牌成交偏好,BIO LAB听研,0.33%,1260.896481436966
电商品牌成交偏好,妈妈很忙,0.33%,3393.686776454759
电商品牌成交偏好,好欢螺,0.33%,558.6372223304189
电商品牌成交偏好,舒蕾,0.33%,720.8159956857423
电商品牌成交偏好,MAKE SENSE理然,0.32%,354.19489772423583
电商品牌成交偏好,MENOW美诺,0.32%,270.7837248041369
电商品牌成交偏好,Za姬芮,0.32%,744.4152670500965
电商品牌成交偏好,OCAK欧扎克,0.32%,802.9301809953486
电商品牌成交偏好,玛莎诺娅,0.32%,898.0260067072669
电商品牌成交偏好,I'MINT,0.32%,643.9831735108647
电商品牌成交偏好,头厨,0.32%,1662.9358665424415
电商品牌成交偏好,五月季,0.32%,818.7795147280914
电商品牌成交偏好,阿尔法蛋,0.32%,934.813584660242
电商品牌成交偏好,食验室,0.32%,1085.3998599283375
电商品牌成交偏好,特步,0.32%,661.4744384453
电商品牌成交偏好,Vaseline凡士林,0.31%,664.0711904700031
电商品牌成交偏好,Relea物生物,0.31%,1302.683583101198
电商品牌成交偏好,Le Pur’乐纯,0.31%,1643.4473862729565
电商品牌成交偏好,babysheep,0.31%,890.9818972756441
电商品牌成交偏好,AIKUUBEAR爱酷熊,0.31%,489.95801985577697
电商品牌成交偏好,BULL公牛,0.31%,891.6400084087204
电商品牌成交偏好,MeSmooth,0.31%,822.6578100124161
电商品牌成交偏好,豪士,0.31%,404.07028117255646
电商品牌成交偏好,阿道夫,0.31%,651.8745578301681
电商品牌成交偏好,弥玥泉,0.3%,727.0922746397773
电商品牌成交偏好,Maybelline美宝莲,0.3%,601.5277064291457
电商品牌成交偏好,DXC稻香村,0.3%,1013.89655935394
电商品牌成交偏好,WHITE FOREST白森林,0.3%,694.6725358263454
电商品牌成交偏好,TIANSHU天淑,0.3%,611.4855405419237
电商品牌成交偏好,爪爪博士,0.3%,1004.0791291067889
电商品牌成交偏好,timage彩棠,0.3%,434.18586777694924
电商品牌成交偏好,eral艾莱依,0.3%,1040.1500378383168
电商品牌成交偏好,Larbee蜡笔小新,0.3%,717.2084202335969
电商品牌成交偏好,MERCURY水星家纺,0.3%,1276.2317056722952
电商品牌成交偏好,Wahaha娃哈哈,0.3%,1081.0843221837358
电商品牌成交偏好,KÖBACH康巴赫,0.3%,1569.0883590603785
电商品牌成交偏好,BiosericaERA禾素时代,0.3%,1028.4356657869641
电商品牌成交偏好,鑫鑫同学,0.3%,353.66177595609
电商品牌成交偏好,DEPOUND,0.3%,1210.1722952846656
电商品牌成交偏好,Laroche-Posay理肤泉,0.3%,502.0249680775122
电商品牌成交偏好,herlab她研社,0.29%,547.1436440467477
电商品牌成交偏好,Dragon Tooth龙牙,0.29%,862.208023254646
电商品牌成交偏好,妙可蓝多,0.29%,1122.1177302737976
电商品牌成交偏好,Dr.Alva瑷尔博士,0.29%,410.609606877787
电商品牌成交偏好,QINGSHENVHUANG轻奢女皇,0.29%,901.8866037997817
电商品牌成交偏好,Rainbow彩虹,0.29%,1306.0030596985744
电商品牌成交偏好,SATINE金典,0.29%,1187.4574071387149
电商品牌成交偏好,轻氧,0.29%,1142.1893016017102
电商品牌成交偏好,帅楠,0.29%,1040.4784083449797
电商品牌成交偏好,珍视明,0.29%,860.9221882309088
电商品牌成交偏好,棉妮佳,0.29%,808.4183819004853
电商品牌成交偏好,The history of Whoo后,0.28%,658.1361182807867
电商品牌成交偏好,TATA他她,0.28%,1190.601086851588
电商品牌成交偏好,DR.WU达尔肤,0.28%,696.1511774616761
电商品牌成交偏好,MOODY,0.28%,428.64651101054835
电商品牌成交偏好,minayo,0.28%,1088.8300021473888
电商品牌成交偏好,FLORTTE花洛莉亚,0.28%,371.8292861533499
电商品牌成交偏好,金晔,0.28%,1752.0579164270184
电商品牌成交偏好,ROMOSS罗马仕,0.28%,494.95173718474285
电商品牌成交偏好,学而思因材,0.27%,915.8450776936133
电商品牌成交偏好,Nourse卫仕,0.27%,1064.7939694015392
电商品牌成交偏好,牛胖胖,0.27%,1613.8232320979303
电商品牌成交偏好,AJIDOU阿吉豆,0.27%,678.6272916467861
电商品牌成交偏好,MAC魅可,0.27%,588.5452594874827
电商品牌成交偏好,dreame追觅,0.27%,1015.1821026845081
电商品牌成交偏好,MontVoo迈特优,0.27%,1121.1629648043454
电商品牌成交偏好,Lancome兰蔻,0.27%,741.738530432688
电商品牌成交偏好,简醇,0.27%,1526.1824762747315
电商品牌成交偏好,阪织屋,0.27%,683.9126072165509
电商品牌成交偏好,champion,0.27%,814.3533817943289
电商品牌成交偏好,DABAO大宝,0.27%,727.2425388960799
电商品牌成交偏好,软风研究社,0.26%,920.4650089034575
电商品牌成交偏好,DERMABELL德玛贝尔,0.26%,637.4455233099361
电商品牌成交偏好,Estee Lauder雅诗兰黛,0.26%,800.9378613990401
电商品牌成交偏好,FREGATE弗列加特,0.26%,525.1253006200945
电商品牌成交偏好,FPF,0.26%,712.5316796581461
电商品牌成交偏好,Haier海尔,0.26%,1010.0617768676844
电商品牌成交偏好,LEGENDSANDY,0.26%,459.6602523110841
电商品牌成交偏好,清宜,0.26%,1232.7243021637942
电商品牌成交偏好,壹核堂,0.26%,999.169173797201
电商品牌成交偏好,Xiaomi小米,0.26%,327.6481575755656
电商品牌成交偏好,JUNLEBAO君乐宝,0.26%,1561.176227692302
电商品牌成交偏好,ONEFIRE万火,0.26%,657.7682166719677
电商品牌成交偏好,COGI高姿,0.25%,638.753731083797
电商品牌成交偏好,莲讯客家购,0.25%,1078.16404183589
电商品牌成交偏好,中乔,0.25%,681.6322717993352
电商品牌成交偏好,轻龄大师,0.25%,949.9561159809945
电商品牌成交偏好,Chow Tai Seng周大生,0.25%,561.8036730180297
电商品牌成交偏好,D-CAL迪巧,0.25%,1323.7380788042108
电商品牌成交偏好,厚生,0.25%,962.7819966442299
电商品牌成交偏好,松达,0.25%,1219.4886209647902
电商品牌成交偏好,小猿,0.25%,918.8248777463646
电商品牌成交偏好,喜家家,0.25%,1211.2002452026532
电商品牌成交偏好,UGREEN绿联,0.25%,379.28051612439
电商品牌成交偏好,渣渣灰,0.25%,774.1997392295282
电商品牌成交偏好,泡小燕,0.25%,1110.6803597250814
电商品牌成交偏好,FROGPRINCE青蛙王子,0.24%,500.06811664280264
电商品牌成交偏好,博商,0.24%,892.4141583132596
电商品牌成交偏好,YSL圣罗兰,0.24%,685.9416449471319
电商品牌成交偏好,石一昆味,0.24%,3489.325755652818
电商品牌成交偏好,COCO ZONE,0.24%,1636.764244112705
电商品牌成交偏好,Befe,0.24%,615.2026424410897
电商品牌成交偏好,杏林草堂,0.24%,1073.288413138297
电商品牌成交偏好,Hungchi红之,0.24%,367.03864966408497
电商品牌成交偏好,Miao Li妙立,0.24%,1125.1745672622417
电商品牌成交偏好,艾干净,0.24%,1115.2042702637837
电商品牌成交偏好,沃特浦,0.24%,631.8472767233512
电商品牌成交偏好,ELLE,0.24%,823.3273046127607
电商品牌成交偏好,莫奈,0.24%,753.4381471962861
电商品牌成交偏好,周六福,0.23%,472.2148812136243
电商品牌成交偏好,榴芒一刻,0.23%,1099.140467523495
电商品牌成交偏好,蝶岛海歌,0.23%,1052.3059648581193
电商品牌成交偏好,JUELREOU朱莉欧,0.23%,656.5778706447696
电商品牌成交偏好,TOMMARK唐魅可,0.23%,637.236497163525
电商品牌成交偏好,TOUZHIMI透之谜,0.23%,569.7610604333391
电商品牌成交偏好,MORPHY RICHARDS摩飞电器,0.23%,2616.8304209302655
电商品牌成交偏好,ZIKE Up For L'Or姿珂莱,0.23%,702.6826050849143
电商品牌成交偏好,口袋旅行,0.23%,2060.3703410753096
电商品牌成交偏好,莫小仙,0.23%,915.6063120397569
电商品牌成交偏好,东方树叶,0.23%,831.8524650390032
电商品牌成交偏好,Cerave适乐肤,0.23%,493.33574998118917
电商品牌成交偏好,嘉利玛,0.23%,414.05698808521737
电商品牌成交偏好,Ladycare洁婷,0.23%,696.2807213158613
电商品牌成交偏好,Anjoy安井,0.22%,1080.9720245557307
电商品牌成交偏好,MAIGUCUN麦谷村,0.22%,1174.3984296657736
电商品牌成交偏好,可爱多,0.22%,1467.3698939753472
电商品牌成交偏好,金鹤,0.22%,2054.032898783876
电商品牌成交偏好,Durex杜蕾斯,0.22%,408.6748959893389
电商品牌成交偏好,TERUN天润,0.22%,1143.6290922902913
电商品牌成交偏好,L'occitane欧舒丹,0.22%,1265.6232266978714
电商品牌成交偏好,Rocking zoo摇滚动物园,0.22%,549.1977463592829
电商品牌成交偏好,HODO红豆,0.22%,1304.2951180293553
电商品牌成交偏好,life space,0.22%,1462.1076497342615
电商品牌成交偏好,ANESSA安热沙,0.22%,580.4676696906323
电商品牌成交偏好,GNC健安喜,0.22%,1522.4087670552315
电商品牌成交偏好,德克西,0.22%,1564.4686013115984
电商品牌成交偏好,Vero Moda,0.22%,878.2330184579562
电商品牌成交偏好,SKSHU三棵树,0.21%,815.0785475431848
电商品牌成交偏好,nuotai诺泰,0.21%,901.9042232204811
电商品牌成交偏好,YINGYA婴芽,0.21%,648.9130804322265
电商品牌成交偏好,OHBABY欧贝比,0.21%,1143.5138448162768
电商品牌成交偏好,Dr.cheese奶酪博士,0.21%,1654.408971962824
电商品牌成交偏好,衬衫老罗,0.21%,824.7741311726962
电商品牌成交偏好,LIVEN利仁,0.21%,2321.4379157820736
电商品牌成交偏好,Cistto肤见,0.21%,1101.3802457462084
电商品牌成交偏好,NEW BALANCE,0.21%,925.8338880191397
电商品牌成交偏好,ROBINHOOD罗宾汉,0.21%,1009.3428838364806
电商品牌成交偏好,papa爬爬,0.21%,1222.4699060314033
电商品牌成交偏好,Mo&co.摩安珂,0.21%,1027.3452137397437
电商品牌成交偏好,YI KA逸卡,0.2%,393.2512982664987
电商品牌成交偏好,MOLYVIVI,0.2%,1235.484389335324
电商品牌成交偏好,植物主义,0.2%,875.6832862726893
电商品牌成交偏好,海福盛,0.2%,762.8961892444873
电商品牌成交偏好,利磨坊,0.2%,935.7354438947295
电商品牌成交偏好,TUOREN驼人,0.2%,2305.6885519425555
电商品牌成交偏好,BABY BUS宝宝巴士,0.2%,787.024404956109
电商品牌成交偏好,LOTOR小浣熊,0.2%,1335.965570061925
电商品牌成交偏好,梅见,0.2%,874.9368807407326
电商品牌成交偏好,AIMER爱慕,0.2%,1467.9592896761076
电商品牌成交偏好,紫燕食品,0.2%,1144.7823265496997
电商品牌成交偏好,膜法匠,0.2%,644.0537950214144
电商品牌成交偏好,simpcare溪木源,0.2%,279.54508822670556
电商品牌成交偏好,斑马世界,0.19%,921.3390917890125
电商品牌成交偏好,沃尊,0.19%,838.5087732908689
电商品牌成交偏好,Huawei华为,0.19%,542.7067884490039
电商品牌成交偏好,DR.YU玉泽,0.19%,884.0635713823849
电商品牌成交偏好,觅橘,0.19%,340.49643720766574
电商品牌成交偏好,足力健,0.19%,1357.4526318854657
电商品牌成交偏好,HONESTBITE诚实一口,0.19%,403.9723431208583
电商品牌成交偏好,官耳,0.19%,958.8233422823328
电商品牌成交偏好,POREE博锐,0.19%,386.17210172672924
电商品牌成交偏好,洛伊士,0.19%,962.1883448110484
电商品牌成交偏好,Selfieshow靓点拍,0.19%,780.7179281327342
电商品牌成交偏好,神宫,0.19%,879.5129360324071
电商品牌成交偏好,阿么,0.19%,1287.2997844372055
电商品牌成交偏好,爱拉图,0.19%,1149.486278385102
电商品牌成交偏好,JIADIAONI佳钓尼,0.19%,523.6347341260205
电商品牌成交偏好,⁣Peterson’s Lab毕生之研,0.19%,502.3991936746127
电商品牌成交偏好,SHIFENLA食分辣,0.19%,689.2576508651855
电商品牌成交偏好,QUADHA夸迪,0.19%,945.3110411296443
电商品牌成交偏好,The North Face北面,0.18%,909.7387722634702
电商品牌成交偏好,小茶日记,0.18%,530.8411214531043
电商品牌成交偏好,Puma彪马,0.18%,511.48256888728304
电商品牌成交偏好,墨雪,0.18%,945.5890354233907
电商品牌成交偏好,Hydron海昌,0.18%,360.0038320867173
电商品牌成交偏好,INOHERB相宜本草,0.18%,600.9645257031423
电商品牌成交偏好,XENBEA新贝,0.18%,1204.3853919527342
电商品牌成交偏好,德叔鲍鱼,0.18%,1506.0179584962543
电商品牌成交偏好,Converse匡威,0.18%,729.465326939515
电商品牌成交偏好,花田萃,0.18%,1160.7289172450785
电商品牌成交偏好,有道,0.18%,1228.4760291306811
电商品牌成交偏好,Mentholatum曼秀雷敦,0.18%,731.0828216239186
电商品牌成交偏好,uwant就选,0.18%,868.4510118991174
电商品牌成交偏好,S.deer圣迪奥,0.18%,914.295139337123
电商品牌成交偏好,SAMYANG三养,0.18%,480.98775880816913
电商品牌成交偏好,BYHEALTH汤臣倍健,0.18%,1094.681489594992
电商品牌成交偏好,plantpro,0.18%,501.8249787233616
电商品牌成交偏好,Crest佳洁士,0.18%,664.3729492521137
电商品牌成交偏好,宝婴美,0.17%,490.6163657280607
电商品牌成交偏好,JIABUJIA贾不假,0.17%,411.58419673895094
电商品牌成交偏好,Erno Laszlo奥伦纳素,0.17%,1209.7936045288122
电商品牌成交偏好,秋水伊人,0.17%,965.9748304616168
电商品牌成交偏好,YANZAO焱造,0.17%,1999.724720962179
电商品牌成交偏好,宽福,0.17%,598.783091159583
电商品牌成交偏好,周黑鸭,0.17%,661.8534455686934
电商品牌成交偏好,七年五季,0.17%,899.2069938172333
电商品牌成交偏好,MENGNIU蒙牛,0.17%,1055.101979518492
电商品牌成交偏好,辣小娘,0.17%,1659.4044410116253
电商品牌成交偏好,Utour,0.17%,429.55893755501177
电商品牌成交偏好,田园主义,0.17%,1858.0117770108416
电商品牌成交偏好,Redmi红米,0.17%,415.1102827489699
电商品牌成交偏好,LaPeche拉拜诗,0.16%,239.98749753269513
电商品牌成交偏好,HOPE SHOW红袖,0.16%,871.5661902321049
电商品牌成交偏好,EDIFIER漫步者,0.16%,400.26027533730695
电商品牌成交偏好,Keep,0.16%,831.9326043352246
电商品牌成交偏好,JNBY江南布衣,0.16%,1195.325942884914
电商品牌成交偏好,Vans,0.16%,756.0159324763067
电商品牌成交偏好,野营者,0.16%,500.05390041650315
电商品牌成交偏好,NPC,0.16%,782.4852936819121
电商品牌成交偏好,海狸先生,0.16%,1098.1933100260314
电商品牌成交偏好,网易天成,0.16%,456.9857473422492
电商品牌成交偏好,KIKO,0.16%,576.3089246952944
电商品牌成交偏好,Ecovacs科沃斯,0.16%,1116.444124032281
电商品牌成交偏好,Mini Bala迷你巴拉,0.16%,1078.6363164964564
电商品牌成交偏好,Teenie Weenie,0.16%,948.7900068681635
电商品牌成交偏好,西贝莜面村,0.16%,2401.3902562232283
电商品牌成交偏好,八马,0.16%,661.3288624555554
电商品牌成交偏好,Septwolves七匹狼,0.16%,966.2573799594585
电商品牌成交偏好,Hotwind热风,0.16%,857.0559500579808
电商品牌成交偏好,川香秋月,0.16%,1362.8002137305612
电商品牌成交偏好,oralshark口腔鲨鱼,0.16%,865.8843145854825
电商品牌成交偏好,9 34,0.16%,528.9958456827004
电商品牌成交偏好,MAYIHEZI蚂蚁盒子,0.16%,1585.8615103930654
电商品牌成交偏好,SHELI舌里,0.16%,2022.2983968933172
电商品牌成交偏好,印迹,0.15%,1290.5200092769132
电商品牌成交偏好,ein.b怡恩贝,0.15%,991.1109668069894
电商品牌成交偏好,Winona Baby薇诺娜宝贝,0.15%,1399.7217461291489
电商品牌成交偏好,louiscardy路易卡迪,0.15%,537.7635565347217
电商品牌成交偏好,天狼,0.15%,1183.7910312128377
电商品牌成交偏好,FulQun芙清,0.15%,625.0087848657726
电商品牌成交偏好,ONLY,0.15%,780.8682596375392
电商品牌成交偏好,光合星球,0.15%,1523.8975774006215
电商品牌成交偏好,YASEN雅森,0.15%,768.6978367380148
电商品牌成交偏好,flowerknows花知晓,0.15%,252.6730953338917
电商品牌成交偏好,CHARLES&KEITH,0.15%,515.5040302224095
电商品牌成交偏好,LOUIS YAO白鹿语,0.15%,1089.81866458702
电商品牌成交偏好,PHILIPS飞利浦,0.15%,993.9167807389657
电商品牌成交偏好,凯叔讲故事,0.15%,1583.8302145339471
电商品牌成交偏好,嚼绊,0.15%,1489.2373332600282
电商品牌成交偏好,福满棚,0.15%,2013.5834662968762
电商品牌成交偏好,Weidendorf德亚,0.15%,1528.2057152321702
电商品牌成交偏好,CONFU康夫,0.14%,835.0917158920801
电商品牌成交偏好,喵小侠,0.14%,1200.614296365212
电商品牌成交偏好,冷卡,0.14%,416.84508082985656
电商品牌成交偏好,éifini伊芙丽,0.14%,846.0906568410429
电商品牌成交偏好,香飘飘,0.14%,1063.5169252031512
电商品牌成交偏好,ANKER安克,0.14%,822.2558698741235
电商品牌成交偏好,权就,0.14%,969.7958429310447
电商品牌成交偏好,UNISKIN优时颜,0.14%,687.9225642891568
电商品牌成交偏好,airmate艾美特,0.14%,1500.0722650160542
电商品牌成交偏好,Arsis,0.14%,1184.30973474808
电商品牌成交偏好,POP MART泡泡玛特,0.14%,336.7742170017489
电商品牌成交偏好,哈药,0.14%,1026.9188584113454
电商品牌成交偏好,官栈,0.14%,1615.3638701176028
电商品牌成交偏好,MOLSOILED魔渍,0.14%,1040.7499766930712
电商品牌成交偏好,Jmoon极萌,0.14%,813.1250669363059
电商品牌成交偏好,富光,0.13%,1101.2936721305578
电商品牌成交偏好,miguhara咪咕哈啦,0.13%,804.221035367047
电商品牌成交偏好,MQD,0.13%,1162.4091618835766
电商品牌成交偏好,Dohia.com多喜爱,0.13%,1334.3678595522701
电商品牌成交偏好,VT薇缔,0.13%,455.83107655394787
电商品牌成交偏好,Warrior回力,0.13%,501.29949283342444
电商品牌成交偏好,zwilling双立人,0.13%,2233.7591384957746
电商品牌成交偏好,Moucee,0.13%,251.11430695472671
电商品牌成交偏好,Nippon Paint立邦,0.13%,1129.9130589605572
电商品牌成交偏好,DJI大疆,0.13%,545.4442534530374
电商品牌成交偏好,猫大力,0.13%,1034.224615958053
电商品牌成交偏好,OISHI上好佳,0.13%,489.50635972723546
电商品牌成交偏好,honor荣耀,0.13%,533.4683763180077
电商品牌成交偏好,轩妈,0.13%,1071.3802391122001
电商品牌成交偏好,BEGGI鼻精灵,0.13%,1605.5684237536568
电商品牌成交偏好,chillmore,0.13%,919.2050712620221
电商品牌成交偏好,jissbon杰士邦,0.13%,418.55614976520803
电商品牌成交偏好,Genji food源氏,0.13%,849.3709724267695
电商品牌成交偏好,本草纲目,0.13%,443.2617772734056
电商品牌成交偏好,Dancing Up舞动奇迹,0.13%,1103.2771856578427
电商品牌成交偏好,萤石,0.13%,919.7006169135859
电商品牌成交偏好,seven7柒牌,0.13%,739.2788295189436
电商品牌成交偏好,Uringo七彩叮当,0.13%,2157.1785104422574
电商品牌成交偏好,GLORIA歌莉娅,0.13%,991.7228917381354
电商品牌成交偏好,LANCY朗姿,0.13%,1569.8437757821787
电商品牌成交偏好,SHE LOG稀物集,0.13%,399.8542472501264
电商品牌成交偏好,XIAOMIBU小米步,0.13%,1135.5218592398169
电商品牌成交偏好,BIOHYALUX润百颜,0.12%,899.6570613454155
电商品牌成交偏好,黄小姐,0.12%,695.0154369721776
电商品牌成交偏好,MsShe慕姗诗怡,0.12%,1288.0647487526376
电商品牌成交偏好,GXG,0.12%,495.2992519598496
电商品牌成交偏好,FUANNA富安娜,0.12%,1461.279794402721
电商品牌成交偏好,SIMWOOD简木,0.12%,523.2558572708502
电商品牌成交偏好,SUNTORY三得利,0.12%,912.4731041775455
电商品牌成交偏好,食族人,0.12%,895.4589062324521
电商品牌成交偏好,ELF SACK妖精的口袋,0.12%,714.4217365927487
电商品牌成交偏好,MANTING满婷,0.12%,1136.5735766075713
电商品牌成交偏好,程校长,0.12%,775.324172947367
电商品牌成交偏好,tasogare隅田川,0.12%,1149.9164877994708
电商品牌成交偏好,老金磨方,0.12%,1309.9088074140852
电商品牌成交偏好,yiwaeye伊娃爱,0.12%,421.1580592654577
电商品牌成交偏好,仟味神厨,0.12%,1970.6236018863106
电商品牌成交偏好,普云,0.12%,1519.025522947729
电商品牌成交偏好,猿辅导,0.12%,672.6875063694708
电商品牌成交偏好,MINISO名创优品,0.12%,262.19615593305286
电商品牌成交偏好,SHANNAI閃耐,0.12%,546.431902251236
电商品牌成交偏好,SKYWORTH创维,0.12%,857.0997723801942
电商品牌成交偏好,铜师傅,0.12%,1066.399802073718
电商品牌成交偏好,無印良品,0.12%,1100.675082976415
电商品牌成交偏好,kissport,0.12%,507.5474261818525
电商品牌成交偏好,北纬47°,0.12%,2088.6593120509824
电商品牌成交偏好,RedDog红狗,0.12%,581.5036688100444
电商品牌成交偏好,疯狂小狗,0.12%,702.6000518120403
电商品牌成交偏好,lena,0.12%,846.5579001189241
电商品牌成交偏好,F426,0.12%,407.8390134881919
电商品牌成交偏好,态诗雅,0.11%,901.243877418819
电商品牌成交偏好,舒适果,0.11%,879.4642346204066
电商品牌成交偏好,BIODERMA贝德玛,0.11%,680.1430358920085
电商品牌成交偏好,Deerma德尔玛,0.11%,1012.1196192624975
电商品牌成交偏好,Unifree,0.11%,500.66903225060486
电商品牌成交偏好,Hapsode悦芙媞,0.11%,201.7104420306306
电商品牌成交偏好,罗莱,0.11%,1366.000815625409
电商品牌成交偏好,HORIEN海俪恩,0.11%,285.0349325068448
电商品牌成交偏好,NACO,0.11%,1089.0608922260883
电商品牌成交偏好,汉鼎,0.11%,368.85933527665514
电商品牌成交偏好,LILANZ利郎,0.11%,893.8851883836733
电商品牌成交偏好,Miss Candy糖果小姐,0.11%,712.5157333928353
电商品牌成交偏好,COACH蔻驰,0.11%,1056.3925621929886
电商品牌成交偏好,QIANLIXIU纤莉秀,0.11%,1393.366267211207
电商品牌成交偏好,ginoble基诺浦,0.11%,1131.2909355619204
电商品牌成交偏好,窝小芽,0.11%,1351.103746217361
电商品牌成交偏好,素之然,0.11%,379.9173616703132
电商品牌成交偏好,莎瑞诗,0.11%,833.1754201533822
电商品牌成交偏好,kawu卡屋,0.11%,987.5673033893108
电商品牌成交偏好,打丸哥,0.1%,1691.5347140898284
电商品牌成交偏好,珂岸,0.1%,399.6123709360107
电商品牌成交偏好,BOTTLEDJOY,0.1%,1312.9863800427404
电商品牌成交偏好,ClorisLand花皙蔻,0.1%,1845.9691951381474
电商品牌成交偏好,Ulike,0.1%,775.1558514673741
电商品牌成交偏好,keheal科西,0.1%,871.5529850272841
电商品牌成交偏好,椰子知道,0.1%,2285.600592775546
电商品牌成交偏好,IN-PLUS麦德氏,0.1%,869.4037064851605
电商品牌成交偏好,Reloading,0.099%,424.1795120361505
电商品牌成交偏好,Nivea妮维雅,0.099%,392.79114666779884
电商品牌成交偏好,古讴卡,0.098%,604.6926441004028
电商品牌成交偏好,DIOR迪奥,0.098%,729.0530756032088
电商品牌成交偏好,a1,0.098%,967.8761072008159
电商品牌成交偏好,雨范,0.097%,831.8333579220257
电商品牌成交偏好,Ecosure Care优可舒,0.097%,916.9852503542929
电商品牌成交偏好,K-SKIN金稻,0.097%,717.3867631370592
电商品牌成交偏好,yunbaby孕贝,0.096%,1001.6763973933721
电商品牌成交偏好,Ochirly欧时力,0.095%,895.8787397720199
电商品牌成交偏好,submarine潜水艇,0.095%,1089.741537049486
电商品牌成交偏好,yoose有色,0.095%,734.8428716711169
电商品牌成交偏好,Fovulaem枫竺,0.095%,1817.5808409642916
电商品牌成交偏好,Lemonade,0.095%,453.1963783933678
电商品牌成交偏好,MELNG美菱,0.094%,873.8254284361742
电商品牌成交偏好,凯兰登,0.093%,581.6969822724542
电商品牌成交偏好,moodytiger,0.093%,1772.026891130589
电商品牌成交偏好,QIANLINGMEI千灵美,0.093%,706.9229873080754
电商品牌成交偏好,芬斯狄娜,0.093%,787.2326822899585
电商品牌成交偏好,GREEN BEANS BOOK青豆书坊,0.092%,1105.9513714096443
电商品牌成交偏好,RIO锐澳,0.091%,570.8301397649662
电商品牌成交偏好,Riwa雷瓦,0.091%,676.4474825333291
电商品牌成交偏好,CODE MINT纨素之肤,0.091%,637.8622691667327
电商品牌成交偏好,iFLYTEK科大讯飞,0.091%,955.6725375375704
电商品牌成交偏好,药都仁和,0.09%,719.3118279104451
电商品牌成交偏好,York Zoom,0.09%,206.61351037940116
电商品牌成交偏好,友臣,0.089%,1024.3721467160801
电商品牌成交偏好,Lisen,0.089%,807.6196783233307
电商品牌成交偏好,YYKPP,0.089%,850.1761566096806
电商品牌成交偏好,久岁伴,0.089%,1540.4693850921267
电商品牌成交偏好,蒙牛早餐奶,0.088%,1234.7409883712362
电商品牌成交偏好,Panasonic松下,0.088%,1068.4959903191814
电商品牌成交偏好,朴誉,0.088%,906.1739903048887
电商品牌成交偏好,TYMO,0.088%,937.7412589167518
电商品牌成交偏好,OSA欧莎,0.088%,1163.5950882957316
电商品牌成交偏好,佩妮 6+1,0.087%,1385.7189798458562
电商品牌成交偏好,Jessyline杰茜莱,0.086%,815.1204138671172
电商品牌成交偏好,wowo喔喔,0.086%,714.9289025269387
电商品牌成交偏好,KALEIDOS万花镜,0.086%,572.7537823651286
电商品牌成交偏好,FORNI,0.086%,942.5750650263423
电商品牌成交偏好,SID超人,0.085%,534.2445089165931
电商品牌成交偏好,Josiny卓诗尼,0.084%,812.5271434406866
电商品牌成交偏好,大江,0.084%,1820.226375087279
电商品牌成交偏好,MedRepair米蓓尔,0.083%,467.5999950151578
电商品牌成交偏好,英贝健,0.083%,969.0577749755271
电商品牌成交偏好,cature小壳,0.082%,721.923388840645
电商品牌成交偏好,Calvin Klein,0.082%,734.0169752467272
电商品牌成交偏好,泛猫,0.082%,469.8628717376592
电商品牌成交偏好,舒莱,0.082%,515.5531584816663
电商品牌成交偏好,南山食畔,0.082%,1718.7441044881389
电商品牌成交偏好,美鑫达,0.082%,1441.810752927047
电商品牌成交偏好,FABLOOX馥碧诗,0.081%,336.5089682986331
电商品牌成交偏好,broadcast播,0.081%,1185.881468024923
电商品牌成交偏好,遐,0.081%,907.6217992337206
电商品牌成交偏好,臻圆满,0.081%,812.1367110062545
电商品牌成交偏好,WEIWEI维维,0.08%,607.1612202124269
电商品牌成交偏好,古井贡,0.08%,1014.1495140883455
电商品牌成交偏好,品味人家,0.079%,1176.5966645617718
电商品牌成交偏好,DESMAN德施曼,0.079%,775.44392785445
电商品牌成交偏好,Jenner Kendal,0.079%,1791.3939743523017
电商品牌成交偏好,RUIZU锐族,0.079%,830.2353826628216
电商品牌成交偏好,SKG艾诗凯奇,0.079%,1107.1040684397697
电商品牌成交偏好,至本,0.078%,221.50910335320097
电商品牌成交偏好,TSUYAGLA崔娅,0.078%,1137.851257949289
电商品牌成交偏好,SALAXI莎莱茜,0.078%,1106.630788815322
电商品牌成交偏好,饭乎,0.078%,560.2602987256877
电商品牌成交偏好,OPPO,0.077%,373.23462598630715
电商品牌成交偏好,三青漆,0.076%,1031.8633128625172
电商品牌成交偏好,d'zzit,0.076%,920.8687429510253
电商品牌成交偏好,edition,0.075%,1168.3183199523653
电商品牌成交偏好,aigo爱国者,0.074%,492.56475413946725
电商品牌成交偏好,yearcon意尔康,0.074%,1030.872803604428
电商品牌成交偏好,KEYLID健力多,0.074%,1133.1564978196411
电商品牌成交偏好,TAKSAT,0.074%,1453.0964903793356
电商品牌成交偏好,vivo,0.073%,408.756695663941
电商品牌成交偏好,MISS SIXTY,0.073%,1390.5321001926582
电商品牌成交偏好,李子柒,0.072%,686.0458179749736
电商品牌成交偏好,Bio-MESO肌活,0.072%,486.93772696313005
电商品牌成交偏好,Toptrees领先,0.072%,482.95766721503435
电商品牌成交偏好,YINER音儿,0.072%,1397.0160971042974
电商品牌成交偏好,OPPLE欧普照明,0.071%,1032.5790538177444
电商品牌成交偏好,LEDIN乐町,0.071%,639.2906177203258
电商品牌成交偏好,Dangerouspeople,0.069%,287.1781306723178
电商品牌成交偏好,BYHEALTH,0.068%,834.9910520912917
电商品牌成交偏好,高途,0.068%,1150.624387865535
电商品牌成交偏好,Jack Jones杰克琼斯,0.068%,549.6528645837149
电商品牌成交偏好,Purich醇粹,0.068%,430.2946640452607
电商品牌成交偏好,KELME卡尔美,0.068%,453.6214034914866
电商品牌成交偏好,全品,0.067%,670.4331080024346
电商品牌成交偏好,HSAK汉鲨,0.066%,900.458140981222
电商品牌成交偏好,Alessandro Paccuci,0.066%,2047.2410101489597
电商品牌成交偏好,OSA,0.066%,1126.610717802911
电商品牌成交偏好,华望,0.066%,456.71524453737044
电商品牌成交偏好,高爷家,0.066%,472.33972517942095
电商品牌成交偏好,cabbeen卡宾,0.066%,647.6021983520332
电商品牌成交偏好,大水滴,0.065%,362.0606500026045
电商品牌成交偏好,上海药皂,0.065%,1004.5904146475212
电商品牌成交偏好,DR冬日,0.065%,1687.7609764857752
电商品牌成交偏好,OATS HOUSE NATUIAL燕谷坊,0.065%,794.3986278952632
电商品牌成交偏好,轻元素,0.064%,1438.023452438644
电商品牌成交偏好,’SEIFINI诗凡黎,0.063%,870.567667340571
电商品牌成交偏好,DPI,0.062%,1052.742735947718
电商品牌成交偏好,Beazero未零,0.062%,1190.868131629452
电商品牌成交偏好,漫步者花再,0.062%,329.88508283181557
电商品牌成交偏好,爱朴,0.062%,1127.6542032069303
电商品牌成交偏好,starbucks星巴克,0.059%,460.2006126190155
电商品牌成交偏好,优瞳,0.059%,439.03002240483585
电商品牌成交偏好,DIGITALWOLF数码狼,0.059%,564.7034961686254
电商品牌成交偏好,kuka顾家家居,0.059%,945.113125789256
电商品牌成交偏好,恒都,0.059%,1676.185684462252
电商品牌成交偏好,PEAK匹克,0.058%,457.28849218983925
电商品牌成交偏好,M.Latin马·拉丁,0.058%,1363.7073900002401
电商品牌成交偏好,梦洁,0.057%,1608.0329474074829
电商品牌成交偏好,CASSIEY cosmetics,0.056%,640.7079814841356
电商品牌成交偏好,TRY-V创威,0.056%,353.43821032402843
电商品牌成交偏好,WETCODE水密码,0.056%,623.5894129094208
电商品牌成交偏好,雅萌,0.055%,1040.5805420073705
电商品牌成交偏好,牛排保鲜局,0.055%,1081.2309854527057
电商品牌成交偏好,春日来信,0.055%,582.4779358805112
电商品牌成交偏好,HONEYCARE心宠,0.055%,800.90825002626
电商品牌成交偏好,COFANCY可糖,0.054%,520.0990523576697
电商品牌成交偏好,breo倍轻松,0.054%,1189.4447358357952
电商品牌成交偏好,boben泊本,0.054%,250.18547227396107
电商品牌成交偏好,衣香丽影,0.054%,1001.0459512604709
电商品牌成交偏好,SLEEMON喜临门,0.053%,920.7413222642323
电商品牌成交偏好,福派,0.053%,466.53048560356433
电商品牌成交偏好,满分小学霸,0.052%,1257.1394150827598
电商品牌成交偏好,YIKUO忆括,0.052%,952.9295150212228
电商品牌成交偏好,林氏家居,0.052%,771.7870447475545
电商品牌成交偏好,NAVARCH耐威克,0.052%,991.0330936633958
电商品牌成交偏好,PIDAN,0.052%,453.7952649808849
电商品牌成交偏好,MARC&JANIE,0.051%,1192.6176481910259
电商品牌成交偏好,小度,0.051%,1045.2425487781377
电商品牌成交偏好,Pure&Natural伯纳天纯,0.051%,758.0451272061949
电商品牌成交偏好,COBOR可贝尔,0.047%,887.8800925433666
电商品牌成交偏好,FANCI范琦,0.046%,222.9676417626781
电商品牌成交偏好,Reboto瑞佰拓,0.046%,613.9805087302082
电商品牌成交偏好,ZEGL,0.045%,762.545221457665
电商品牌成交偏好,苏醒的乐园,0.044%,705.5045253607191
电商品牌成交偏好,翼眠,0.044%,1287.982517656663
电商品牌成交偏好,AJDE,0.043%,1516.0194895186441
电商品牌成交偏好,两三事,0.042%,644.0738778983924
电商品牌成交偏好,chuzhiyi厨之翼,0.042%,2563.1052231694553
电商品牌成交偏好,NEI WAI内外,0.041%,1178.4441136026308
电商品牌成交偏好,Jovs,0.041%,1051.434433964816
电商品牌成交偏好,genlese真丽斯,0.041%,245.4695663970492
电商品牌成交偏好,WEICA维尔卡特,0.04%,476.682966959124
电商品牌成交偏好,南乙,0.04%,563.9477102848967
电商品牌成交偏好,Budweiser百威,0.038%,1039.6294150340332
电商品牌成交偏好,KBNE卡贝奈尔,0.037%,1039.8559709222636
电商品牌成交偏好,Logitech罗技,0.037%,191.62564610821528
电商品牌成交偏好,陈生记,0.037%,1819.2061941602674
电商品牌成交偏好,泸州老窖,0.037%,863.61944029242
电商品牌成交偏好,cleer,0.036%,1052.3139865113142
电商品牌成交偏好,泸州老窖头曲,0.036%,869.2454103372262
电商品牌成交偏好,青羽雀,0.036%,658.3210444241439
电商品牌成交偏好,志辉,0.036%,555.6559517899734
电商品牌成交偏好,GLOWSIS光言,0.035%,426.94649210000034
电商品牌成交偏好,hcgn浒城古娘,0.034%,1686.3876916623983
电商品牌成交偏好,小彼恩,0.034%,969.1656771396426
电商品牌成交偏好,Huahou花后,0.034%,2467.1629400013394
电商品牌成交偏好,BACKATONE,0.034%,2174.1792294777715
电商品牌成交偏好,CHEERSHOME芝华仕,0.033%,742.2294805842721
电商品牌成交偏好,娅美乐,0.033%,944.9944689719912
电商品牌成交偏好,T-Garden,0.033%,296.12321926073685
电商品牌成交偏好,飞跃,0.032%,514.291148569212
电商品牌成交偏好,西西来了,0.032%,876.5189836032492
电商品牌成交偏好,Kaadas凯迪仕,0.032%,907.1217519737362
电商品牌成交偏好,Alfie&Buddy阿飞和巴弟,0.031%,403.61987923654226
电商品牌成交偏好,织造司,0.031%,680.4003679685534
电商品牌成交偏好,iWALK爱沃可,0.031%,973.2521912786398
电商品牌成交偏好,Fish4Dogs海洋之星,0.03%,497.58143229847815
电商品牌成交偏好,bixdo倍至,0.03%,1266.8004227602755
电商品牌成交偏好,修正,0.029%,851.0252408022113
电商品牌成交偏好,uzis,0.029%,163.04721039359615
电商品牌成交偏好,ARIA LEISURE,0.029%,1850.3178166202201
电商品牌成交偏好,Mermaid美人鱼,0.028%,657.5137864252072
电商品牌成交偏好,TCL,0.028%,682.660417583487
电商品牌成交偏好,XGIMI极米,0.028%,652.8253543542698
电商品牌成交偏好,璇知物,0.028%,2177.454431352916
电商品牌成交偏好,SWAROVSKI施华洛世奇,0.028%,891.1678879963735
电商品牌成交偏好,tonlion唐狮,0.027%,549.2821863571855
电商品牌成交偏好,We are Manner,0.027%,550.4783878560116
电商品牌成交偏好,映趣,0.027%,485.92473663896317
电商品牌成交偏好,多燕瘦,0.026%,900.2171815103986
电商品牌成交偏好,CHICKEN JOJO小鸡叫叫,0.026%,846.1579086313855
电商品牌成交偏好,爪大娘,0.025%,556.7992980799793
电商品牌成交偏好,Dyson戴森,0.024%,1126.059910271599
电商品牌成交偏好,无上味觉,0.024%,957.6686684017463
电商品牌成交偏好,田英章,0.023%,462.496532447894
电商品牌成交偏好,HugoBoss雨果博斯,0.023%,913.5598777184874
电商品牌成交偏好,Costa咖世家,0.022%,836.8831302239948
电商品牌成交偏好,FED飞尔顿,0.021%,1071.6983298961354
电商品牌成交偏好,云妃秀,0.021%,1120.7031169959264
电商品牌成交偏好,Kaalixto,0.021%,357.42939872052386
电商品牌成交偏好,LooraPwd罗拉密码,0.02%,1451.9696980643637
电商品牌成交偏好,BURGER KING汉堡王,0.02%,370.82465211039795
电商品牌成交偏好,AMIRO,0.02%,839.0966787494556
电商品牌成交偏好,TOMMYHILFIGER,0.018%,770.1535717167918
电商品牌成交偏好,云思木想,0.017%,1385.5249015573625
电商品牌成交偏好,执杆江湖,0.017%,380.2541717752339
电商品牌成交偏好,阪画屋,0.017%,787.6311940381822
电商品牌成交偏好,爆猪,0.017%,1156.6012915173483
电商品牌成交偏好,MichaelKors迈克尔高司,0.016%,953.4349983875264
电商品牌成交偏好,Benks邦克仕,0.016%,525.3445371786776
电商品牌成交偏好,Lenovo联想,0.016%,342.90432374647577
电商品牌成交偏好,UKILAU,0.015%,845.7748642523948
电商品牌成交偏好,花至,0.015%,1171.0677487574637
电商品牌成交偏好,MK鸭货,0.015%,770.1807736089496
电商品牌成交偏好,健视佳,0.015%,1505.1346190426266
电商品牌成交偏好,哈啰,0.015%,220.10655754682756
电商品牌成交偏好,海枫,0.014%,546.2762484790405
电商品牌成交偏好,本该时鲜,0.013%,1391.0407522912647
电商品牌成交偏好,sopami,0.013%,407.38447998930224
电商品牌成交偏好,原神,0.013%,83.84861571942827
电商品牌成交偏好,CUKO,0.013%,2021.9107470528843
电商品牌成交偏好,COOKER KING炊大皇,0.012%,1417.4161817717188
电商品牌成交偏好,迦南阳光,0.011%,917.6220753865742
电商品牌成交偏好,SEVENCHIC,0.011%,1055.290032390317
电商品牌成交偏好,Wilson威尔胜,0.0099%,811.9505195413833
电商品牌成交偏好,喜茶,0.0087%,922.8655109679236
电商品牌成交偏好,WassupHouse,0.0087%,289.16785556028606
电商品牌成交偏好,OGP时光肌,0.0087%,1248.9078172380284
电商品牌成交偏好,喜德盛,0.0073%,306.57631448362235
电商品牌成交偏好,bilibili,0.007%,123.5866867742715
电商品牌成交偏好,Zhong An Insurance众安保险,0.0055%,521.2517313697364
电商品牌成交偏好,欧拉,0.0044%,250.18349399147982
电商品牌成交偏好,莫易,0.0041%,583.7614859801195
电商品牌成交偏好,俏舅妈,0.0041%,491.5734809263485
电商品牌成交偏好,网易游戏,0.0032%,109.93921233159955
电商品牌成交偏好,antas安泰,0.0032%,1230.5597863803844
电商品牌成交偏好,妃鱼,0.0023%,1115.08027053024
电商品牌成交偏好,JINKAIRUI金凯瑞,0.0023%,257.0265050985506
电商品牌成交偏好,YADEA雅迪,0.002%,583.7614859801195
电商品牌成交偏好,SIX STAR六星,0.0015%,180.9103796358801
电商品牌成交偏好,诺必行,0.0009%,525.2623970902198
电商品牌成交偏好,十三姑,0.0009%,729.6307017601348
电商品牌成交偏好,wps,0.0006%,283.0609673826143
电商品牌成交偏好,五菱汽车,0.0006%,719.8040256421531
电商品牌成交偏好,路易斯悍马,0%,-
电商品牌成交偏好,吉利汽车,0%,-
电商品牌成交偏好,Chanjet畅捷通,0%,-
电商品牌成交偏好,华夏希尔顿,0%,-
电商品牌成交偏好,小米移动,0%,-
电商品牌成交偏好,陶陶居,0%,-
电商品牌成交偏好,OVL,0%,-
电商品牌成交偏好,YUZHAOLIN俞兆林,0%,-
电商品牌成交偏好,JAVLCOCE娇可可,0%,-
电商品牌成交偏好,ck&wq,0%,-
电商品牌成交偏好,皮皮嘴,0%,-
电商品牌成交偏好,BECKBEKA,0%,-
电商品牌成交偏好,CLASSIC TEDDY精典泰迪,0%,-
电商品牌成交偏好,DERMAFIRM德妃,0%,-
电商品牌成交偏好,叮咚买菜,0%,-
电商品牌成交偏好,TKZ,0%,-
电商品牌成交偏好,肯德基,0%,-
电商消费频次,(0，5],1.78%,16.564076241716343
电商消费频次,(5，10],2.36%,45.122626538415886
电商消费频次,(10，15],2.58%,70.0117653596879
电商消费频次,(15，20],2.73%,96.83571655269562
电商消费频次,(20，25],2.78%,123.10774921845844
电商消费频次,(25，30],2.77%,149.4335303683237
电商消费频次,(30，35],2.78%,178.70660150226368
电商消费频次,(35，40],2.7%,203.63709830843564
电商消费频次,(40，45],2.68%,234.38833664926108
电商消费频次,(45，+∞),76.85%,645.3350554864859
电商消费金额,(0，50],1.04%,16.184165441296518
电商消费金额,(50，100],0.7%,27.14068786540689
电商消费金额,(100，150],0.68%,37.179482573421836
电商消费金额,(150，200],0.7%,45.117240185334325
电商消费金额,(200，300],1.34%,56.06595047726975
电商消费金额,(300，500],2.66%,76.46733607266809
电商消费金额,(500，1000],6.46%,120.89476930338392
电商消费金额,(1000，1500],5.77%,176.148232929298
电商消费金额,(1500，2000],5.21%,226.30533321098306
电商消费金额,(2000，+∞),75.43%,568.9494393320758
触点互动偏好,通投,99.05%,175.62247602962736
触点互动偏好,抖音,98.86%,179.94230676435905
触点互动偏好,今日头条,1.04%,22.806782384329498
触点互动偏好,番茄小说,0.068%,23.682259026804335
触点互动偏好,西瓜,0.022%,4.359361735969678
触点互动偏好,住小帮,0.0016%,32.71179390667539
触点互动偏好,火山,0%,-
触点互动偏好,剪映,0%,-
触点互动偏好,通投-通投智选,57.94%,208.34260671426352
触点互动偏好,通投-千川短视频图文带货,57.96%,461.9891854693096
触点互动偏好,通投-AD竞价搜索,19.9%,228.60933652412095
触点互动偏好,通投-千川直播带货,60.81%,452.8312662913989
触点互动偏好,通投-品牌热榜,21.58%,249.59701221140574
触点互动偏好,通投-开屏全域通,0.14%,179.76529845758625
触点互动偏好,通投-本地推视频推广,12.33%,238.89115433099786
触点互动偏好,通投-信息流全域通,0.45%,362.340346830824
触点互动偏好,通投-千川直播竞价搜索,12.15%,408.4455950159584
触点互动偏好,通投-本地推直播推广,9.71%,308.9884226622499
触点互动偏好,通投-搜索品专,6.28%,235.57868598298666
触点互动偏好,通投-千川短视频图文搜索,11.03%,452.84120809805114
触点互动偏好,通投-小店随心推,32.62%,463.8420563167469
触点互动偏好,抖音-内容热推（含磁贴）,22.39%,303.86413883081985
触点互动偏好,抖音-星图视频推广,52.41%,239.21586165780803
触点互动偏好,抖音-企业号视频,44.11%,296.46662119076086
触点互动偏好,抖音-自然内容,67.71%,241.7361239179739
触点互动偏好,抖音-TopView炫屏,26.64%,313.9973497729559
触点互动偏好,抖音-挑战赛,45.98%,221.86432124538632
触点互动偏好,抖音-feedslive,11.47%,304.16737084540665
触点互动偏好,抖音-信息流,28.06%,265.2182350405864
触点互动偏好,抖音-内容热推（不含磁贴）,23.75%,285.14738412786744
触点互动偏好,抖音-DOU+,14.72%,211.2502201663094
触点互动偏好,抖音-开屏,18.14%,291.9010661368601
触点互动偏好,抖音-其他,3.95%,255.86210519696886
触点互动偏好,抖音-AD首选媒体,49.58%,239.03666703654457
触点互动偏好,抖音-自然搜索,22.21%,239.62379662832464
触点互动偏好,抖音-企业号直播,45.94%,488.49030577837453
触点互动偏好,抖音-团购达人视频,30.84%,313.2177160178418
触点互动偏好,今日头条-AD首选媒体,1.36%,36.32979023039897
触点互动偏好,今日头条-企业号视频,0%,-
触点互动偏好,今日头条-其他,0.069%,21.287447882243235
触点互动偏好,今日头条-开屏,0.018%,2.1701581891640758
触点互动偏好,今日头条-星图文章推广,0.0004%,0.8376602900938411
触点互动偏好,今日头条-TopView炫屏,0.0025%,0.9157761211323615
触点互动偏好,今日头条-信息流,0.027%,3.1413391739943077
触点互动偏好,今日头条-自然搜索,0.0099%,1.471993600102728
触点互动偏好,今日头条-头条号外,0.017%,1.829016721300753
触点互动偏好,今日头条-自然内容,0.047%,2.3427089248023503
触点互动偏好,番茄小说-开屏,0.0013%,3.259670088352045
触点互动偏好,番茄小说-其他,0%,-
触点互动偏好,番茄小说-AD首选媒体,0.076%,23.875561526008333
触点互动偏好,西瓜-自然搜索,0.0016%,3.1876805429914183
触点互动偏好,西瓜-企业号视频,0%,-
触点互动偏好,西瓜-开屏,0.0074%,4.2015398473161305
触点互动偏好,西瓜-信息流,0%,-
触点互动偏好,西瓜-AD首选媒体,0.022%,5.211810902486964
触点互动偏好,西瓜-自然内容,0.014%,4.749088505476919
触点互动偏好,住小帮-信息流,0.0009%,37.34832208520606
触点互动偏好,住小帮-开屏,0.0004%,15.376113612811126
触点互动偏好,住小帮-AD首选媒体,0.0004%,26.21923323867844
触点互动偏好,住小帮-其他,0.0016%,47.56482297742613
触点互动偏好,火山-AD首选媒体,0%,-
触点互动偏好,火山-自然内容,0%,-
触点互动偏好,剪映-开屏,0%,-
城市,北京,2.77%,142.6519638370165
城市,天津,1.76%,156.99553666052907
城市,石家庄,0.74%,93.70198205053279
城市,唐山,0.37%,86.44519571741422
城市,秦皇岛,0.18%,101.28175960659887
城市,邯郸,0.48%,87.86147405720985
城市,邢台,0.34%,78.26318369436487
城市,保定,0.92%,121.65620981272922
城市,张家口,0.26%,112.58316921327345
城市,承德,0.19%,106.034835884227
城市,沧州,0.4%,92.69428647717585
城市,廊坊,0.61%,136.5974862572068
城市,衡水,0.2%,85.31206793543028
城市,太原,0.62%,137.44946735093865
城市,大同,0.17%,95.02075903693597
城市,阳泉,0.097%,118.15243320294881
城市,长治,0.22%,108.42840614188485
城市,晋城,0.14%,95.79456762180394
城市,朔州,0.055%,67.5129254652306
城市,晋中,0.24%,102.89174624389268
城市,运城,0.29%,98.06952756657003
城市,忻州,0.11%,78.33155321048231
城市,临汾,0.23%,97.78953878425108
城市,吕梁,0.14%,75.28998693363688
城市,呼和浩特,0.21%,83.61994546437592
城市,包头,0.16%,92.3220716824948
城市,乌海,0.033%,96.53847199751888
城市,赤峰,0.13%,60.89040220962252
城市,通辽,0.078%,57.606192741057995
城市,鄂尔多斯,0.11%,69.37751526980554
城市,呼伦贝尔,0.13%,104.80759045312426
城市,巴彦淖尔,0.066%,79.42475365610254
城市,乌兰察布,0.055%,67.81603029358261
城市,兴安,0.04%,57.2504796506378
城市,锡林郭勒,0.078%,104.9614000704668
城市,阿拉善,0.022%,89.5298347799266
城市,沈阳,0.89%,132.05774800355644
城市,大连,0.77%,148.5539567337039
城市,鞍山,0.22%,123.43926918997423
城市,抚顺,0.13%,127.44594239624254
城市,本溪,0.11%,156.01821750440214
城市,丹东,0.19%,153.431158556469
城市,锦州,0.13%,99.3127790444398
城市,营口,0.16%,122.56731361525392
城市,阜新,0.085%,108.30220328897741
城市,辽阳,0.087%,109.77029171816764
城市,盘锦,0.098%,117.27769057082477
城市,铁岭,0.092%,92.90733415517772
城市,朝阳,0.097%,81.71971461656135
城市,葫芦岛,0.11%,95.55850017170424
城市,长春,0.67%,115.89393902278586
城市,吉林,0.22%,121.67249077659339
城市,四平,0.07%,91.20955691808055
城市,辽源,0.044%,98.97858222075706
城市,通化,0.12%,137.61343644314204
城市,白山,0.083%,164.8241823917484
城市,松原,0.072%,78.54548442687937
城市,白城,0.068%,100.65297248751088
城市,延边,0.16%,155.32801018623326
城市,哈尔滨,0.74%,119.48661415380258
城市,齐齐哈尔,0.17%,105.21418099993475
城市,鸡西,0.089%,127.82416151112474
城市,鹤岗,0.052%,125.99746354054753
城市,双鸭山,0.069%,121.84373779706694
城市,大庆,0.16%,117.63168720413977
城市,伊春,0.072%,172.99452942429465
城市,佳木斯,0.12%,117.2675196361222
城市,七台河,0.034%,109.34721717800728
城市,牡丹江,0.15%,140.80237990610198
城市,黑河,0.079%,136.56043358822907
城市,绥化,0.11%,83.06631103174094
城市,大兴安岭,0.026%,158.68268342124486
城市,上海,2.85%,137.8517031014639
城市,南京,1.07%,129.9431344933544
城市,无锡,0.88%,138.29315511083618
城市,徐州,0.73%,123.78558791897885
城市,常州,0.58%,128.19286867178812
城市,苏州,1.67%,130.14109912915487
城市,南通,0.72%,129.32843087926292
城市,连云港,0.37%,129.17064210303053
城市,淮安,0.35%,118.8233359942051
城市,盐城,0.49%,111.22500542380824
城市,扬州,0.41%,130.90493258302823
城市,镇江,0.32%,132.6663204899523
城市,泰州,0.35%,118.55341075252682
城市,宿迁,0.35%,110.60417361419373
城市,杭州,1.52%,122.47211554693556
城市,宁波,1.22%,142.8336414681861
城市,温州,0.99%,132.98879770278677
城市,嘉兴,0.66%,134.8613517038122
城市,湖州,0.42%,141.34295503440933
城市,绍兴,0.56%,135.9595058735991
城市,金华,0.92%,130.76981302321457
城市,衢州,0.19%,123.7581126352374
城市,舟山,0.16%,161.29649031687111
城市,台州,0.55%,107.3282688827591
城市,丽水,0.19%,117.4426334055205
城市,合肥,1.16%,146.165013267413
城市,芜湖,0.31%,121.6723874575675
城市,蚌埠,0.28%,137.63851142245775
城市,淮南,0.22%,127.35021207608901
城市,马鞍山,0.18%,125.7722929572217
城市,淮北,0.14%,120.48605475141161
城市,铜陵,0.094%,126.14800339016175
城市,安庆,0.24%,107.08337678892337
城市,黄山,0.1%,122.72097664480381
城市,滁州,0.35%,143.6876070274526
城市,阜阳,0.41%,103.65600841907896
城市,宿州,0.31%,113.03894890157571
城市,六安,0.28%,113.85042689256697
城市,亳州,0.26%,103.72274752079866
城市,池州,0.11%,129.80447088692526
城市,宣城,0.25%,147.83565743948486
城市,福州,0.68%,106.25086745907612
城市,厦门,0.44%,99.57419521893173
城市,莆田,0.27%,117.45542103525759
城市,三明,0.15%,107.09423396937021
城市,泉州,0.75%,106.09194602714993
城市,漳州,0.38%,109.70274249084571
城市,南平,0.2%,128.29522156374196
城市,龙岩,0.16%,99.44501227629941
城市,宁德,0.19%,97.25215298740764
城市,南昌,0.57%,110.65525040693625
城市,景德镇,0.15%,132.21035694702115
城市,萍乡,0.1%,95.82306330904548
城市,九江,0.27%,101.67343176594561
城市,新余,0.07%,91.74513795867973
城市,鹰潭,0.088%,131.81243528897252
城市,赣州,0.46%,91.7977256463578
城市,吉安,0.21%,88.79717386093549
城市,宜春,0.25%,94.55106062196332
城市,抚州,0.21%,112.25654161230645
城市,上饶,0.34%,106.22003984866512
城市,济南,0.99%,126.19702168511455
城市,青岛,1.28%,151.90035762439754
城市,淄博,0.35%,120.33953668384483
城市,枣庄,0.19%,85.84849283772726
城市,东营,0.22%,142.009801537495
城市,烟台,0.74%,154.88792089587173
城市,潍坊,0.8%,129.6137528538813
城市,济宁,0.44%,96.2576495065576
城市,泰安,0.3%,107.13400181637837
城市,威海,0.33%,153.27789732129767
城市,日照,0.23%,125.60644410208195
城市,莱芜,0%,-
城市,临沂,0.56%,88.46485887012253
城市,德州,0.31%,106.21830414027535
城市,聊城,0.28%,88.31919040248926
城市,滨州,0.22%,97.11258305202372
城市,菏泽,0.43%,92.28415460696911
城市,郑州,1.12%,97.6303325987044
城市,开封,0.24%,83.46932446816628
城市,洛阳,0.45%,93.70649375943478
城市,平顶山,0.23%,81.6639768827563
城市,安阳,0.3%,92.00859555193169
城市,鹤壁,0.092%,94.2716929070152
城市,新乡,0.34%,84.67611162955697
城市,焦作,0.25%,111.15775634963141
城市,濮阳,0.16%,78.81163700973264
城市,许昌,0.19%,70.60760492461901
城市,漯河,0.12%,82.85370419418435
城市,三门峡,0.12%,96.72429931520973
城市,南阳,0.41%,78.5713440109909
城市,商丘,0.44%,101.15970354312331
城市,信阳,0.31%,94.02520089826665
城市,周口,0.36%,76.08471905399553
城市,驻马店,0.31%,81.78895278360963
城市,济源,0.057%,115.65711527634059
城市,武汉,1.25%,108.33671660085335
城市,黄石,0.16%,114.28006693425826
城市,十堰,0.16%,99.35023778441172
城市,宜昌,0.27%,111.80351556372624
城市,襄阳,0.26%,91.42971212211015
城市,鄂州,0.075%,114.27015473740494
城市,荆门,0.15%,104.56296250683701
城市,孝感,0.22%,100.51745487360697
城市,荆州,0.26%,95.76745023984418
城市,黄冈,0.26%,86.70607828955634
城市,咸宁,0.14%,100.76263047259944
城市,随州,0.092%,94.57194540765416
城市,恩施,0.19%,100.83437601593737
城市,仙桃,0.074%,103.98182489283462
城市,潜江,0.051%,104.07925309698098
城市,天门,0.053%,90.92553496709517
城市,神农架,0.0033%,80.28032969885643
城市,长沙,0.89%,95.66310914601172
城市,株洲,0.2%,87.88020420040611
城市,湘潭,0.13%,82.31567237073553
城市,衡阳,0.25%,79.09959782815243
城市,邵阳,0.18%,62.54291034173936
城市,岳阳,0.21%,83.8220780971483
城市,常德,0.23%,85.65838789299288
城市,张家界,0.083%,97.17392688154108
城市,益阳,0.13%,72.78548034664989
城市,郴州,0.21%,88.88597374932706
城市,永州,0.17%,72.32742810309381
城市,怀化,0.21%,89.81295939396422
城市,娄底,0.12%,67.46808012797455
城市,湘西,0.12%,95.46431112644875
城市,广州,1.86%,98.31378222534786
城市,韶关,0.17%,101.32925284643706
城市,深圳,1.78%,111.15369122130735
城市,珠海,0.27%,118.91447606521872
城市,汕头,0.45%,109.5405882722419
城市,佛山,0.97%,103.7794348955926
城市,江门,0.33%,97.22736866113976
城市,湛江,0.3%,78.23937692703431
城市,茂名,0.24%,78.85052230199882
城市,肇庆,0.26%,98.30652078620687
城市,惠州,0.7%,114.48926125886409
城市,梅州,0.17%,86.57117558904909
城市,汕尾,0.22%,131.67250341296807
城市,河源,0.14%,89.37266318219208
城市,阳江,0.14%,89.94039196690852
城市,清远,0.24%,95.98532103741316
城市,东莞,1.33%,106.23445783115358
城市,中山,0.54%,114.9573035021341
城市,潮州,0.2%,113.13512682889575
城市,揭阳,0.38%,111.87920938223203
城市,云浮,0.11%,87.84361108620008
城市,南宁,0.58%,82.8471163469369
城市,柳州,0.23%,86.56045002050735
城市,桂林,0.23%,75.30436035519065
城市,梧州,0.1%,66.72996501681153
城市,北海,0.12%,97.92417470148754
城市,防城港,0.074%,102.15688474155229
城市,钦州,0.13%,74.62341972749695
城市,贵港,0.14%,67.44595147155736
城市,玉林,0.22%,73.80984730684284
城市,百色,0.12%,60.57800132826448
城市,贺州,0.075%,70.7718474361703
城市,河池,0.12%,66.62731855564789
城市,来宾,0.077%,68.46007438458167
城市,崇左,0.091%,75.60463511269884
城市,海口,0.21%,85.18257308546316
城市,三亚,0.1%,97.85623815690174
城市,三沙,0.001%,62.211880517327835
城市,儋州,0.036%,60.243222827078824
城市,五指山,0.0065%,84.74132296809294
城市,琼海,0.029%,81.3139891048688
城市,文昌,0.024%,65.01102093899233
城市,万宁,0.024%,70.30152569213894
城市,东方,0.019%,66.16294049687461
城市,定安,0.008%,50.21067124023424
城市,屯昌,0.01%,71.49261229924241
城市,澄迈,0.025%,74.10524227121893
城市,临高,0.014%,59.46160018052855
城市,白沙,0.0036%,40.50381411351018
城市,昌江,0.0096%,66.80566290758111
城市,乐东,0.018%,58.5488108438024
城市,陵水,0.022%,72.96891050984571
城市,保亭,0.0075%,74.28584182788438
城市,琼中,0.011%,95.72140621960912
城市,重庆,2.29%,114.87737034584433
城市,成都,2.13%,120.61851148381267
城市,自贡,0.14%,107.58541637500944
城市,攀枝花,0.098%,143.17105946424576
城市,泸州,0.25%,111.46957724876283
城市,德阳,0.25%,121.54638808094337
城市,绵阳,0.32%,110.95120012785999
城市,广元,0.13%,96.52682711720556
城市,遂宁,0.16%,117.37018131904509
城市,内江,0.18%,121.00439226748156
城市,乐山,0.2%,106.84399005218796
城市,南充,0.26%,96.95044523401741
城市,眉山,0.23%,123.24855629914266
城市,宜宾,0.28%,104.6662880392328
城市,广安,0.16%,107.06039926623629
城市,达州,0.22%,101.60558221713924
城市,雅安,0.092%,106.61073858615757
城市,巴中,0.1%,82.74103359624631
城市,资阳,0.11%,100.8788788278236
城市,阿坝,0.041%,71.32127114770923
城市,甘孜,0.033%,48.29246586276904
城市,凉山,0.17%,79.25539615112098
城市,贵阳,0.76%,149.201342985339
城市,六盘水,0.18%,107.85237922717599
城市,遵义,0.52%,131.7124555076089
城市,安顺,0.14%,105.3245272236992
城市,毕节,0.29%,90.17118488239545
城市,铜仁,0.21%,125.58166388768734
城市,黔西南,0.17%,102.38793724512725
城市,黔东南,0.19%,92.41132172281247
城市,黔南,0.22%,108.795844163236
城市,昆明,0.72%,98.64953283471677
城市,曲靖,0.22%,75.10386548798385
城市,玉溪,0.089%,65.77026348552852
城市,保山,0.09%,67.91896397235004
城市,昭通,0.17%,78.90543512036194
城市,丽江,0.074%,92.4139321303001
城市,普洱,0.072%,51.06954066363556
城市,临沧,0.065%,54.47433895398678
城市,楚雄,0.065%,52.693497669911174
城市,红河,0.15%,59.83139286181965
城市,文山,0.095%,56.012293983812825
城市,西双版纳,0.091%,85.26941379708778
城市,大理,0.16%,79.40073604351898
城市,德宏,0.08%,73.5325510922423
城市,怒江,0.015%,52.638054442278836
城市,迪庆,0.018%,63.19145714763987
城市,拉萨,0.027%,27.414079385686875
城市,日喀则,0.0086%,16.59506651522207
城市,昌都,0.009%,20.0759949967358
城市,林芝,0.008%,26.60241975903679
城市,山南,0.0034%,12.48193817074909
城市,那曲,0.005%,16.635358792222743
城市,阿里,0.0038%,24.532226605700327
城市,西安,1.57%,134.06876353422481
城市,铜川,0.053%,122.87714880431832
城市,宝鸡,0.22%,111.00377921354794
城市,咸阳,0.38%,119.05026278282766
城市,渭南,0.29%,106.1711154609882
城市,延安,0.12%,88.09903140141418
城市,汉中,0.15%,87.79721505101574
城市,榆林,0.17%,74.59511068677891
城市,安康,0.096%,74.60244561588766
城市,商洛,0.068%,68.54272627371688
城市,兰州,0.37%,102.63419803907077
城市,嘉峪关,0.026%,110.03155018941516
城市,金昌,0.022%,74.95180932525498
城市,白银,0.055%,76.51618839567061
城市,天水,0.083%,67.61617991950176
城市,武威,0.035%,47.88383119659473
城市,张掖,0.034%,50.01307464197021
城市,平凉,0.043%,55.12212617691623
城市,酒泉,0.072%,90.7583320168658
城市,庆阳,0.056%,54.16428100871621
城市,定西,0.042%,45.26615116208747
城市,陇南,0.068%,65.17207538654719
城市,临夏,0.027%,32.297215207009955
城市,甘南,0.014%,42.67609299207798
城市,西宁,0.12%,69.25857138799017
城市,海东,0.013%,23.950389787743006
城市,海北,0.0023%,18.258975887064807
城市,黄南,0.0025%,23.55467701523551
城市,海南,0.0057%,29.16939894265153
城市,果洛,0.0017%,18.62021533372504
城市,玉树,0.0044%,23.291086633326458
城市,海西,0.019%,51.75508181351087
城市,银川,0.19%,86.08525875719393
城市,石嘴山,0.034%,80.01543322151674
城市,吴忠,0.029%,40.358414481014805
城市,固原,0.016%,36.130116931007144
城市,中卫,0.025%,49.23088705334004
城市,乌鲁木齐,0.2%,59.81758381947439
城市,克拉玛依,0.026%,73.24654219539651
城市,吐鲁番,0.014%,31.2359752089795
城市,哈密,0.033%,52.38634858032888
城市,昌吉,0.063%,51.62867683439324
城市,博尔塔拉,0.016%,45.46462668015629
城市,巴音郭楞,0.06%,48.996728514719315
城市,阿克苏,0.044%,26.667326429280315
城市,克孜勒苏,0.0063%,18.245119370101964
城市,喀什,0.051%,21.29152067114108
城市,和田,0.021%,17.89107385344452
城市,伊犁,0.085%,43.57341487231238
城市,塔城,0.041%,55.896425936437524
城市,阿勒泰,0.026%,55.88994030496115
城市,石河子,0.024%,61.42567864086318
城市,阿拉尔,0.011%,48.74022232935181
城市,图木舒克,0.0027%,34.07792794452782
城市,五家渠,0.0057%,55.637569127555565
城市,北屯,0.0055%,75.972882041032
城市,铁门关,0.001%,30.449343476722284
城市,双河,0.0011%,37.653384225925365
城市,可克达拉,0.0021%,41.0993096827529
城市,台湾,0%,-
城市,香港,0.0023%,25.104098477475812
城市,澳门,0.0017%,91.17466493899967
城市等级,一线城市,9.3%,123.19106062879312
城市等级,新一线城市,20.83%,121.73306108663533
城市等级,二线城市,20.39%,120.51794085585637
城市等级,三线城市,22.28%,104.47302236474856
城市等级,四线城市,17.72%,94.96144381534529
城市等级,五线城市,9.48%,79.43551914704054
城市等级,港澳台城市,0.004%,36.17507872871303
抖音视频观看兴趣分类v2,美食,16.28%,226.0940386334886
抖音视频观看兴趣分类v2,科技,2.12%,223.3133260815422
抖音视频观看兴趣分类v2,音乐,2.67%,226.27948677706087
抖音视频观看兴趣分类v2,金融,2.14%,230.47101420405215
抖音视频观看兴趣分类v2,动植物,5.06%,204.5833288776499
抖音视频观看兴趣分类v2,运动,8.57%,228.60370772620735
抖音视频观看兴趣分类v2,军政法警,2.46%,212.14264065334848
抖音视频观看兴趣分类v2,亲子,4.16%,218.98260596237088
抖音视频观看兴趣分类v2,舞蹈,3.07%,214.7842808893238
抖音视频观看兴趣分类v2,影视,3.77%,193.34514925372378
抖音视频观看兴趣分类v2,新闻,2.92%,198.69026494510592
抖音视频观看兴趣分类v2,生活,4.12%,197.44812317504093
抖音视频观看兴趣分类v2,演绎,5.69%,199.84357702658463
抖音视频观看兴趣分类v2,医疗,2.32%,244.84410540664908
抖音视频观看兴趣分类v2,时尚,22.9%,242.76332577667682
抖音视频观看兴趣分类v2,二次元,3.28%,210.8331034768576
抖音视频观看兴趣分类v2,创意,5.89%,216.427206648222
抖音视频观看兴趣分类v2,情感,2.69%,230.03136004775885
抖音视频观看兴趣分类v2,文化教育,8.58%,201.89993289894738
抖音视频观看兴趣分类v2,汽车,3.97%,213.92729162859777
抖音视频观看兴趣分类v2,拍摄,6.36%,195.6558499065857
抖音视频观看兴趣分类v2,游戏,2.36%,199.63415602029053
抖音视频观看兴趣分类v2,旅行,8.47%,214.28725512659065
抖音视频观看兴趣分类v2,农村,2.65%,229.1544781044504
抖音视频观看兴趣分类v2,辅助标签,0.96%,263.12470705065914
