标签类型,标签,地域寻味人-排电商数据-占比,地域寻味人-排电商数据-tgi
预测性别,男,54.21%,110.90665949390595
预测性别,女,45.79%,101.24013537928631
预测年龄段,18-19,0.037%,1.342031504335636
预测年龄段,20-23,0.057%,0.9112498204692867
预测年龄段,24-30,0.14%,1.0409833142321976
预测年龄段,31-35,1.1%,15.435144843746842
预测年龄段,36-40,18.13%,111.05977011800552
预测年龄段,41-45,33.52%,583.0642829862753
预测年龄段,46-50,46.62%,526.9852052661474
预测年龄段,51-55,0.28%,4.162831523683204
预测年龄段,56-59,0.011%,0.24176271912231317
预测年龄段,60+,0.12%,0.6127945143030472
地域分布,北京,9.9%,510.36424610517616
地域分布,天津,5.06%,451.35537690937764
地域分布,河北,0.59%,12.748321811282972
地域分布,山西,0.077%,3.440908285917942
地域分布,内蒙古,0.049%,3.4552210173167355
地域分布,辽宁,2.71%,108.1879434331547
地域分布,吉林,0.051%,3.97351456749972
地域分布,黑龙江,0.051%,3.231758328928036
地域分布,上海,10.16%,492.44211029276084
地域分布,江苏,10.31%,157.95185141556604
地域分布,浙江,8.98%,158.67164227267227
地域分布,安徽,0.29%,7.843452159950895
地域分布,福建,0.13%,4.306192461878841
地域分布,江西,0.15%,5.595220827080265
地域分布,山东,4.02%,62.426861341925424
地域分布,河南,4.21%,68.41129980175876
地域分布,湖北,4.33%,120.44535262893818
地域分布,湖南,3.32%,89.61612977668781
地域分布,广东,16.81%,161.65880045651372
地域分布,广西,0.087%,2.8991201589410176
地域分布,海南,0.026%,3.4863327177118286
地域分布,重庆,5.63%,283.4499658213597
地域分布,四川,5.56%,111.18154406495353
地域分布,贵州,0.078%,3.428233680973763
地域分布,云南,2.3%,80.68717764180072
地域分布,西藏,0.012%,4.049539878603233
地域分布,陕西,4.98%,180.40849327576575
地域分布,甘肃,0.044%,3.363823765369532
地域分布,青海,0.0079%,2.412400509075446
地域分布,宁夏,0.014%,3.249711920631844
地域分布,新疆,0.042%,2.423092571630982
地域分布,台湾,0%,-
地域分布,香港,0.0059%,35.75132757867915
地域分布,澳门,0.0014%,44.07568882562212
八大消费群体,新锐白领,1.23%,16.707419135648628
八大消费群体,都市银发,0.36%,2.2675814188815755
八大消费群体,精致妈妈,0.36%,13.530282279149592
八大消费群体,都市蓝领,0.019%,0.13346682506511573
八大消费群体,genz,0.2%,1.8766921851973855
八大消费群体,小镇青年,0.0049%,0.03474360967165335
八大消费群体,资深中产,97.93%,2616.4936309920245
八大消费群体,小镇中老年,0.078%,0.6313004970543232
预测消费能力,低消费,0.008%,0.014184363434315016
预测消费能力,高消费,69.08%,577.7778671099907
预测消费能力,中消费,30.91%,252.54663945461004
手机品牌,360,0.022%,122.44754220954871
手机品牌,苹果,33.65%,144.94149842703246
手机品牌,华为,38.12%,159.408877401451
手机品牌,小米,8.09%,88.99148810471708
手机品牌,三星,1.1%,169.523209871173
手机品牌,OPPO,11.59%,64.03874617972194
手机品牌,vivo,9.65%,58.1119514394636
手机品牌,魅族,0.071%,82.83282171090724
手机品牌,金立,0.021%,56.558314034001555
手机品牌,酷派,0.0022%,17.14604923333098
手机品牌,联想,0.13%,108.29917744688262
手机品牌,乐视,0.0022%,46.753168880602615
手机品牌,中兴,0.017%,66.92511644551952
手机品牌,中国移动,0.0004%,20.79515261297495
手机品牌,HTC,0.0018%,127.78673882239582
手机品牌,小辣椒,0.0004%,33.639036455318454
手机品牌,努比亚,0.038%,88.8446709626823
手机品牌,海信,0.004%,40.2532752672814
手机品牌,奇酷,0%,-
手机品牌,索尼,0.011%,146.83592864765754
手机品牌,锤子,0.027%,137.22380769343306
手机品牌,一加,0.46%,94.71010045357407
手机品牌,LG,0.0009%,63.60733306240688
手机品牌,摩托罗拉,0.022%,96.07149592823563
手机品牌,诺基亚,0.008%,119.35558717100567
手机品牌,谷歌,0.008%,56.40152376356987
手机品牌,荣耀,6.12%,87.99251617763854
预测人生阶段,二人世界,6.01%,61.97966357618549
预测人生阶段,单身一族,1.52%,115.25384784844499
预测人生阶段,家有儿女,92.46%,276.99324911024166
预测职业,在校大学生,27.51%,200.7917119572287
预测职业,职场白领,37.15%,300.041454326568
预测职业,基础服务业,12.14%,66.82767248042579
预测职业,IT通讯科技,38.36%,283.3315874217655
预测职业,教师,14.08%,168.6589428902787
预测职业,公务员,15.25%,163.50666059134022
手机价格,0~999,1.29%,41.09151815335325
手机价格,1000~1999,17.56%,52.66483772038381
手机价格,2000~2999,25.45%,101.45288320601063
手机价格,3000~3999,16.41%,126.56644492005422
手机价格,4000~4999,10.96%,174.7149239156949
手机价格,5000~5999,24.01%,172.78075670738912
手机价格,6000~6999,15.59%,218.688763616485
手机价格,7000~7999,4.75%,169.89893428069408
手机价格,8000~8999,10.39%,166.92055141636723
手机价格,9000~9999,8.41%,180.8394413783463
手机价格,10000及以上,3.47%,298.5539747609013
抖音活跃用户,高活跃_月活,61.79%,205.18743277821417
抖音活跃用户,低活跃_月活,38.21%,90.75957809945353
头条活跃用户,高活跃_月活,75.44%,83.40639375422695
头条活跃用户,低活跃_月活,24.56%,10.509101245767702
西瓜活跃用户,高活跃_月活,41.14%,16.16525947275384
西瓜活跃用户,低活跃_月活,58.86%,9.850193964442242
火山活跃用户,高活跃_月活,0%,-
火山活跃用户,低活跃_月活,100%,8.464714626442094
头条用户阅读兴趣分类,社会,65.67%,150.16069748700892
头条用户阅读兴趣分类,娱乐,64.74%,148.6655979283149
头条用户阅读兴趣分类,国际,41.32%,153.05111731540188
头条用户阅读兴趣分类,健康,37.48%,147.21759925267412
头条用户阅读兴趣分类,汽车,33.2%,189.36106819220194
头条用户阅读兴趣分类,时政,30.37%,145.57348109279445
头条用户阅读兴趣分类,财经,29.79%,148.7591684772595
头条用户阅读兴趣分类,历史,27.25%,132.5305525417972
头条用户阅读兴趣分类,两性,27.16%,117.27142402116834
头条用户阅读兴趣分类,教育,25.9%,157.5839392242124
头条用户阅读兴趣分类,房产,22.26%,215.6269715138955
头条用户阅读兴趣分类,科技,21.93%,193.35731768968807
头条用户阅读兴趣分类,军事,21.15%,120.6922406904269
头条用户阅读兴趣分类,体育,20.76%,157.65821828375252
头条用户阅读兴趣分类,美食,19.89%,139.79683742280383
头条用户阅读兴趣分类,传媒,18.53%,160.03209428471465
头条用户阅读兴趣分类,育儿,18.44%,153.71863043588868
头条用户阅读兴趣分类,时尚,17.23%,159.8863379300472
头条用户阅读兴趣分类,旅游,15.11%,159.2011357031996
头条用户阅读兴趣分类,文化,14.05%,105.61203369964474
抖音视频观看兴趣分类,拍摄,98.53%,241.69826584659666
抖音视频观看兴趣分类,演绎,97.1%,241.94641864408507
抖音视频观看兴趣分类,生活,91.52%,247.3441839679364
抖音视频观看兴趣分类,亲子,86.19%,243.63808128197232
抖音视频观看兴趣分类,美食,85.92%,264.08583666009145
抖音视频观看兴趣分类,汽车,74.19%,285.37620153039865
抖音视频观看兴趣分类,创意,66.09%,217.05997284012204
抖音视频观看兴趣分类,影视,62.18%,250.07591290191385
抖音视频观看兴趣分类,舞蹈,59.27%,235.37090168114315
抖音视频观看兴趣分类,动植物,57.66%,231.9576742451914
抖音视频观看兴趣分类,运动,49.41%,276.61675964895693
抖音视频观看兴趣分类,时尚,45.35%,207.16872203303035
抖音视频观看兴趣分类,知识,39.47%,198.95304169712406
抖音视频观看兴趣分类,历史军事,35.8%,234.84209436898183
抖音视频观看兴趣分类,旅行,32.06%,268.2838234218963
抖音视频观看兴趣分类,二次元,29.39%,181.37382363199688
抖音视频观看兴趣分类,音乐,22.66%,246.63741751545953
抖音视频观看兴趣分类,科技,20.49%,175.56134437295918
抖音视频观看兴趣分类,传统,17.08%,188.75639751613053
抖音视频观看兴趣分类,游戏,10.33%,129.56544632221278
抖音视频观看兴趣分类,鸡汤,0%,-
抖音视频观看兴趣分类,拍摄_半身自拍,4.51%,190.57857801677181
抖音视频观看兴趣分类,拍摄_拍身体,1.39%,212.93114120362958
抖音视频观看兴趣分类,拍摄_摄影,2.22%,269.34677813620476
抖音视频观看兴趣分类,拍摄_录屏,3.88%,211.56569621082193
抖音视频观看兴趣分类,拍摄_随拍,0.18%,243.79844329448343
抖音视频观看兴趣分类,拍摄_全身自拍,4.44%,207.21482462772804
抖音视频观看兴趣分类,拍摄_技术,0.38%,160.59200152703158
抖音视频观看兴趣分类,演绎_张嘴,1.25%,236.5455155754389
抖音视频观看兴趣分类,演绎_访谈类,3.3%,225.4508652623209
抖音视频观看兴趣分类,演绎_剧情短剧,3.89%,208.84695815230296
抖音视频观看兴趣分类,生活_证件类,0.47%,225.42403762133483
抖音视频观看兴趣分类,生活_装潢,1.96%,246.1359109508679
抖音视频观看兴趣分类,生活_婚礼,2.86%,219.67711300955494
抖音视频观看兴趣分类,生活_开箱,2.39%,270.5885856112769
抖音视频观看兴趣分类,生活_日常活动,0%,-
抖音视频观看兴趣分类,生活_棋牌,1.08%,285.57697872472636
抖音视频观看兴趣分类,生活_交通,1.88%,249.30211755603443
抖音视频观看兴趣分类,生活_生活探店,3.13%,226.89069890121237
抖音视频观看兴趣分类,生活_生活探店2,1.3%,258.21169120404585
抖音视频观看兴趣分类,生活_民生,2.53%,206.5339472705888
抖音视频观看兴趣分类,生活_生活用品,2.8%,258.79316309162704
抖音视频观看兴趣分类,生活_团体活动,0.51%,217.3306835210269
抖音视频观看兴趣分类,生活_负面事件,11.36%,248.35929601769107
抖音视频观看兴趣分类,亲子_儿童才艺表演,0.9%,222.60663612154912
抖音视频观看兴趣分类,亲子_萌娃,2.72%,207.13343914978867
抖音视频观看兴趣分类,亲子_母婴,3.36%,217.3198546225486
抖音视频观看兴趣分类,美食_日常美食展示,7.93%,263.88037850451184
抖音视频观看兴趣分类,美食_制作美食,11.76%,252.53408985888206
抖音视频观看兴趣分类,美食_美食展示,12.45%,235.52005906868217
抖音视频观看兴趣分类,汽车_汽车展示,1.17%,252.24589337823167
抖音视频观看兴趣分类,汽车_其他车辆拍摄,2.64%,231.0508497092804
抖音视频观看兴趣分类,汽车_维修改装,0.94%,280.5226298105725
抖音视频观看兴趣分类,汽车_汽车科普,2.61%,280.82305791667187
抖音视频观看兴趣分类,汽车_汽车体验,3.38%,236.82273723364258
抖音视频观看兴趣分类,创意_插花类,0.88%,234.29943019765403
抖音视频观看兴趣分类,创意_定格动画类,3.06%,230.71504793321452
抖音视频观看兴趣分类,创意_手工类,3.56%,233.2951024409454
抖音视频观看兴趣分类,创意_沙画类,0.53%,207.97230594214082
抖音视频观看兴趣分类,创意_多米诺骨牌类,0.55%,211.87987305289883
抖音视频观看兴趣分类,创意_转笔类,0.21%,138.45349248140158
抖音视频观看兴趣分类,创意_特效类,2.34%,181.9801323648923
抖音视频观看兴趣分类,创意_贴纸道具,2.15%,193.89774890951045
抖音视频观看兴趣分类,创意_魔术类,1.78%,266.90020198186545
抖音视频观看兴趣分类,影视_综艺类,0.62%,206.23550480982664
抖音视频观看兴趣分类,影视_电影电视剧,0%,-
抖音视频观看兴趣分类,影视_片场类,0.36%,215.83715276779628
抖音视频观看兴趣分类,影视_电视剧电影,3.88%,211.79250575173208
抖音视频观看兴趣分类,影视_明星类,2.06%,234.6794860460057
抖音视频观看兴趣分类,舞蹈_手势舞类,4.73%,207.75127293644607
抖音视频观看兴趣分类,舞蹈_专业舞蹈,0.23%,233.67954809079515
抖音视频观看兴趣分类,舞蹈_民族舞,1.97%,207.28470343826118
抖音视频观看兴趣分类,舞蹈_日常舞蹈,2.6%,216.3457683489114
抖音视频观看兴趣分类,动植物_家养动物,2.96%,221.35601108812696
抖音视频观看兴趣分类,动植物_非家养动物,3.67%,225.2992961097703
抖音视频观看兴趣分类,动植物_昆虫类,0.35%,225.44141267220175
抖音视频观看兴趣分类,动植物_植物,3.46%,215.64891861030682
抖音视频观看兴趣分类,动植物_萌宠,3.4%,229.34917651442214
抖音视频观看兴趣分类,运动_田径,2.81%,252.02130257822625
抖音视频观看兴趣分类,运动_水上运动,3.78%,246.80054900124787
抖音视频观看兴趣分类,运动_日常活动,1.65%,227.07372104480777
抖音视频观看兴趣分类,运动_球类项目,3.62%,258.1620818582143
抖音视频观看兴趣分类,运动_竞技运动,4.66%,246.98407502442709
抖音视频观看兴趣分类,运动_赛事,2.5%,258.27796277146564
抖音视频观看兴趣分类,运动_极限运动,3.8%,233.96006754755905
抖音视频观看兴趣分类,运动_健身,4.21%,249.23655701851132
抖音视频观看兴趣分类,时尚_美容,5.5%,225.23179220222903
抖音视频观看兴趣分类,时尚_美发,6.24%,247.94506612149215
抖音视频观看兴趣分类,时尚_美妆,9.54%,250.4822910670281
抖音视频观看兴趣分类,时尚_穿搭,13.44%,241.66206397452873
抖音视频观看兴趣分类,旅行_风景,6.21%,221.35770370745826
抖音视频观看兴趣分类,旅行_旅行攻略,0%,-
抖音视频观看兴趣分类,旅行_住宿酒店,3.22%,267.040781531936
抖音视频观看兴趣分类,二次元_动画类,2.5%,218.01978167763286
抖音视频观看兴趣分类,二次元_Coser,0%,-
抖音视频观看兴趣分类,二次元_二次元衍生,8.74%,191.56677018805448
抖音视频观看兴趣分类,二次元_漫画类,2.66%,204.8531657861234
抖音视频观看兴趣分类,音乐_民族乐器,1.35%,227.01259046770232
抖音视频观看兴趣分类,音乐_西洋乐器,1.56%,247.10882571582556
抖音视频观看兴趣分类,音乐_唱歌,2.25%,239.05005183052035
抖音视频观看兴趣分类,音乐_编曲,0%,-
抖音视频观看兴趣分类,科技_电子产品,1.95%,240.09872274605692
抖音视频观看兴趣分类,游戏_节奏类,0.37%,169.64105020179676
抖音视频观看兴趣分类,游戏_模拟养成,0.77%,192.31064723253252
抖音视频观看兴趣分类,游戏_射击游戏,0.43%,187.25031152569042
抖音视频观看兴趣分类,游戏_棋牌类,0.35%,184.860331675174
抖音视频观看兴趣分类,游戏_休闲类,0.49%,163.38409877038504
抖音视频观看兴趣分类,游戏_游戏其他,0.12%,205.01035747816428
抖音视频观看兴趣分类,游戏_卡牌游戏,0.072%,136.11517606409137
抖音视频观看兴趣分类,游戏_吃鸡类,0.93%,207.01785791351784
抖音视频观看兴趣分类,游戏_小游戏,0.013%,133.39911116482568
抖音视频观看兴趣分类,游戏_角色扮演,1.69%,230.79698095246286
抖音视频观看兴趣分类,游戏_解说游戏,0.075%,107.13508514470487
抖音视频观看兴趣分类,游戏_益智类游戏,0.016%,128.63889449780336
抖音视频观看兴趣分类,游戏_竞技游戏,0.38%,127.97214577512246
抖音视频观看兴趣分类,游戏_策略类,0.21%,239.84092222408466
抖音视频观看兴趣分类,游戏_体育类,0.51%,243.36966522414437
抖音视频观看兴趣分类,游戏_动作游戏,0.22%,180.20593347996368
西瓜视频观看兴趣分类,影视,80.51%,59.69481660236615
西瓜视频观看兴趣分类,搞笑,53.12%,55.52564931332279
西瓜视频观看兴趣分类,社会,47.55%,53.63126983262446
西瓜视频观看兴趣分类,美食,43.61%,55.20248621146388
西瓜视频观看兴趣分类,娱乐,41.39%,55.03728416244442
西瓜视频观看兴趣分类,动物,38.35%,49.31604145971128
西瓜视频观看兴趣分类,音乐,37.45%,46.05056521454793
西瓜视频观看兴趣分类,综艺,36.16%,54.046714284915986
西瓜视频观看兴趣分类,游戏,36%,58.00335640704182
西瓜视频观看兴趣分类,三农,34.7%,46.98764836750885
西瓜视频观看兴趣分类,汽车,33.99%,54.904435213863245
西瓜视频观看兴趣分类,体育,33.4%,52.1375855861797
西瓜视频观看兴趣分类,亲子,33.18%,49.073505626589515
西瓜视频观看兴趣分类,军事,32.45%,49.06925979507535
西瓜视频观看兴趣分类,少儿,28.51%,56.32276100334539
西瓜视频观看兴趣分类,宠物,28.47%,53.523890685307215
西瓜视频观看兴趣分类,健康,27.48%,50.795397293587676
西瓜视频观看兴趣分类,时尚,26.08%,56.17289470302216
西瓜视频观看兴趣分类,生活,22.35%,53.086146338851925
西瓜视频观看兴趣分类,情感,17.2%,50.17362648151048
美妆行业特色人群,合群拔草人,14.14%,258.76125308575183
美妆行业特色人群,好物狂想家,16.86%,179.55277949445724
美妆行业特色人群,格调鉴赏家,5.47%,358.8281274929181
美妆行业特色人群,悦己质享派,11.11%,230.34432517586652
美妆行业特色人群,惠选生活家,10.82%,219.88943114305167
美妆行业特色人群,理性刚需派,29.48%,205.55739033433048
美妆行业特色人群,美潮文艺咖,12.11%,228.5201796686896
电商品类成交偏好,零食坚果特产,34.27%,349.8346514899659
电商品类成交偏好,粮油米面南北干货调味品,33.88%,387.62925942884897
电商品类成交偏好,水果蔬菜,32.74%,500.0468666609073
电商品类成交偏好,个人护理,31.6%,310.3411846600271
电商品类成交偏好,洗护清洁剂卫生巾纸香薰,31.38%,312.4758578482151
电商品类成交偏好,男装,30.73%,383.68861970235463
电商品类成交偏好,内衣裤袜,30.28%,355.79819285805934
电商品类成交偏好,家庭个人清洁工具,28.65%,354.4455024391352
电商品类成交偏好,女装,27.36%,351.433506679333
电商品类成交偏好,居家日用,25.41%,345.5271035239935
电商品类成交偏好,咖啡麦片冲饮,24.88%,414.3355545774559
电商品类成交偏好,肉蛋低温制品,23.41%,489.93735195152726
电商品类成交偏好,餐饮具,22.15%,394.69731733829
电商品类成交偏好,居家布艺,20.79%,385.7592352961123
电商品类成交偏好,厨房烹饪用具,20.72%,411.10264000307734
电商品类成交偏好,美容护肤,20.68%,313.45754552726413
电商品类成交偏好,收纳整理,20.5%,377.3468421095599
电商品类成交偏好,3C数码配件,19.9%,256.65586566836305
电商品类成交偏好,服饰配件皮带帽子围巾,19.05%,375.03243846344725
电商品类成交偏好,书籍杂志报纸,18.03%,390.48973905636683
电商品类成交偏好,家居饰品,17.43%,422.76232738044956
电商品类成交偏好,时尚饰品,17.26%,326.3534105445598
电商品类成交偏好,女鞋,16.81%,354.59409605108306
电商品类成交偏好,鲜花速递花卉仿真绿植园艺,16.24%,446.81749010905713
电商品类成交偏好,汽车用品,16.23%,378.23529429828193
电商品类成交偏好,床上用品,15.88%,409.6030248117396
电商品类成交偏好,运动瑜伽健身球迷用品,15.63%,374.2813260765458
电商品类成交偏好,海鲜水产,15.4%,563.2698339985258
电商品类成交偏好,男鞋,14%,387.08030018097725
电商品类成交偏好,彩妆香水美妆工具,13.85%,225.0175067798712
电商品类成交偏好,茶,13.69%,582.6179230518945
电商品类成交偏好,运动鞋,13.44%,442.44683440533146
电商品类成交偏好,学习用品,13.41%,312.81540738689057
电商品类成交偏好,箱包,12.94%,400.35985036837064
电商品类成交偏好,运动服休闲服装,12.73%,465.112476218206
电商品类成交偏好,传统滋补营养品,12.06%,433.6853632119671
电商品类成交偏好,户外登山野营旅行用品,11.92%,383.9242424674422
电商品类成交偏好,保健食品膳食营养补充食品,11.86%,375.69441947406744
电商品类成交偏好,个人保健护理电器,9.88%,340.3141319960395
电商品类成交偏好,厨房电器,9.76%,395.57095149931837
电商品类成交偏好,打火机瑞士军刀眼镜,9.37%,322.1552037486943
电商品类成交偏好,宠物宠物食品及用品,9.14%,369.12256187651406
电商品类成交偏好,五金工具,8.66%,316.22568111377075
电商品类成交偏好,基础建材,8.53%,377.1608888048132
电商品类成交偏好,酒类,8.01%,476.7404652586702
电商品类成交偏好,生活电器,7.96%,403.87464597159493
电商品类成交偏好,住宅家具,6.99%,414.67112279695436
电商品类成交偏好,影音电器,6.9%,312.13712164031955
电商品类成交偏好,童装婴儿装亲子装,6.87%,191.4994993853236
电商品类成交偏好,运动包户外包配件,6.8%,410.0099004712032
电商品类成交偏好,玩具童车益智积木模型,6.79%,177.57038659996215
电商品类成交偏好,家装主材,6.6%,407.35498603928556
电商品类成交偏好,文玩木作书画钱币,6.52%,577.5930793665535
电商品类成交偏好,婴童用品,6.51%,203.7272448468991
电商品类成交偏好,移动联通电信充值中心,6.22%,361.13645807174265
电商品类成交偏好,农用物资,5.86%,253.06687580434496
电商品类成交偏好,电动车配件交通工具,5.79%,343.6369964421098
电商品类成交偏好,汽车零配件,5.59%,391.7050623117554
电商品类成交偏好,陶瓷紫砂建盏茶周边,5.44%,702.9470523692152
电商品类成交偏好,翡翠和田玉琥珀蜜蜡其他玉石,5.19%,593.3912976604181
电商品类成交偏好,节庆用品文创,4.5%,444.76122226614336
电商品类成交偏好,医疗器械,4.37%,299.7724860567453
电商品类成交偏好,黄金彩宝钻石珍珠,4.19%,583.4637554958421
电商品类成交偏好,家装灯饰光源,3.79%,393.4564643279333
电商品类成交偏好,购物提货券,3.63%,312.21578539472114
电商品类成交偏好,自行车骑行装备零配件,3.36%,374.1771325191277
电商品类成交偏好,药品,2.78%,262.1173358900018
电商品类成交偏好,模玩动漫周边娃圈三坑桌游,2.62%,192.53435971604762
电商品类成交偏好,手工艺非遗技艺,2.58%,698.3108375840839
电商品类成交偏好,童鞋婴儿鞋亲子鞋,2.57%,169.03149843717216
电商品类成交偏好,大家电,2.53%,398.02662740365423
电商品类成交偏好,摩托车装备配件,2.41%,371.70268000578244
电商品类成交偏好,电子电工,2.39%,363.65049773996566
电商品类成交偏好,生活娱乐充值,2.19%,278.2933681778738
电商品类成交偏好,智能设备,2.09%,274.6177379615088
电商品类成交偏好,全屋智能,1.98%,457.62327499597194
电商品类成交偏好,钟表类,1.92%,365.278553754409
电商品类成交偏好,办公用品办公设备耗材相关服务,1.84%,301.44298559697455
电商品类成交偏好,网络设备网络相关,1.66%,321.1159049997708
电商品类成交偏好,手机,1.58%,263.4925840337371
电商品类成交偏好,孕产妇服纺用品营养,1.36%,130.0785459267704
电商品类成交偏好,计生用品,1.15%,239.2143847633747
电商品类成交偏好,奶粉辅食营养品零食,1.09%,146.87405683035269
电商品类成交偏好,电子教育,0.93%,440.0322757702622
电商品类成交偏好,包装,0.92%,344.8082479763606
电商品类成交偏好,金属材料及制品,0.9%,324.9863373413288
电商品类成交偏好,农机农具农膜,0.87%,181.09258485476124
电商品类成交偏好,教育培训,0.87%,405.1769677691892
电商品类成交偏好,畜牧养殖物资,0.67%,198.04064044769675
电商品类成交偏好,电子元器件市场,0.67%,362.9352044501939
电商品类成交偏好,数码存储设备,0.66%,415.9975115298536
电商品类成交偏好,乐器吉他钢琴配件,0.64%,294.30774569535265
电商品类成交偏好,电脑外设,0.59%,92.5643970175288
电商品类成交偏好,商业办公家具,0.58%,430.23232876337215
电商品类成交偏好,美容个护仪器,0.56%,344.76109469879526
电商品类成交偏好,手机号码套餐增值业务,0.55%,132.51008865061516
电商品类成交偏好,美容美体医疗器械,0.51%,54.11021041334296
电商品类成交偏好,儿童床品家纺,0.5%,108.85016971670407
电商品类成交偏好,橡塑材料及制品,0.45%,362.1109602058342
电商品类成交偏好,二手奢侈品,0.39%,803.2750155763093
电商品类成交偏好,电玩配件游戏攻略,0.37%,231.50593853661888
电商品类成交偏好,笔记本电脑,0.36%,486.19366728471175
电商品类成交偏好,成人用品情趣用品,0.34%,183.67987114062566
电商品类成交偏好,平板电脑MID,0.31%,246.36226552801443
电商品类成交偏好,奢侈品,0.3%,888.1978172215835
电商品类成交偏好,标准件零部件工业耗材,0.28%,413.3249614192121
电商品类成交偏好,摄影摄像,0.28%,192.88832466501034
电商品类成交偏好,珠宝文玩收藏品（定制专用）,0.27%,773.0876428955983
电商品类成交偏好,游戏服务,0.25%,37.93552918225649
电商品类成交偏好,清洗食品商业设备,0.24%,360.39748562597833
电商品类成交偏好,机械设备,0.22%,329.274771081647
电商品类成交偏好,润滑胶粘试剂实验室耗材,0.22%,403.46655164005017
电商品类成交偏好,婴童尿裤,0.22%,40.37788898637749
电商品类成交偏好,本地生活服务,0.19%,394.0067746172315
电商品类成交偏好,电脑组件,0.16%,145.02802269658835
电商品类成交偏好,文物商店拍卖行,0.14%,735.3317571507284
电商品类成交偏好,全屋定制,0.13%,400.5582754050465
电商品类成交偏好,教育音像,0.13%,274.3644789231623
电商品类成交偏好,品牌台机品牌一体机服务器,0.11%,501.82773026928055
电商品类成交偏好,装修设计施工监理,0.1%,436.34864329573924
电商品类成交偏好,食品卡券,0.088%,352.0405514017346
电商品类成交偏好,保险,0.084%,286.742121141134
电商品类成交偏好,DIY电脑,0.066%,121.83219966198668
电商品类成交偏好,搬运仓储物流设备,0.048%,378.86627573406827
电商品类成交偏好,康养器械,0.037%,563.5519339459402
电商品类成交偏好,二手百货,0.023%,737.2032584873375
电商品类成交偏好,电影演出赛事,0.0079%,546.4389353612723
电商品类成交偏好,新车,0.0054%,196.7238366031902
电商品类成交偏好,医疗及健康服务,0.0048%,658.77597207933
电商品类成交偏好,特医食品,0.0026%,483.44902809513303
电商品类成交偏好,房产,0.0006%,1619.9473280169275
电商品类成交偏好,二手车,0.0002%,125.3211732993617
电商品类成交偏好,兑换卡,0%,-
电商品类成交偏好,保证金,0%,-
电商品类成交偏好,汽车售后服务,0%,-
电商品类成交偏好,潮品鞋服（鉴真）,0%,-
电商品类成交偏好,二手3C数码,0%,-
电商品类成交偏好,假发及配件,0%,-
电商品类成交偏好,数字阅读,0%,-
电商品类成交偏好,生鲜,0%,-
电商品类成交偏好,零食坚果特产-饼干膨化,0%,-
电商品类成交偏好,零食坚果特产-巧克力,4.61%,443.54925865242274
电商品类成交偏好,零食坚果特产-豆干制品蔬菜干,4.62%,218.16594961942025
电商品类成交偏好,零食坚果特产-其它,0.045%,388.7060469339696
电商品类成交偏好,零食坚果特产-地方特产,6.95%,458.49675619945975
电商品类成交偏好,零食坚果特产-糕点点心面包,15.77%,401.61873524915103
电商品类成交偏好,零食坚果特产-肉干肉脯熏腊卤味肉类熟食,12.28%,343.6229442457071
电商品类成交偏好,零食坚果特产-蜜饯果干水果制品,12.5%,421.9433913539302
电商品类成交偏好,零食坚果特产-山核桃坚果炒货,15.53%,530.8506436962267
电商品类成交偏好,零食坚果特产-糖果零食果冻布丁,8.76%,365.9325287321592
电商品类成交偏好,零食坚果特产-即食水产海味零食,4.11%,400.5637929983119
电商品类成交偏好,粮油米面南北干货调味品-米面粉杂粮,11.99%,482.0964111592902
电商品类成交偏好,粮油米面南北干货调味品-其他食品,2.05%,523.1256152576991
电商品类成交偏好,粮油米面南北干货调味品-南北干货肉类干货,11.95%,501.1402374122524
电商品类成交偏好,粮油米面南北干货调味品-食用油调味油,3.98%,448.3196275244307
电商品类成交偏好,粮油米面南北干货调味品-方便速食冷藏食品,17.94%,327.35684318934204
电商品类成交偏好,粮油米面南北干货调味品-烘焙原料辅料食品添加剂,3.99%,359.80557807901687
电商品类成交偏好,粮油米面南北干货调味品-轻食简餐,0%,-
电商品类成交偏好,粮油米面南北干货调味品-调味品果酱沙拉,20.5%,429.63280078324806
电商品类成交偏好,水果蔬菜-蔬菜蔬菜制品,21.04%,533.4075160862013
电商品类成交偏好,水果蔬菜-水果,24.17%,511.031126925651
电商品类成交偏好,个人护理-个护用具,2.69%,313.36538302109807
电商品类成交偏好,个人护理-身体精油芳疗,1.83%,436.633188294068
电商品类成交偏好,个人护理-染发烫发头发造型,7.87%,362.74640854476894
电商品类成交偏好,个人护理-男士美发护发,0.66%,285.313621335191
电商品类成交偏好,个人护理-男士身体护理,0.59%,332.7290194235788
电商品类成交偏好,个人护理-身体护理,12.54%,324.34204039951914
电商品类成交偏好,个人护理-身体清洁,10.73%,350.67865332076263
电商品类成交偏好,个人护理-手部护理,4.09%,351.41878698076164
电商品类成交偏好,个人护理-卫生巾私处护理,8.66%,348.86555990386955
电商品类成交偏好,个人护理-足部护理,3.72%,399.00307081767295
电商品类成交偏好,个人护理-隐形眼镜护理液,2.25%,488.4747419615195
电商品类成交偏好,个人护理-口腔护理,15.18%,348.80160609938014
电商品类成交偏好,个人护理-洗发护发,12.45%,310.34453713915326
电商品类成交偏好,个人护理-润唇膏,1.13%,270.48582269757014
电商品类成交偏好,洗护清洁剂卫生巾纸香薰-室内除臭芳香用品,5.04%,403.5771576451585
电商品类成交偏好,洗护清洁剂卫生巾纸香薰-清洁泡泡慕斯,3.44%,433.9420045543385
电商品类成交偏好,洗护清洁剂卫生巾纸香薰-纸品湿巾,18.03%,295.4224490353463
电商品类成交偏好,洗护清洁剂卫生巾纸香薰-衣物清洁剂护理剂,14.81%,311.84870960887
电商品类成交偏好,洗护清洁剂卫生巾纸香薰-消毒用品,2.58%,464.81747410071034
电商品类成交偏好,洗护清洁剂卫生巾纸香薰-家庭环境清洁剂,15.37%,375.54071062790916
电商品类成交偏好,洗护清洁剂卫生巾纸香薰-驱虫用品,6.87%,368.16892004541364
电商品类成交偏好,洗护清洁剂卫生巾纸香薰-其它,0.45%,386.78146936703087
电商品类成交偏好,洗护清洁剂卫生巾纸香薰-家私皮具护理品,1.26%,531.8819517339414
电商品类成交偏好,洗护清洁剂卫生巾纸香薰-中老年护理用品,0.16%,381.5778341969123
电商品类成交偏好,男装-设计师潮牌男装,0%,-
电商品类成交偏好,男装-T恤,14.42%,398.7872793893133
电商品类成交偏好,男装-卫衣,7.51%,417.7848370987662
电商品类成交偏好,男装-棉裤,0.46%,471.7306748876966
电商品类成交偏好,男装-毛呢大衣,0.53%,515.5416979620105
电商品类成交偏好,男装-Polo衫,5.49%,501.02081564704247
电商品类成交偏好,男装-羊毛衫,1.61%,647.6314139232667
电商品类成交偏好,男装-风衣,0.31%,489.42005302631674
电商品类成交偏好,男装-羽绒马甲,0.43%,680.7598340327065
电商品类成交偏好,男装-针织衫毛衣,4.14%,383.68298019047995
电商品类成交偏好,男装-西服,1.98%,426.612672000007
电商品类成交偏好,男装-中老年男装,1.9%,422.29943837485513
电商品类成交偏好,男装-夹克,7.56%,386.8040313778965
电商品类成交偏好,男装-牛仔裤,7.62%,398.30257259269325
电商品类成交偏好,男装-卫裤,2.94%,438.2338139938167
电商品类成交偏好,男装-马甲,1.67%,571.1951909444728
电商品类成交偏好,男装-棉衣,3.02%,334.9632727260296
电商品类成交偏好,男装-套装,2.47%,336.1270710826201
电商品类成交偏好,男装-皮衣,1.07%,507.6850275484803
电商品类成交偏好,男装-羽绒裤,0.27%,692.1523128237687
电商品类成交偏好,男装-民族服装,0.38%,564.909418880143
电商品类成交偏好,男装-休闲裤,13.91%,421.49232136686254
电商品类成交偏好,男装-短裤,5.2%,422.5877674166279
电商品类成交偏好,男装-大码男装,1.72%,505.0564312549878
电商品类成交偏好,男装-羽绒服,4.58%,488.50215874094357
电商品类成交偏好,男装-衬衫,3.8%,495.9164535271924
电商品类成交偏好,男装-背心,2.13%,430.56871059706214
电商品类成交偏好,男装-羊绒衫,0.54%,841.4849306712025
电商品类成交偏好,内衣裤袜-女士内衣,11.94%,389.2973549568185
电商品类成交偏好,内衣裤袜-吊带背心,5.42%,414.38334002444856
电商品类成交偏好,内衣裤袜-保暖内衣,8.13%,471.99238974669225
电商品类成交偏好,内衣裤袜-吊袜带,0.022%,314.95912394263365
电商品类成交偏好,内衣裤袜-内衣配件,0.28%,157.10147795598627
电商品类成交偏好,内衣裤袜-袜子,17.22%,348.64291631599167
电商品类成交偏好,内衣裤袜-内裤,15.6%,390.6442266421704
电商品类成交偏好,内衣裤袜-少女文胸,1.83%,551.2481771122509
电商品类成交偏好,内衣裤袜-塑身衣,6.13%,424.0114427479286
电商品类成交偏好,内衣裤袜-睡衣,13.46%,399.8004971975619
电商品类成交偏好,家庭个人清洁工具-家务地板清洁用具,19.94%,387.9931595148115
电商品类成交偏好,家庭个人清洁工具-个人洗护清洁用具,14.71%,335.51384683145875
电商品类成交偏好,家庭个人清洁工具-卫浴置物用具,9.92%,385.0066362129353
电商品类成交偏好,家庭个人清洁工具-车载清洁用具,1%,364.10879143459425
电商品类成交偏好,女装-裤子,19.43%,388.3095306397103
电商品类成交偏好,女装-羊绒衫,1.55%,922.9767278340047
电商品类成交偏好,女装-衬衫,11.79%,489.2762333589741
电商品类成交偏好,女装-毛衣,4.52%,455.12056777755515
电商品类成交偏好,女装-马夹,6.62%,573.5731145630845
电商品类成交偏好,女装-唐装民族服装舞台服装,4.53%,595.9794104110604
电商品类成交偏好,女装-皮衣,2.67%,548.7787517718905
电商品类成交偏好,女装-婚纱旗袍礼服,1.59%,393.1447675548762
电商品类成交偏好,女装-派克服,0.68%,390.651879781566
电商品类成交偏好,女装-卫衣绒衫,7.03%,477.7328009888772
电商品类成交偏好,女装-毛呢外套,4.67%,408.0937238781113
电商品类成交偏好,女装-背心吊带,6.94%,371.8210799520919
电商品类成交偏好,女装-短裤,5.29%,425.5151133751999
电商品类成交偏好,女装-设计师潮牌女装,5.28%,576.2618100182963
电商品类成交偏好,女装-连衣裙,9.7%,393.81855276699855
电商品类成交偏好,女装-棉衣棉服,4.87%,354.6855696405567
电商品类成交偏好,女装-羊毛衫,5.11%,717.9776284334826
电商品类成交偏好,女装-抹胸,0.044%,262.7356685357357
电商品类成交偏好,女装-风衣,2.27%,446.0032088014976
电商品类成交偏好,女装-连体衣裤,0.69%,550.3045126466741
电商品类成交偏好,女装-T恤,17.05%,383.662049050415
电商品类成交偏好,女装-短外套,10.22%,432.0827343944381
电商品类成交偏好,女装-半身裙,8.38%,412.67262310189443
电商品类成交偏好,女装-中老年女装,4.71%,380.686249395609
电商品类成交偏好,女装-西装,2.56%,631.6640201991015
电商品类成交偏好,女装-POLO衫,1.71%,505.10253262398345
电商品类成交偏好,女装-皮草,1.22%,453.24802667581565
电商品类成交偏好,女装-套装学生校服工作制服,8.91%,305.4975295277259
电商品类成交偏好,女装-毛针织衫,13.53%,428.3592759984786
电商品类成交偏好,女装-羽绒服,7.98%,454.62720147480235
电商品类成交偏好,女装-蕾丝衫雪纺衫,4.81%,456.3125030560711
电商品类成交偏好,女装-大码女装,6.46%,321.95851377127565
电商品类成交偏好,居家日用-婚庆用品,3.04%,344.46881044105606
电商品类成交偏好,居家日用-扇迷你风扇配件冰垫冰贴,0.71%,425.83356438905264
电商品类成交偏好,居家日用-创意礼品,5.97%,278.70040803335826
电商品类成交偏好,居家日用-鞋用品,2.6%,404.7384112393857
电商品类成交偏好,居家日用-驱虫用品,3.54%,371.1933356554591
电商品类成交偏好,居家日用-美体塑身塑形增高用具,1.59%,481.45203381521753
电商品类成交偏好,居家日用-家居健康用品,0.62%,407.4850309594224
电商品类成交偏好,居家日用-挂历,0.33%,493.94836887440994
电商品类成交偏好,居家日用-装扮用品,4.74%,407.24218891536583
电商品类成交偏好,居家日用-居家日用套装,5.73%,393.6934509775298
电商品类成交偏好,居家日用-防护用品,9.6%,337.5110278770183
电商品类成交偏好,居家日用-伞雨具防雨防潮,5.1%,366.1915784721167
电商品类成交偏好,居家日用-保暖贴怀炉保暖用品,3%,391.9533756510456
电商品类成交偏好,居家日用-家用五金工具,1.3%,386.2014750426162
电商品类成交偏好,居家日用-钟,0.51%,476.9206868457273
电商品类成交偏好,居家日用-台历,0.21%,437.74504654143726
电商品类成交偏好,居家日用-书写板,0.026%,371.12653089301324
电商品类成交偏好,咖啡麦片冲饮-驼奶及驼奶粉,0.39%,331.9553017929751
电商品类成交偏好,咖啡麦片冲饮-其它饮品,0.47%,524.0895730536702
电商品类成交偏好,咖啡麦片冲饮-饮料,12.89%,435.4877301788857
电商品类成交偏好,咖啡麦片冲饮-藕粉麦片冲饮品,10.12%,456.70543127454124
电商品类成交偏好,咖啡麦片冲饮-食补粉,3.09%,397.66091399468985
电商品类成交偏好,咖啡麦片冲饮-全家营养奶粉,1.41%,424.22354788073386
电商品类成交偏好,咖啡麦片冲饮-奶酪奶制品,1.44%,365.56517868330565
电商品类成交偏好,咖啡麦片冲饮-冰淇淋,1.37%,649.1561693366403
电商品类成交偏好,咖啡麦片冲饮-乳制品,7.04%,387.02038381830096
电商品类成交偏好,咖啡麦片冲饮-速溶咖啡咖啡豆粉,5.17%,561.5720967757782
电商品类成交偏好,肉蛋低温制品-方便菜,2.96%,569.0260782607148
电商品类成交偏好,肉蛋低温制品-蛋蛋制品,7.79%,546.4181848003053
电商品类成交偏好,肉蛋低温制品-猪牛羊禽肉及制品,11.93%,540.96287272176
电商品类成交偏好,肉蛋低温制品-冷藏冷冻食品,11.82%,524.144604739251
电商品类成交偏好,餐饮具-保鲜容器保鲜器皿,2.38%,553.9877592083536
电商品类成交偏好,餐饮具-酒壶酒杯酒具,2.34%,474.43772749655545
电商品类成交偏好,餐饮具-餐具,10.82%,459.6265465234819
电商品类成交偏好,餐饮具-咖啡器具,1.37%,685.1030647747083
电商品类成交偏好,餐饮具-一次性餐桌用品,8.92%,402.5760752318743
电商品类成交偏好,餐饮具-杯子水杯水壶,9.66%,367.78592958852846
电商品类成交偏好,居家布艺-刺绣套件,0.019%,636.5698834150522
电商品类成交偏好,居家布艺-地垫,3.14%,485.8105768388204
电商品类成交偏好,居家布艺-餐桌布艺,1.96%,428.9337813915461
电商品类成交偏好,居家布艺-床边毯,0.019%,658.8563450180493
电商品类成交偏好,居家布艺-坐垫椅垫沙发垫,2.38%,421.58937699826777
电商品类成交偏好,居家布艺-防尘保护罩,1.5%,365.88096549989945
电商品类成交偏好,居家布艺-十字绣及工具配件,0.18%,336.3129053812427
电商品类成交偏好,居家布艺-居家鞋凉拖棉拖(新),8.51%,402.84720341857206
电商品类成交偏好,居家布艺-海绵垫布料面料手工diy,0.84%,423.8393445468982
电商品类成交偏好,居家布艺-窗帘门帘及配件,1.21%,424.62585549854106
电商品类成交偏好,居家布艺-缝纫DIY材料、工具及成品,4.37%,353.7525318964751
电商品类成交偏好,居家布艺-地毯,1.24%,404.5205557111694
电商品类成交偏好,居家布艺-靠枕抱枕新,1.81%,484.8918636404147
电商品类成交偏好,居家布艺-家纺布艺布料面料缝制服务,0.17%,436.93543568741165
电商品类成交偏好,居家布艺-毛巾浴巾浴袍,7.35%,379.7612732449687
电商品类成交偏好,厨房烹饪用具-厨用小工具厨房储物,12.02%,390.4424972921168
电商品类成交偏好,厨房烹饪用具-烹饪用具,14.11%,456.2938227182973
电商品类成交偏好,厨房烹饪用具-烧烤烘焙用具,2.71%,415.8394043551203
电商品类成交偏好,美容护肤-防晒,4.08%,306.92626632528254
电商品类成交偏好,美容护肤-男士护肤,2.03%,316.4045662354898
电商品类成交偏好,美容护肤-面部护肤,0%,-
电商品类成交偏好,美容护肤-旅行装体验装,0.83%,398.4692113058069
电商品类成交偏好,美容护肤-唇部护理,1.6%,392.2684825692472
电商品类成交偏好,美容护肤-眼部护理,4.61%,494.929265893215
电商品类成交偏好,美容护肤-T区护理,0.54%,142.34853109696857
电商品类成交偏好,收纳整理-家庭收纳用具,13.34%,414.5356179263915
电商品类成交偏好,收纳整理-车载收纳,0.13%,331.6286097937797
电商品类成交偏好,收纳整理-家庭整理用具,7.81%,377.63223032831405
电商品类成交偏好,收纳整理-旅行收纳用具,1.27%,483.5683998541801
电商品类成交偏好,收纳整理-家庭防尘用具,3.45%,423.119770706172
电商品类成交偏好,收纳整理-衣物洗晒护理用具,7.11%,392.32627762298324
电商品类成交偏好,3C数码配件-手机配件,15.32%,244.04620977310404
电商品类成交偏好,3C数码配件-USB数码周边,2.67%,325.81097618389765
电商品类成交偏好,3C数码配件-数码周边,0.94%,333.0476375119673
电商品类成交偏好,3C数码配件-直播摄影周边设备,1.1%,309.2780603282172
电商品类成交偏好,3C数码配件-笔记本电脑配件,0.46%,330.0383141265929
电商品类成交偏好,3C数码配件-数码包收纳整理,1.37%,308.43822323431783
电商品类成交偏好,3C数码配件-MP3MP4配件,0.24%,256.3628221032428
电商品类成交偏好,3C数码配件-平板电脑配件,0.28%,153.68858615452754
电商品类成交偏好,3C数码配件-干电池充电电池套,1.72%,402.02421656175585
电商品类成交偏好,3C数码配件-便携电源,2.79%,479.955836828933
电商品类成交偏好,3C数码配件-车载数码配件,1.07%,364.8070693382905
电商品类成交偏好,服饰配件皮带帽子围巾-围巾丝巾披肩,5.56%,567.052843713611
电商品类成交偏好,服饰配件皮带帽子围巾-帽子,7.25%,409.08542692499657
电商品类成交偏好,服饰配件皮带帽子围巾-DIY编织材料包,0.35%,363.1476138292816
电商品类成交偏好,服饰配件皮带帽子围巾-耳套,0.2%,417.2909862467623
电商品类成交偏好,服饰配件皮带帽子围巾-腰带皮带腰链,4.88%,434.19798349212397
电商品类成交偏好,服饰配件皮带帽子围巾-防晒护具,0.0019%,669.0188592261394,5.48%,401.7820295969025
电商品类成交偏好,服饰配件皮带帽子围巾-口袋巾,0.019%,518.2153385539794
电商品类成交偏好,服饰配件皮带帽子围巾-手套,1.22%,436.22703497257413
电商品类成交偏好,服饰配件皮带帽子围巾-袖扣,0.6%,499.7049011330758
电商品类成交偏好,服饰配件皮带帽子围巾-袖套,0.38%,379.69796913040864
电商品类成交偏好,服饰配件皮带帽子围巾-鞋包皮带配件,4.99%,344.1246089786746
电商品类成交偏好,服饰配件皮带帽子围巾-围巾手套帽子套件,0.26%,376.6074077767133
电商品类成交偏好,服饰配件皮带帽子围巾-婚纱礼服配件,0.16%,321.243049105826
电商品类成交偏好,服饰配件皮带帽子围巾-领部配件,0.33%,417.81771878300765
电商品类成交偏好,书籍杂志报纸-考试教材教辅论文,7.21%,451.1354932376115
电商品类成交偏好,书籍杂志报纸-工具书百科全书,0.25%,524.226956758922
电商品类成交偏好,书籍杂志报纸-科学科学研究,0.057%,821.0707966279724
电商品类成交偏好,书籍杂志报纸-哲学和宗教,2.15%,562.9264395897965
电商品类成交偏好,书籍杂志报纸-政治军事,0.3%,643.1446811671508
电商品类成交偏好,书籍杂志报纸-艺术,0.56%,538.6541580569235
电商品类成交偏好,书籍杂志报纸-计算机网络,0.74%,537.0359634693974
电商品类成交偏好,书籍杂志报纸-经济,1.67%,568.6213711760215
电商品类成交偏好,书籍杂志报纸-历史,1.07%,558.4208905537162
电商品类成交偏好,书籍杂志报纸-字帖练字帖练字板毛笔字贴,0.65%,307.80216482153986
电商品类成交偏好,书籍杂志报纸-知识服务读书卡,4%,471.7270050955781
电商品类成交偏好,书籍杂志报纸-图书周边,0.37%,447.9706096187183
电商品类成交偏好,书籍杂志报纸-报纸期刊订阅,0.44%,622.3267292846227
电商品类成交偏好,书籍杂志报纸-工业农业技术,0.7%,328.61087622633596
电商品类成交偏好,书籍杂志报纸-其他,0.094%,543.3480041953118
电商品类成交偏好,书籍杂志报纸-医学卫生,0.2%,301.0927647246221
电商品类成交偏好,书籍杂志报纸-社会科学,3.8%,453.7650290006929
电商品类成交偏好,书籍杂志报纸-小说,0.58%,289.92729176460847
电商品类成交偏好,书籍杂志报纸-育儿书籍,0.97%,399.61512911633093
电商品类成交偏好,书籍杂志报纸-自由组合套装,1.55%,364.4429313294329
电商品类成交偏好,书籍杂志报纸-保健心理类书籍,0.43%,352.0416756698814
电商品类成交偏好,书籍杂志报纸-残损库存品外观瑕疵品,0.29%,425.6673852447291
电商品类成交偏好,书籍杂志报纸-儿童读物童书,2.93%,244.74671158820564
电商品类成交偏好,书籍杂志报纸-自然科学,0.87%,765.5154989375869
电商品类成交偏好,书籍杂志报纸-网络原创,0.1%,775.0683942272151
电商品类成交偏好,书籍杂志报纸-文学,1.99%,446.80359798219246
电商品类成交偏好,书籍杂志报纸-期刊报纸现刊单刊过刊,0.26%,532.2649069188184
电商品类成交偏好,书籍杂志报纸-生活,0.91%,299.36524015837034
电商品类成交偏好,书籍杂志报纸-外语语言文字,0.4%,563.3590153182149
电商品类成交偏好,书籍杂志报纸-旅游,0.029%,637.2024900449654
电商品类成交偏好,书籍杂志报纸-地图地理,0.26%,533.4833593815538
电商品类成交偏好,书籍杂志报纸-传记,0.38%,591.8663463419604
电商品类成交偏好,书籍杂志报纸-自我实现励志,1.56%,541.9534287866156
电商品类成交偏好,书籍杂志报纸-管理,0.49%,531.3728810517608
电商品类成交偏好,书籍杂志报纸-文化信息与知识传播,0.4%,421.5842317311568
电商品类成交偏好,书籍杂志报纸-进口原版书(含港台),0.027%,278.6223368788178
电商品类成交偏好,书籍杂志报纸-漫画动漫漫画集,0.52%,375.4474602268911
电商品类成交偏好,书籍杂志报纸-法律,0.16%,460.87132426470004
电商品类成交偏好,家居饰品-创意饰品,0.84%,427.1412252425375
电商品类成交偏好,家居饰品-蜡烛烛台,0.31%,552.2073427797799
电商品类成交偏好,家居饰品-摆件,4.49%,491.0307804471035
电商品类成交偏好,家居饰品-汽车用品内饰品,2.1%,355.4623371083663
电商品类成交偏好,家居饰品-流水摆件,0.071%,469.5696099720065
电商品类成交偏好,家居饰品-装饰挂钩,0.23%,580.0152994991445
电商品类成交偏好,家居饰品-装饰挂牌,0.089%,455.3187561516295
电商品类成交偏好,家居饰品-家居香薰,9.26%,449.5085729532355
电商品类成交偏好,家居饰品-贴饰,3.93%,427.7220094476489
电商品类成交偏好,家居饰品-装饰画,1.66%,419.1211741310238
电商品类成交偏好,家居饰品-其他工艺饰品,0.42%,485.74170623407804
电商品类成交偏好,家居饰品-相框画框,0.51%,308.56131796625357
电商品类成交偏好,家居饰品-装饰器皿,1.08%,529.9568105169224
电商品类成交偏好,家居饰品-照片照片墙,0.16%,270.2777006500508
电商品类成交偏好,家居饰品-家居钟饰闹钟,0.17%,415.71492147264405
电商品类成交偏好,家居饰品-工艺扇,0.12%,292.4269359852432
电商品类成交偏好,家居饰品-户外庭院摆件,0.11%,658.2153404911353
电商品类成交偏好,时尚饰品-DIY配件,1.32%,502.31556058913486
电商品类成交偏好,时尚饰品-发饰,10.06%,342.0779487391653
电商品类成交偏好,时尚饰品-首饰收纳,0.62%,672.6850761239484
电商品类成交偏好,时尚饰品-胸针,0.6%,627.6757788628391
电商品类成交偏好,时尚饰品-项链,0%,-
电商品类成交偏好,时尚饰品-耳饰,5.72%,355.4492886801034
电商品类成交偏好,时尚饰品-手镯,1.09%,328.8097416672531
电商品类成交偏好,时尚饰品-银饰,3.91%,491.290022869667
电商品类成交偏好,时尚饰品-戒指指环,2.08%,319.5594280924472
电商品类成交偏好,时尚饰品-手链,2.63%,349.9787892137374
电商品类成交偏好,时尚饰品-项坠吊坠,1.45%,410.0478562270728
电商品类成交偏好,时尚饰品-脚链,0.15%,506.08616656696233
电商品类成交偏好,时尚饰品-婚庆饰品,0.026%,257.12936408554333
电商品类成交偏好,女鞋-高跟鞋,1.74%,376.9066106169602
电商品类成交偏好,女鞋-凉鞋,4.87%,391.067266647216
电商品类成交偏好,女鞋-帆布鞋,0.94%,449.16609235820414
电商品类成交偏好,女鞋-高帮鞋,0.61%,500.89106611480895
电商品类成交偏好,女鞋-拖鞋,5.54%,360.54790498672185
电商品类成交偏好,女鞋-低帮鞋,12.55%,389.41449788962217
电商品类成交偏好,女鞋-女鞋配件,0.11%,494.9814563497734
电商品类成交偏好,女鞋-雨鞋,0.19%,333.64659403229643
电商品类成交偏好,女鞋-靴子,4.71%,407.4349953378168
电商品类成交偏好,鲜花速递花卉仿真绿植园艺-生活鲜花,3.63%,719.5972246034132
电商品类成交偏好,鲜花速递花卉仿真绿植园艺-草本种苗,0.85%,364.8088870650028
电商品类成交偏好,鲜花速递花卉仿真绿植园艺-创意绿植花卉微景观,0.55%,625.5125334653645
电商品类成交偏好,鲜花速递花卉仿真绿植园艺-药材种子种苗,0.19%,241.38010745720032
电商品类成交偏好,鲜花速递花卉仿真绿植园艺-卡通花创意花,0.079%,212.64379021088448
电商品类成交偏好,鲜花速递花卉仿真绿植园艺-园艺用品,4.69%,427.1266016486324
电商品类成交偏好,鲜花速递花卉仿真绿植园艺-永生花干花,0.37%,397.6711885670853
电商品类成交偏好,鲜花速递花卉仿真绿植园艺-果树行道树,1.05%,352.1069306835623
电商品类成交偏好,鲜花速递花卉仿真绿植园艺-花艺包装材料,0.37%,333.35983697269495
电商品类成交偏好,鲜花速递花卉仿真绿植园艺-花瓶花器花盆花架,2.61%,574.4672837468003
电商品类成交偏好,鲜花速递花卉仿真绿植园艺-仿真花绿植蔬果成品,0.9%,410.72879673451087
电商品类成交偏好,鲜花速递花卉仿真绿植园艺-鲜花速递(同城),0.45%,300.6274068189812
电商品类成交偏好,鲜花速递花卉仿真绿植园艺-花卉绿植盆栽,7.29%,556.0218647748345
电商品类成交偏好,鲜花速递花卉仿真绿植园艺-花卉蔬果草坪种子,3.39%,283.3406946220938
电商品类成交偏好,汽车用品-汽车内饰用品,8.89%,390.52919141288146
电商品类成交偏好,汽车用品-汽车安全防护用品,3.22%,409.99598531267816
电商品类成交偏好,汽车用品-汽车外饰品外饰加装,1.12%,340.79718232022674
电商品类成交偏好,汽车用品-汽车文化,0.051%,399.2226153214039
电商品类成交偏好,汽车用品-汽车服务,0.092%,488.9900840879771
电商品类成交偏好,汽车用品-汽车清洗美容养护,7.1%,367.4243747870267
电商品类成交偏好,汽车用品-汽车电子电器,4.66%,419.19440524509434
电商品类成交偏好,床上用品-被套,1.32%,405.6693773474609
电商品类成交偏好,床上用品-床裙,0.12%,428.5337742412457
电商品类成交偏好,床上用品-休闲毯毛毯绒毯,1.04%,473.175311592031
电商品类成交偏好,床上用品-被子,5.65%,463.76071033139647
电商品类成交偏好,床上用品-枕巾,0.56%,434.86129791543
电商品类成交偏好,床上用品-蚊帐,0.43%,409.72737554164576
电商品类成交偏好,床上用品-床品套件,6.98%,427.5428571609963
电商品类成交偏好,床上用品-床盖,1.16%,388.5853926423674
电商品类成交偏好,床上用品-床笠,1.36%,489.33572110889855
电商品类成交偏好,床上用品-枕套,1.62%,484.3274477568702
电商品类成交偏好,床上用品-床品配件,0.49%,427.583369210298
电商品类成交偏好,床上用品-凉席,1.84%,393.97305026744823
电商品类成交偏好,床上用品-床幔,0.089%,268.7248697220336
电商品类成交偏好,床上用品-床单,1.52%,396.7411140511752
电商品类成交偏好,床上用品-床品定制定做,0.23%,498.63705641312146
电商品类成交偏好,床上用品-床罩,0.11%,423.0931951894129
电商品类成交偏好,床上用品-枕头,4.76%,441.31869944527944
电商品类成交偏好,床上用品-床垫床褥床护垫榻榻米床垫,1.34%,499.70054047208475
电商品类成交偏好,运动瑜伽健身球迷用品-跆拳道武术搏击,0.48%,516.7546069810304
电商品类成交偏好,运动瑜伽健身球迷用品-轮滑滑板极限运动,0.2%,295.6473898402607
电商品类成交偏好,运动瑜伽健身球迷用品-瑜伽,4.31%,463.9930009079617
电商品类成交偏好,运动瑜伽健身球迷用品-舞蹈健美操体操,0.42%,300.2688325267625
电商品类成交偏好,运动瑜伽健身球迷用品-台球,0.2%,188.22512390436052
电商品类成交偏好,运动瑜伽健身球迷用品-篮球,0.77%,318.98210890855523
电商品类成交偏好,运动瑜伽健身球迷用品-游泳,1.23%,351.9781969114365
电商品类成交偏好,运动瑜伽健身球迷用品-麻将棋牌益智类,0.37%,368.1577816261859
电商品类成交偏好,运动瑜伽健身球迷用品-足球,0.3%,477.45434092713265
电商品类成交偏好,运动瑜伽健身球迷用品-毽子空竹民间运动,0.36%,316.9440416667266
电商品类成交偏好,运动瑜伽健身球迷用品-跑步机大型健身器械,0.095%,358.25776362188407
电商品类成交偏好,运动瑜伽健身球迷用品-运动护具,2.32%,480.11227289717465
电商品类成交偏好,运动瑜伽健身球迷用品-其它运动用品,0.24%,396.65851076886304
电商品类成交偏好,运动瑜伽健身球迷用品-羽毛球,1.16%,346.18410618219195
电商品类成交偏好,运动瑜伽健身球迷用品-乒乓球,0.35%,395.34243527260264
电商品类成交偏好,运动瑜伽健身球迷用品-运动用品,0.32%,333.53007418439
电商品类成交偏好,运动瑜伽健身球迷用品-运动紧急用品,0.091%,844.4563186290216
电商品类成交偏好,运动瑜伽健身球迷用品-网球,0.29%,420.7692925528188
电商品类成交偏好,运动瑜伽健身球迷用品-棒球,1.22%,499.7750992689692
电商品类成交偏好,运动瑜伽健身球迷用品-踏步机中小型健身器材,7.74%,378.138591768824
电商品类成交偏好,海鲜水产-海鲜水产及制品,0.11%,642.9997224223739
电商品类成交偏好,海鲜水产-生鲜卡券,0.17%,557.7738817259519
电商品类成交偏好,男鞋-皮鞋,2.54%,520.1966938958445
电商品类成交偏好,男鞋-拖鞋,2.69%,394.46007177390504
电商品类成交偏好,男鞋-男鞋配件,0.12%,464.1055950553107
电商品类成交偏好,男鞋-靴子,1.38%,420.9603410090899
电商品类成交偏好,男鞋-雨鞋,0.24%,345.7370128277065
电商品类成交偏好,男鞋-高帮鞋,1.41%,393.4197557484413
电商品类成交偏好,男鞋-帆布鞋,0.66%,367.98646211211627
电商品类成交偏好,男鞋-低帮鞋,8.24%,386.4271675276601
电商品类成交偏好,男鞋-凉鞋,2.27%,407.0831026313357
电商品类成交偏好,彩妆香水美妆工具-美体工具,0.14%,224.25429416737487
电商品类成交偏好,彩妆香水美妆工具-美妆工具,4.55%,160.34131145095202
电商品类成交偏好,彩妆香水美妆工具-眼部彩妆,4.75%,236.49210805827056
电商品类成交偏好,彩妆香水美妆工具-彩妆套装,0.51%,195.36522557346575
电商品类成交偏好,彩妆香水美妆工具-男士香水香膏,0.33%,521.9082474844756
电商品类成交偏好,彩妆香水美妆工具-男士彩妆,0.25%,143.25636026417143
电商品类成交偏好,彩妆香水美妆工具-面部美容工具,0.85%,467.63585916260604
电商品类成交偏好,彩妆香水美妆工具-香水香膏,3.98%,372.7452719377589
电商品类成交偏好,彩妆香水美妆工具-指甲油美甲产品美甲工具,1.86%,190.41729522336468
电商品类成交偏好,彩妆香水美妆工具-其他彩妆,0.088%,215.6762653062458
电商品类成交偏好,彩妆香水美妆工具-面部彩妆,8.57%,238.61033067490013
电商品类成交偏好,彩妆香水美妆工具-唇部彩妆,6.45%,276.10860905989966
电商品类成交偏好,彩妆香水美妆工具-纹身贴,0.26%,228.20287356082497
电商品类成交偏好,彩妆香水美妆工具-体验装,0.17%,392.81721446196605
电商品类成交偏好,茶-白茶,1.05%,762.6196397053301
电商品类成交偏好,茶-绿茶,3.32%,596.9010212676444
电商品类成交偏好,茶-红茶,2.3%,661.0878924555007
电商品类成交偏好,茶-多品种茶叶礼盒,0.13%,628.7190432870995
电商品类成交偏好,茶-乌龙茶,1.66%,592.6449543098161
电商品类成交偏好,茶-普洱,1.94%,734.2399523934367
电商品类成交偏好,茶-黑茶,0.35%,824.2806655925589
电商品类成交偏好,茶-代用花草水果再加工茶,5.22%,475.09866721866683
电商品类成交偏好,茶-特色茶,0.8%,595.5354054073518
电商品类成交偏好,运动鞋-篮球鞋,0.57%,387.7288066467318
电商品类成交偏好,运动鞋-跑步鞋,6.28%,503.92514788138953
电商品类成交偏好,运动鞋-羽毛球鞋,0.11%,502.54225768131073
电商品类成交偏好,运动鞋-老爹鞋,2.67%,380.20729341562986
电商品类成交偏好,运动鞋-运动拖鞋,0.33%,423.6277209215228
电商品类成交偏好,运动鞋-足球鞋,0.091%,549.4124236464534
电商品类成交偏好,运动鞋-综合训练鞋室内健身鞋,0.32%,592.202731733267
电商品类成交偏好,运动鞋-运动沙滩鞋凉鞋,0.28%,520.9217206855659
电商品类成交偏好,运动鞋-其它运动鞋,0.42%,452.72875160156264
电商品类成交偏好,运动鞋-板鞋休闲鞋,4.55%,383.9093493714445
电商品类成交偏好,运动鞋-健步鞋,0.47%,634.4650845008762
电商品类成交偏好,运动鞋-帆布鞋,0.55%,506.79012366181445
电商品类成交偏好,学习用品-学习收纳陈列用品,1.6%,431.07653549366853
电商品类成交偏好,学习用品-教学演示展示告示用品,1.62%,345.00089445106323
电商品类成交偏好,学习用品-画具画材书法用品,2.03%,278.6781799728844
电商品类成交偏好,学习用品-文具,6.96%,302.26585239455983
电商品类成交偏好,箱包-卡套,0%,-
电商品类成交偏好,箱包-功能箱包,4.27%,508.5778321410983
电商品类成交偏好,箱包-男士包袋,1.84%,608.6163521629212
电商品类成交偏好,箱包-女士包袋,9.22%,388.5107647240462
电商品类成交偏好,箱包-箱包相关配件,0.62%,686.0850863882719
电商品类成交偏好,运动服休闲服装-运动T恤,4.01%,504.5898761954817
电商品类成交偏好,运动服休闲服装-跑步服,0.45%,737.68707545274
电商品类成交偏好,运动服休闲服装-运动球服,0.3%,387.5368237360985
电商品类成交偏好,运动服休闲服装-运动风衣,0.22%,457.893661827294
电商品类成交偏好,运动服休闲服装-运动卫衣套头衫,1.1%,523.1374940451598
电商品类成交偏好,运动服休闲服装-运动马甲,0.82%,587.7710675222506
电商品类成交偏好,运动服休闲服装-运动裤,5.96%,509.9508986596664
电商品类成交偏好,运动服休闲服装-运动套装,1.14%,407.4262917154011
电商品类成交偏好,运动服休闲服装-运动毛衣线衫,0.069%,504.66022280237263
电商品类成交偏好,运动服休闲服装-运动羽绒服,0.71%,421.10990561835786
电商品类成交偏好,运动服休闲服装-健身服装,1.48%,509.6394574206138
电商品类成交偏好,运动服休闲服装-运动内衣,0.96%,562.3164189455191
电商品类成交偏好,运动服休闲服装-运动棉衣,0.29%,481.01264465346594
电商品类成交偏好,运动服休闲服装-运动茄克外套,1.47%,480.2234646457462
电商品类成交偏好,运动服休闲服装-运动POLO衫,0.64%,460.1470160728048
电商品类成交偏好,运动服休闲服装-运动裙,0.58%,575.2626168680492
电商品类成交偏好,传统滋补营养品-食疗滋补营养,3.11%,412.371999641492
电商品类成交偏好,传统滋补营养品-阿胶膏方,0.72%,275.3745559247541
电商品类成交偏好,传统滋补营养品-参类滋补品,1.2%,496.84446923150364
电商品类成交偏好,传统滋补营养品-蜂蜜及其制品,0.63%,282.5929066982631
电商品类成交偏好,传统滋补营养品-滋补养生原料,3.11%,480.54540841892333
电商品类成交偏好,传统滋补营养品-参茸贵细,0.57%,610.2492729803264
电商品类成交偏好,传统滋补营养品-灵芝,0.17%,495.2060071576881
电商品类成交偏好,传统滋补营养品-鹿茸,0.27%,367.6483204402882
电商品类成交偏好,传统滋补营养品-冬虫夏草,0.13%,1017.8379457602445
电商品类成交偏好,传统滋补营养品-枸杞及其制品,2.39%,342.19747876874857
电商品类成交偏好,传统滋补营养品-燕窝滋补品,0.63%,498.3977458127599
电商品类成交偏好,传统滋补营养品-石斛枫斗,0.19%,595.709406945
电商品类成交偏好,传统滋补营养品-养生茶,1.17%,475.1212973847238
电商品类成交偏好,传统滋补营养品-药食同源食品,3.89%,497.99104817449853
电商品类成交偏好,户外登山野营旅行用品-户外服装,0%,-
电商品类成交偏好,户外登山野营旅行用品-户外鞋靴,0%,-
电商品类成交偏好,户外登山野营旅行用品-通讯导航户外表类,0.16%,418.89036817144245
电商品类成交偏好,户外登山野营旅行用品-防护救生装备,1.04%,461.91176431737625
电商品类成交偏好,户外登山野营旅行用品-户外餐饮用品,0.99%,494.99860571810643
电商品类成交偏好,户外登山野营旅行用品-帐篷天幕帐篷配件,0.66%,391.46625980598253
电商品类成交偏好,户外登山野营旅行用品-睡袋,0.078%,560.638241844542
电商品类成交偏好,户外登山野营旅行用品-刀具多用工具,1.1%,544.9760467573585
电商品类成交偏好,户外登山野营旅行用品-防潮垫地席枕头,0.38%,549.1317177801216
电商品类成交偏好,户外登山野营旅行用品-登山攀岩攀冰,0.15%,463.54002832771545
电商品类成交偏好,户外登山野营旅行用品-洗漱清洁护理用品,2.3%,387.2925427176865
电商品类成交偏好,户外登山野营旅行用品-户外休闲家具,1.82%,455.3464210906332
电商品类成交偏好,户外登山野营旅行用品-望远镜夜视仪户外眼镜,0.57%,507.3317149412854
电商品类成交偏好,户外登山野营旅行用品-滑雪装备,0.26%,341.72640617074427
电商品类成交偏好,户外登山野营旅行用品-登山杖手杖,0.35%,677.521500537579
电商品类成交偏好,户外登山野营旅行用品-垂钓装备,2.98%,322.2088596949005
电商品类成交偏好,户外登山野营旅行用品-旅行便携装备,0.23%,632.0652038060214
电商品类成交偏好,户外登山野营旅行用品-饮水用具盛水容器,0.81%,617.06766853812
电商品类成交偏好,户外登山野营旅行用品-军迷服饰军迷用品,0.87%,404.1781616912586
电商品类成交偏好,户外登山野营旅行用品-户外照明,2.21%,421.9332120650225
电商品类成交偏好,户外登山野营旅行用品-潜水装备,0.085%,462.104581269899
电商品类成交偏好,保健食品膳食营养补充食品-保健食品,2.14%,324.05942051850985
电商品类成交偏好,保健食品膳食营养补充食品-普通膳食营养食品,7.64%,337.8450656546404
电商品类成交偏好,保健食品膳食营养补充食品-海外膳食营养补充食品,5.16%,606.3935998387789
电商品类成交偏好,个人保健护理电器-其它个人护理,0.13%,490.9167714717741
电商品类成交偏好,个人保健护理电器-美发电器,2.44%,296.3863595853859
电商品类成交偏好,个人保健护理电器-个人清洁电器,0.52%,375.7112913376033
电商品类成交偏好,个人保健护理电器-按摩椅沙发,0.052%,556.1679224602796
电商品类成交偏好,个人保健护理电器-按摩器材,3.04%,432.4959994762859
电商品类成交偏好,个人保健护理电器-电子秤,0.75%,326.1213988327456
电商品类成交偏好,个人保健护理电器-保健护具,0.88%,430.7089369720084
电商品类成交偏好,个人保健护理电器-家用护理辅助器材,1%,522.6570671852404
电商品类成交偏好,个人保健护理电器-美容美体电器,0.3%,366.3560156320598
电商品类成交偏好,个人保健护理电器-男士理容,2.81%,326.3288448067816
电商品类成交偏好,个人保健护理电器-口腔护理,0.73%,298.30345691217786
电商品类成交偏好,厨房电器-电热水壶,1.38%,487.1123369725919
电商品类成交偏好,厨房电器-厨房家电配件,0%,-
电商品类成交偏好,厨房电器-电压力锅,0.34%,445.90710572137675
电商品类成交偏好,厨房电器-暖菜板保温碟,0.22%,529.8374253154091
电商品类成交偏好,厨房电器-榨汁机原汁机,0.92%,514.0064067974877
电商品类成交偏好,厨房电器-其它厨房家电,0.37%,436.8129411257878
电商品类成交偏好,厨房电器-食品保鲜真空机,0.38%,448.3027318662036
电商品类成交偏好,厨房电器-电炖锅煲汤锅电炖盅,0.18%,353.6381828176145
电商品类成交偏好,厨房电器-茶吧机泡茶机,0.16%,367.43829162197613
电商品类成交偏好,厨房电器-电火煮炒锅,0.95%,346.8310630843655
电商品类成交偏好,厨房电器-微波炉,0.12%,452.06017403612645
电商品类成交偏好,厨房电器-电动打蛋器,0.092%,432.8307108300055
电商品类成交偏好,厨房电器-空气炸锅,0.64%,400.6635061041827
电商品类成交偏好,厨房电器-破壁机,0.72%,401.9686991318469
电商品类成交偏好,厨房电器-豆浆机,0.46%,430.8340032060604
电商品类成交偏好,厨房电器-电蒸锅台式电蒸箱肠粉机,0.24%,583.6582865707657
电商品类成交偏好,厨房电器-电饼铛可丽饼机薄饼机,0.37%,413.6486840582073
电商品类成交偏好,厨房电器-绞肉碎肉绞菜机,0.68%,366.3500712661617
电商品类成交偏好,厨房电器-面条机,0.073%,349.43910510592883
电商品类成交偏好,厨房电器-磨粉机药材研磨机,0.34%,340.04752746015987
电商品类成交偏好,厨房电器-其它商用厨电,0.035%,408.5736877401544
电商品类成交偏好,厨房电器-煮蛋器蒸蛋器,0.68%,392.5808553387627
电商品类成交偏好,厨房电器-烤串机电烤炉,0.15%,438.787977052335
电商品类成交偏好,厨房电器-净水器及配件耗材,0.66%,497.3770589837182
电商品类成交偏好,厨房电器-养生壶煎药壶,0.69%,471.47052154239543
电商品类成交偏好,厨房电器-电茶炉煮茶器奶茶机,0.29%,720.6243522466627
电商品类成交偏好,厨房电器-电动抽水器取水器,0.32%,408.7251880235088
电商品类成交偏好,厨房电器-三明治机,0.067%,470.75982254900237
电商品类成交偏好,厨房电器-电饭煲,1.18%,421.3214156418263
电商品类成交偏好,厨房电器-电磁炉陶炉,0.5%,448.0818601691377
电商品类成交偏好,厨房电器-多功能料理锅,0.4%,446.3983736150545
电商品类成交偏好,厨房电器-搅拌料理机,0.47%,276.82636646263796
电商品类成交偏好,厨房电器-电热杯,0.27%,575.2807992109838
电商品类成交偏好,打火机瑞士军刀眼镜-光学眼镜,0.73%,220.0599567412248
电商品类成交偏好,打火机瑞士军刀眼镜-功能眼镜,2.14%,249.3209415496039
电商品类成交偏好,打火机瑞士军刀眼镜-品牌打火机及配件,2.55%,329.8575306670417
电商品类成交偏好,打火机瑞士军刀眼镜-烟具,1.12%,385.9809236562781
电商品类成交偏好,打火机瑞士军刀眼镜-太阳眼镜,0%,-
电商品类成交偏好,打火机瑞士军刀眼镜-眼镜配件、护理剂,0.94%,323.2193269725297
电商品类成交偏好,宠物宠物食品及用品-猫狗日用品,2.35%,422.3737972397687
电商品类成交偏好,宠物宠物食品及用品-猫主粮,0%,-
电商品类成交偏好,宠物宠物食品及用品-仓鼠类及其它小宠,0.25%,202.6959983722644
电商品类成交偏好,宠物宠物食品及用品-其它宠物,0.0015%,527.4538477147149
电商品类成交偏好,宠物宠物食品及用品-鸟类及用品,0.79%,485.82949232187326
电商品类成交偏好,宠物宠物食品及用品-猫狗美容清洁用品,2.91%,405.57696068273754
电商品类成交偏好,宠物宠物食品及用品-狗零食,0%,-
电商品类成交偏好,宠物宠物食品及用品-猫狗玩具,1.56%,347.7433195616505
电商品类成交偏好,宠物宠物食品及用品-动物药品及药剂,1.37%,444.6590828342189
电商品类成交偏好,宠物宠物食品及用品-猫狗通用食品,0.83%,453.2325374830541
电商品类成交偏好,宠物宠物食品及用品-水族世界,2%,443.6901288016503
电商品类成交偏好,宠物宠物食品及用品-猫狗保健品,1.46%,451.1806863625455
电商品类成交偏好,宠物宠物食品及用品-犬主粮,0%,-
电商品类成交偏好,宠物宠物食品及用品-猫零食（新）,1.8%,375.2193557101207
电商品类成交偏好,宠物宠物食品及用品-宠物服饰及配件,1.13%,500.6521867644545
电商品类成交偏好,宠物宠物食品及用品-兔类及其用品,0.13%,272.1802526280749
电商品类成交偏好,五金工具-气动工具,0.36%,493.3386792844241
电商品类成交偏好,五金工具-电气控制,0.41%,425.3689275582889
电商品类成交偏好,五金工具-手动工具,4.01%,336.56067391160525
电商品类成交偏好,五金工具-劳保用品,2.17%,302.0191779734044
电商品类成交偏好,五金工具-机电五金,0.66%,316.453311058519
电商品类成交偏好,五金工具-紧固件,0.59%,369.257052111355
电商品类成交偏好,五金工具-机械五金,2.51%,256.76893888703825
电商品类成交偏好,五金工具-安全检查设备,0.2%,297.29042488042865
电商品类成交偏好,五金工具-电动工具,1.09%,364.8691747428019
电商品类成交偏好,五金工具-仪器仪表,0.86%,362.0475413980619
电商品类成交偏好,五金工具-刃具,0.66%,373.2388249573616
电商品类成交偏好,基础建材-新型装饰材料,0%,-
电商品类成交偏好,基础建材-水管管材,0%,-
电商品类成交偏好,基础建材-胶类,4.42%,396.234884630542
电商品类成交偏好,基础建材-门窗密封条,0.5%,377.92690642850533
电商品类成交偏好,基础建材-家用五金,1.79%,416.6783984281485
电商品类成交偏好,基础建材-配件专区,0.62%,439.1710447261185
电商品类成交偏好,基础建材-其它基础建材,0.0029%,556.1880811410263
电商品类成交偏好,基础建材-隔热材料,0%,-
电商品类成交偏好,基础建材-清洁修复,0.37%,585.4856180262719
电商品类成交偏好,基础建材-板材,0%,-
电商品类成交偏好,基础建材-线条,0%,-
电商品类成交偏好,基础建材-防水材料,2.58%,373.8846673439228
电商品类成交偏好,基础建材-涂料（乳胶漆）,0%,-
电商品类成交偏好,基础建材-油漆,0.63%,354.35567891382226
电商品类成交偏好,酒类-果酒预调酒,1.28%,353.2536917462466
电商品类成交偏好,酒类-啤酒,1.59%,516.2982333472806
电商品类成交偏好,酒类-黄酒米酒,1.66%,681.7314112236985
电商品类成交偏好,酒类-白酒,3.82%,473.65721966122226
电商品类成交偏好,酒类-葡萄酒,1.56%,552.534105432482
电商品类成交偏好,酒类-洋酒,0.47%,478.0647803542072
电商品类成交偏好,生活电器-蒸汽挂烫机,0%,-
电商品类成交偏好,生活电器-洗地机及配件耗材,0%,-
电商品类成交偏好,生活电器-电动毛球修剪器,0%,-
电商品类成交偏好,生活电器-电风扇,0%,-
电商品类成交偏好,生活电器-折叠洗衣机,0%,-
电商品类成交偏好,生活电器-电子温湿度计,0%,-
电商品类成交偏好,生活电器-冷风扇,0%,-
电商品类成交偏好,生活电器-扫地机器人及配件耗材,0%,-
电商品类成交偏好,生活电器-取暖器,0%,-
电商品类成交偏好,生活电器-生活商用电器,0.012%,296.1023879713997
电商品类成交偏好,生活电器-生活家电配件,0.44%,366.72747817867133
电商品类成交偏好,生活电器-电动清洁刷,0%,-
电商品类成交偏好,生活电器-电暖手器电暖足器,0%,-
电商品类成交偏好,生活电器-干鞋器,0%,-
电商品类成交偏好,生活电器-除螨仪,0%,-
电商品类成交偏好,生活电器-空气循环扇,0%,-
电商品类成交偏好,生活电器-电熨斗,0%,-
电商品类成交偏好,生活电器-干衣机,0%,-
电商品类成交偏好,生活电器-空气消毒机,0%,-
电商品类成交偏好,生活电器-电子灭蚊器,0%,-
电商品类成交偏好,生活电器-吸尘器及配件,0%,-
电商品类成交偏好,生活电器-香薰机,0%,-
电商品类成交偏好,生活电器-电热毯,0%,-
电商品类成交偏好,生活电器-加湿器,0%,-
电商品类成交偏好,生活电器-其它生活家电,0.23%,369.324320373051
电商品类成交偏好,住宅家具-桌类,0.67%,416.6024070088511
电商品类成交偏好,住宅家具-柜类,0.74%,560.4492133388856
电商品类成交偏好,住宅家具-成套家具,0.093%,495.63795428424885
电商品类成交偏好,住宅家具-户外庭院家具,0.12%,629.7628753397613
电商品类成交偏好,住宅家具-床类,0.31%,478.85854271273524
电商品类成交偏好,住宅家具-床垫类,0.33%,473.5274386832316
电商品类成交偏好,住宅家具-镜子类,0.44%,333.7228342470306
电商品类成交偏好,住宅家具-架类,1.79%,437.1912802282102
电商品类成交偏好,住宅家具-休闲家具,0.72%,398.08834195800756
电商品类成交偏好,住宅家具-坐具类,1.88%,433.0519288218868
电商品类成交偏好,住宅家具-儿童家具,1.55%,397.00922823091736
电商品类成交偏好,住宅家具-家具辅料,0%,-
电商品类成交偏好,住宅家具-沙发类,0.38%,438.22899986128687
电商品类成交偏好,住宅家具-几类,0.48%,519.4717704297332
电商品类成交偏好,影音电器-其它影音产品,0.22%,514.5343911186786
电商品类成交偏好,影音电器-网络高清播放器,0.0078%,578.2032843031469
电商品类成交偏好,影音电器-麦克风话筒,0.2%,339.6403511429913
电商品类成交偏好,影音电器-MP3MP4iPod录音笔,0.073%,520.4838879098676
电商品类成交偏好,影音电器-随身听便携视听收音,0.054%,396.0571547923031
电商品类成交偏好,影音电器-耳机,4.21%,284.11537261105815
电商品类成交偏好,影音电器-音箱音响,1.37%,429.38997559081236
电商品类成交偏好,影音电器-外置声卡,0.078%,342.564683809659
电商品类成交偏好,影音电器-数字电视机顶盒,0.0044%,483.73114926412893
电商品类成交偏好,影音电器-影音家电配件,1.23%,343.03687529693127
电商品类成交偏好,童装婴儿装亲子装-儿童牛仔,1.44%,183.40718284270847
电商品类成交偏好,童装婴儿装亲子装-连身衣爬服哈衣,0.25%,71.30444328728848
电商品类成交偏好,童装婴儿装亲子装-套装,2.2%,154.1265800361035
电商品类成交偏好,童装婴儿装亲子装-卫衣绒衫,1.79%,228.68941261578516
电商品类成交偏好,童装婴儿装亲子装-背心吊带,0.7%,199.7310282392108
电商品类成交偏好,童装婴儿装亲子装-肚兜肚围护脐带,0.053%,89.42235435880579
电商品类成交偏好,童装婴儿装亲子装-校服校服定制,0.23%,379.4027814204271
电商品类成交偏好,童装婴儿装亲子装-儿童配饰,0.97%,174.93832175478633
电商品类成交偏好,童装婴儿装亲子装-棉袄棉服,1.04%,154.62009498458718
电商品类成交偏好,童装婴儿装亲子装-衬衫,0.59%,224.36283373582745
电商品类成交偏好,童装婴儿装亲子装-反穿衣罩衣,0.14%,100.39210344163124
电商品类成交偏好,童装婴儿装亲子装-毛衣针织衫,1.18%,187.84599929441498
电商品类成交偏好,童装婴儿装亲子装-儿童泳装,0.15%,226.43584135649854
电商品类成交偏好,童装婴儿装亲子装-儿童POLO衫,0.39%,228.75061315554817
电商品类成交偏好,童装婴儿装亲子装-儿童内衣裤,2.35%,214.30649236448022
电商品类成交偏好,童装婴儿装亲子装-马甲,0.62%,185.746731296187
电商品类成交偏好,童装婴儿装亲子装-裤子,0%,-
电商品类成交偏好,童装婴儿装亲子装-抹胸儿童文胸,0.65%,537.0171640463765
电商品类成交偏好,童装婴儿装亲子装-儿童演出服,0.06%,177.57532395971785
电商品类成交偏好,童装婴儿装亲子装-其它,0.26%,137.1040767085423
电商品类成交偏好,童装婴儿装亲子装-婴儿礼盒,0.02%,135.06803028166604
电商品类成交偏好,童装婴儿装亲子装-亲子装亲子时装,0.52%,217.55752903215765
电商品类成交偏好,童装婴儿装亲子装-儿童礼服,0.07%,213.5815546316516
电商品类成交偏好,童装婴儿装亲子装-披风斗篷,0.032%,216.90441230442974
电商品类成交偏好,童装婴儿装亲子装-儿童户外服,1.7%,270.6231897852455
电商品类成交偏好,童装婴儿装亲子装-帽子围巾口罩手套耳套脚套,0.68%,124.03706446156943
电商品类成交偏好,童装婴儿装亲子装-儿童旗袍唐装民族服装,0.63%,172.05156419305803
电商品类成交偏好,童装婴儿装亲子装-T恤,2.66%,222.1413915389725
电商品类成交偏好,童装婴儿装亲子装-外套夹克大衣,1.7%,195.56706705713057
电商品类成交偏好,童装婴儿装亲子装-儿童家居服,1.29%,160.74967448689256
电商品类成交偏好,童装婴儿装亲子装-羽绒服饰羽绒内胆,1.74%,223.52403284883562
电商品类成交偏好,童装婴儿装亲子装-裙子,0.92%,194.72917347695667
电商品类成交偏好,童装婴儿装亲子装-包包,0.24%,565.7366872991585
电商品类成交偏好,运动包户外包配件-腰包,0.43%,565.6739160431806
电商品类成交偏好,运动包户外包配件-雨衣雨裤雨披,0.29%,553.6889160148271
电商品类成交偏好,运动包户外包配件-挎包拎包休闲包,0.38%,421.40256450771705
电商品类成交偏好,运动包户外包配件-运动首饰,0.11%,273.60327752569884
电商品类成交偏好,运动包户外包配件-运动鼓包旅行包,0.078%,582.8310463317384
电商品类成交偏好,运动包户外包配件-头巾遮耳,0.23%,703.8268503038529
电商品类成交偏好,运动包户外包配件-运动袜,4.03%,419.4067315324075
电商品类成交偏好,运动包户外包配件-手套,0.15%,458.7029791077171
电商品类成交偏好,运动包户外包配件-收纳配件包,0.1%,685.4337978210846
电商品类成交偏好,运动包户外包配件-腰带,0.24%,419.2299849586579
电商品类成交偏好,运动包户外包配件-手包,0.04%,577.7159498588776
电商品类成交偏好,运动包户外包配件-钱包卡套,0.28%,580.7102952159898
电商品类成交偏好,运动包户外包配件-运动帽,0.71%,496.2220512779848
电商品类成交偏好,运动包户外包配件-双肩背包,0.75%,499.3836262417908
电商品类成交偏好,运动包户外包配件-防水箱包,0.66%,413.7599677010131
电商品类成交偏好,运动包户外包配件-单肩背包,0.23%,498.3445455215201
电商品类成交偏好,玩具童车益智积木模型-儿童机器人变形人偶玩具,0.23%,182.88558961033047
电商品类成交偏好,玩具童车益智积木模型-音乐玩具儿童乐器,0.15%,123.55901985308226
电商品类成交偏好,玩具童车益智积木模型-学习实验绘画文具,1.63%,225.0785186431595
电商品类成交偏好,玩具童车益智积木模型-仿真过家家玩具,0.34%,166.71718157904795
电商品类成交偏好,玩具童车益智积木模型-童车儿童轮滑,0.29%,140.67025891487344
电商品类成交偏好,玩具童车益智积木模型-游泳池戏水玩具,0.24%,128.4436539407718
电商品类成交偏好,玩具童车益智积木模型-手工制作创意DIY,1.41%,228.11338191253978
电商品类成交偏好,玩具童车益智积木模型-积木,0.39%,260.38627270682645
电商品类成交偏好,玩具童车益智积木模型-儿童玩具枪,0.55%,275.0354501399782
电商品类成交偏好,玩具童车益智积木模型-电动遥控玩具零件工具,0.05%,362.25680023402333
电商品类成交偏好,玩具童车益智积木模型-毛绒布艺类玩具,1.38%,169.2051155513695
电商品类成交偏好,玩具童车益智积木模型-电子发光充气整蛊玩具,0.72%,217.7492644401259
电商品类成交偏好,玩具童车益智积木模型-解锁迷宫魔方智力玩具,0.3%,267.9348619313084
电商品类成交偏好,玩具童车益智积木模型-儿童包背包箱包,0.11%,211.61269966006228
电商品类成交偏好,玩具童车益智积木模型-儿童棋类桌面游戏,0.37%,228.61207353951554
电商品类成交偏好,玩具童车益智积木模型-串珠拼图配对拆装敲打玩具,0.79%,136.56815741973563
电商品类成交偏好,玩具童车益智积木模型-户外运动休闲传统玩具,0.83%,196.2256319728279
电商品类成交偏好,玩具童车益智积木模型-幼儿响铃布玩安抚玩具,0.091%,60.11265588189679
电商品类成交偏好,玩具童车益智积木模型-绘画类用品,0.12%,143.0345163813978
电商品类成交偏好,玩具童车益智积木模型-电动遥控惯性发条玩具,0.37%,148.5784706241661
电商品类成交偏好,玩具童车益智积木模型-静态模型,0.47%,298.4905497769792
电商品类成交偏好,玩具童车益智积木模型-娃娃配件,0.19%,315.8976649277342
电商品类成交偏好,玩具童车益智积木模型-幼儿爬行学步健身,0.093%,104.17649040671664
电商品类成交偏好,玩具童车益智积木模型-早教智能玩具,1.4%,161.0983690686493
电商品类成交偏好,玩具童车益智积木模型-彩泥粘土软陶泥,0.26%,162.88788836472938
电商品类成交偏好,玩具童车益智积木模型-宝宝纪念品个性产品,0.18%,201.12133832404808
电商品类成交偏好,玩具童车益智积木模型-游乐教学设备大型设施,0.17%,182.36846643123434
电商品类成交偏好,家装主材-厨房,1.27%,422.95944542490946
电商品类成交偏好,家装主材-晾衣架晾衣杆,0%,-
电商品类成交偏好,家装主材-除醛系列,0.27%,559.8420959005451
电商品类成交偏好,家装主材-浴霸,0.35%,423.23112742935723
电商品类成交偏好,家装主材-阀门系统,0.11%,392.1438476316023
电商品类成交偏好,家装主材-卫浴用品,0.073%,543.0783764095607
电商品类成交偏好,家装主材-墙纸,0.31%,347.5940183622636
电商品类成交偏好,文玩木作书画钱币-趣味收藏,0.21%,497.57065600336006
电商品类成交偏好,文玩木作书画钱币-石雕,0%,-
电商品类成交偏好,文玩木作书画钱币-书法绘画,0.3%,631.7380506359076
电商品类成交偏好,文玩木作书画钱币-红木家具,0.097%,777.9992413645307
电商品类成交偏好,文玩木作书画钱币-菩提核桃,2.54%,528.8148972631155
电商品类成交偏好,文玩木作书画钱币-香道器具,0.56%,839.3604383659045
电商品类成交偏好,文玩木作书画钱币-钱币,0.53%,538.6463567363787
电商品类成交偏好,文玩木作书画钱币-刀剑相关,0.28%,427.4468489533582
电商品类成交偏好,文玩木作书画钱币-葫芦,0%,-
电商品类成交偏好,文玩木作书画钱币-观赏石奇石矿物晶体,0.15%,631.5414645521927
电商品类成交偏好,文玩木作书画钱币-沉香,0.71%,944.144534129601
电商品类成交偏好,文玩木作书画钱币-金属搪瓷器具,0.36%,730.1398762808794
电商品类成交偏好,文玩木作书画钱币-文玩木串,1.44%,597.865022926514
电商品类成交偏好,文玩木作书画钱币-收藏品保养鉴定工具,0.28%,563.3109547810708
电商品类成交偏好,婴童用品-防撞提醒安全保护,0.22%,174.83555647806674
电商品类成交偏好,婴童用品-婴儿手推车学步车,0.081%,95.07043736576176
电商品类成交偏好,婴童用品-汽车安全座椅安全背带,0.0069%,57.035946567946574
电商品类成交偏好,婴童用品-宝宝如厕用品,0.079%,110.42814551922777
电商品类成交偏好,婴童用品-水杯餐具研磨辅食小家电,0.83%,110.77845879786736
电商品类成交偏好,婴童用品-宝宝清洁液洗衣液柔顺剂,0.19%,79.18081460509381
电商品类成交偏好,婴童用品-其它婴童用品,0.17%,83.47099285534144
电商品类成交偏好,婴童用品-理发指甲钳等护理小用品,0.55%,153.27993317816146
电商品类成交偏好,婴童用品-宝宝护肤,3.24%,267.87039062714217
电商品类成交偏好,婴童用品-婴儿湿巾,0%,-
电商品类成交偏好,婴童用品-奶瓶奶瓶相关,0.086%,38.720266465991415
电商品类成交偏好,婴童用品-母婴用纸,0%,-
电商品类成交偏好,婴童用品-童床婴儿床摇篮床护栏,0.048%,84.6301928104221
电商品类成交偏好,婴童用品-宝宝洗浴,2.02%,228.73925657996583
电商品类成交偏好,婴童用品-驱蚊用品,0.76%,229.78526248148614
电商品类成交偏好,婴童用品-婴儿棉柔巾,0%,-
电商品类成交偏好,婴童用品-消毒暖奶喂养小家电,0.034%,54.64948821878942
电商品类成交偏好,婴童用品-儿童房桌椅家具,0.24%,180.6641278157346
电商品类成交偏好,婴童用品-背带学步带出行用品,0.19%,108.37492849442934
电商品类成交偏好,婴童用品-牙胶牙刷牙膏,1.2%,167.43646469572406
电商品类成交偏好,婴童用品-睡袋凉席枕头床品,0.11%,118.82906705811413
电商品类成交偏好,婴童用品-奶嘴奶嘴相关,0.034%,34.84033699298521
电商品类成交偏好,移动联通电信充值中心-电信话费充值卡,1.49%,332.39108558544086
电商品类成交偏好,移动联通电信充值中心-中国联通充值卡,1.37%,358.7378060192399
电商品类成交偏好,移动联通电信充值中心-中国移动充值卡,4.08%,390.6496348829064
电商品类成交偏好,农用物资-肥料,5.38%,260.4310412893695
电商品类成交偏好,农用物资-微生物菌剂,0.097%,169.15862540476442
电商品类成交偏好,农用物资-助剂添加剂,0.082%,114.38543226899911
电商品类成交偏好,农用物资-农药,0.33%,292.03115565925134
电商品类成交偏好,农用物资-种子种苗,0.13%,109.73555460651893
电商品类成交偏好,农用物资-园林养护物资,0.12%,401.2694567503634
电商品类成交偏好,电动车配件交通工具-电动车零配件,1.65%,303.6164406473035
电商品类成交偏好,电动车配件交通工具-电动车装备区,4.23%,359.20512860678224
电商品类成交偏好,电动车配件交通工具-电动车整车,0.16%,334.37382820147707
电商品类成交偏好,电动车配件交通工具-电动车维修工具,0.36%,386.8347079915799
电商品类成交偏好,汽车零配件-雨刮器,2.34%,484.0337541686515
电商品类成交偏好,汽车零配件-照明系统,0.23%,291.4557862051124
电商品类成交偏好,汽车零配件-其他,0.78%,334.5091630926386
电商品类成交偏好,汽车零配件-点火系统,0.073%,533.2034380151699
电商品类成交偏好,汽车零配件-油品,0.79%,392.7609230906878
电商品类成交偏好,汽车零配件-滤芯,0.93%,462.62981056954294
电商品类成交偏好,汽车零配件-外观件,0.33%,329.9482509938813
电商品类成交偏好,汽车零配件-美容维修汽保工具,0.99%,406.4391087784521
电商品类成交偏好,汽车零配件-车用附件,1.24%,439.6926427731418
电商品类成交偏好,陶瓷紫砂建盏茶周边-茶道器具,4.03%,722.2623058992622
电商品类成交偏好,陶瓷紫砂建盏茶周边-陶瓷瓷片,1.11%,763.0480398537208
电商品类成交偏好,陶瓷紫砂建盏茶周边-紫砂,1.09%,827.1769470735323
电商品类成交偏好,陶瓷紫砂建盏茶周边-建盏,0.24%,749.2858755828474
电商品类成交偏好,翡翠和田玉琥珀蜜蜡其他玉石-琥珀蜜蜡,0.72%,836.2676539608534
电商品类成交偏好,翡翠和田玉琥珀蜜蜡其他玉石-翡翠,1.29%,683.9230395275107
电商品类成交偏好,翡翠和田玉琥珀蜜蜡其他玉石-其他天然玉石,2.18%,525.7451714444802
电商品类成交偏好,翡翠和田玉琥珀蜜蜡其他玉石-和田玉,1.96%,701.1410444141019
电商品类成交偏好,节庆用品文创-节日用品,3.11%,426.0894793015655
电商品类成交偏好,节庆用品文创-文化创意用品,1.49%,527.358170622903
电商品类成交偏好,医疗器械-防护用品,0.4%,388.8914211101474
电商品类成交偏好,医疗器械-家庭护理,2.38%,275.7269332260755
电商品类成交偏好,医疗器械-医用敷料,0.39%,297.27922279516736
电商品类成交偏好,医疗器械-健康监测,0.99%,426.02698236498986
电商品类成交偏好,黄金彩宝钻石珍珠-钻石首饰,0.15%,851.8493094193028
电商品类成交偏好,黄金彩宝钻石珍珠-k金（素款）,0.36%,840.8767691197227
电商品类成交偏好,黄金彩宝钻石珍珠-足金首饰（素款）,0.66%,502.792362485964
电商品类成交偏好,黄金彩宝钻石珍珠-珍珠,2.17%,732.4761738789957
电商品类成交偏好,黄金彩宝钻石珍珠-天然水晶,1.2%,503.81528585032225
电商品类成交偏好,黄金彩宝钻石珍珠-银饰,0%,-
电商品类成交偏好,黄金彩宝钻石珍珠-投资贵金属,0.17%,515.8916250039074
电商品类成交偏好,黄金彩宝钻石珍珠-彩色宝石贵重宝石,0.95%,701.7235841948313
电商品类成交偏好,家装灯饰光源-光源,0.98%,360.47314196262516
电商品类成交偏好,家装灯饰光源-家装类灯饰,0.79%,448.2874473051838
电商品类成交偏好,家装灯饰光源-家居类灯饰,1.39%,434.9701506978279
电商品类成交偏好,家装灯饰光源-无主灯类灯饰,0.2%,428.2555837147399
电商品类成交偏好,家装灯饰光源-护眼灯饰,0.78%,455.3123748343888
电商品类成交偏好,家装灯饰光源-室外灯饰,0.52%,504.8339695423677
电商品类成交偏好,购物提货券-购物券礼品卡,3.43%,312.1105309515556
电商品类成交偏好,自行车骑行装备零配件-骑行服饰骑行装备,2.09%,435.331258621074
电商品类成交偏好,自行车骑行装备零配件-自行车整车,0.25%,372.3044985006767
电商品类成交偏好,自行车骑行装备零配件-自行车修车工具,0.38%,348.4741071135727
电商品类成交偏好,自行车骑行装备零配件-自行车单车装备,0.91%,375.2960529754681
电商品类成交偏好,自行车骑行装备零配件-自行车零配件,0.37%,420.85795496434326
电商品类成交偏好,药品-非处方药,2.42%,260.3389183443244
电商品类成交偏好,模玩动漫周边娃圈三坑桌游-卡通动漫周边,0.59%,156.72925282721835
电商品类成交偏好,模玩动漫周边娃圈三坑桌游-影视明星周边,0.14%,161.42088781238385
电商品类成交偏好,模玩动漫周边娃圈三坑桌游-娃衣,0.09%,231.19909620387782
电商品类成交偏好,模玩动漫周边娃圈三坑桌游-二次元古风服装,0.051%,371.7565876993746
电商品类成交偏好,模玩动漫周边娃圈三坑桌游-游戏实物周边,0.14%,167.19690471928067
电商品类成交偏好,模玩动漫周边娃圈三坑桌游-潮玩盲盒,0%,-
电商品类成交偏好,模玩动漫周边娃圈三坑桌游-手办兵人扭蛋,0.24%,233.0678664988397
电商品类成交偏好,模玩动漫周边娃圈三坑桌游-预售模玩,0.058%,144.93479411481434
电商品类成交偏好,模玩动漫周边娃圈三坑桌游-Cosplay服饰道具服务,0.053%,138.98833484283998
电商品类成交偏好,模玩动漫周边娃圈三坑桌游-棋牌桌游,0.63%,347.9613398330249
电商品类成交偏好,模玩动漫周边娃圈三坑桌游-聚会魔术演出用品,0.19%,296.52792771963414
电商品类成交偏好,模玩动漫周边娃圈三坑桌游-车船模军模无人机穿越机,0.14%,382.538389439124
电商品类成交偏好,手工艺非遗技艺-烧造工艺,0.26%,631.4013432877888
电商品类成交偏好,手工艺非遗技艺-其他民俗工艺,0.27%,754.6777639834535
电商品类成交偏好,手工艺非遗技艺-雕塑工艺,1.44%,749.634670269768
电商品类成交偏好,童鞋婴儿鞋亲子鞋-拖鞋,0.56%,153.2793250515345
电商品类成交偏好,童鞋婴儿鞋亲子鞋-凉鞋,0.52%,156.47789293923515
电商品类成交偏好,童鞋婴儿鞋亲子鞋-儿童雨衣雨鞋雨靴,0.032%,140.31363934648206
电商品类成交偏好,童鞋婴儿鞋亲子鞋-婴儿步前鞋袜鞋,0.091%,98.98042013457848
电商品类成交偏好,童鞋婴儿鞋亲子鞋-皮鞋,0.15%,130.48307539652112
电商品类成交偏好,童鞋婴儿鞋亲子鞋-皮靴棉靴,0.17%,154.9566565151238
电商品类成交偏好,童鞋婴儿鞋亲子鞋-板鞋,0.38%,164.5402861507412
电商品类成交偏好,童鞋婴儿鞋亲子鞋-运动鞋,0%,-
电商品类成交偏好,童鞋婴儿鞋亲子鞋-学步鞋,0.17%,67.23363965054776
电商品类成交偏好,童鞋婴儿鞋亲子鞋-传统布鞋手工编织鞋,0.027%,218.0738171566211
电商品类成交偏好,童鞋婴儿鞋亲子鞋-棉鞋,0.4%,168.37227025164484
电商品类成交偏好,童鞋婴儿鞋亲子鞋-雪地靴,0.23%,132.97889701195572
电商品类成交偏好,童鞋婴儿鞋亲子鞋-帆布鞋,0.047%,121.3535871862008
电商品类成交偏好,童鞋婴儿鞋亲子鞋-鞋配件,0.095%,201.8059727106823
电商品类成交偏好,童鞋婴儿鞋亲子鞋-亲子鞋,0.16%,256.54300905557045
电商品类成交偏好,大家电-厨房大电,0.39%,460.7223341482774
电商品类成交偏好,大家电-冰箱冰吧冰柜,0.24%,371.5890744016834
电商品类成交偏好,大家电-大家电配件,0.93%,401.9275593208213
电商品类成交偏好,大家电-空调,0.37%,446.36309622802185
电商品类成交偏好,大家电-洗衣机,0.39%,385.70148788788845
电商品类成交偏好,大家电-电视,0.16%,404.778099637091
电商品类成交偏好,大家电-热水器,0.35%,405.22309540130215
电商品类成交偏好,摩托车装备配件-摩托车配件,0.61%,339.3348827411944
电商品类成交偏好,摩托车装备配件-摩托车装饰养护,0.39%,325.7016240442333
电商品类成交偏好,摩托车装备配件-摩托车骑士装备,1.67%,426.56439058737334
电商品类成交偏好,摩托车装备配件-其他摩托车用品,0.13%,360.9449739026631
电商品类成交偏好,电子电工-接线板插头,1.53%,397.03612215323807
电商品类成交偏好,电子电工-电工配件,0.15%,381.25527095943204
电商品类成交偏好,电子电工-开关,0.24%,360.6550493664223
电商品类成交偏好,电子电工-防盗报警器材及系统,0.11%,348.27061374941434
电商品类成交偏好,电子电工-监控器材及系统,0.26%,379.53496023148926
电商品类成交偏好,电子电工-插座,0.24%,400.7584805459132
电商品类成交偏好,电子电工-底盒,0.099%,373.2717897180509
电商品类成交偏好,生活娱乐充值-影视会员,0.37%,362.22302156577626
电商品类成交偏好,生活娱乐充值-音频FM,0.22%,338.2687069087466
电商品类成交偏好,生活娱乐充值-出行服务,0.12%,166.22286397178564
电商品类成交偏好,生活娱乐充值-网络工具,0.22%,288.61990656421864
电商品类成交偏好,生活娱乐充值-其他会员充值,2.15%,386.29865305170574
电商品类成交偏好,智能设备-智能设备配件,0.6%,217.78368952493202
电商品类成交偏好,智能设备-智能手环,0.099%,132.85560332853677
电商品类成交偏好,智能设备-智能飞行,0%,-
电商品类成交偏好,智能设备-智能手表,0.86%,335.60919052633994
电商品类成交偏好,智能设备-智能儿童手表,0.16%,225.51586136509124
电商品类成交偏好,智能设备-智能穿戴,0.076%,405.0722243080497
电商品类成交偏好,全屋智能-智能灯光,0.17%,552.0417153776226
电商品类成交偏好,全屋智能-智能家庭设备配件,0.12%,330.319372640226
电商品类成交偏好,全屋智能-智能安防,0.85%,506.0365401578619
电商品类成交偏好,全屋智能-智能家居系统,0.37%,415.2861670183308
电商品类成交偏好,钟表类-配件,0.4%,483.9321611820986
电商品类成交偏好,钟表类-腕表,1.53%,362.3016673224905
电商品类成交偏好,办公用品办公设备耗材相关服务-办公用品,2.93%,426.5674365811786
电商品类成交偏好,办公用品办公设备耗材相关服务-办公用纸,0.54%,474.7613004499132
电商品类成交偏好,办公用品办公设备耗材相关服务-绳索扎带办公线材,0%,-
电商品类成交偏好,办公用品办公设备耗材相关服务-投影机,0.15%,369.06659413825616
电商品类成交偏好,办公用品办公设备耗材相关服务-打印机,0.19%,402.79924731679057
电商品类成交偏好,办公用品办公设备耗材相关服务-服务类,0.32%,191.5524512211983
电商品类成交偏好,办公用品办公设备耗材相关服务-办公设备配件及相关服务,0%,-
电商品类成交偏好,办公用品办公设备耗材相关服务-胶带,1.63%,418.6280873223809
电商品类成交偏好,网络设备网络相关-视频监控,0.011%,353.3667487539515
电商品类成交偏好,网络设备网络相关-路由器猫网卡配件,0.17%,365.39206160921117
电商品类成交偏好,网络设备网络相关-路由器,0.094%,398.8975516836978
电商品类成交偏好,网络设备网络相关-4g5g上网设备,1.33%,337.4718878515021
电商品类成交偏好,手机-智能机,0.95%,208.99392868081353
电商品类成交偏好,孕产妇服纺用品营养-孕产妇营养品,0.18%,139.68536042212182
电商品类成交偏好,孕产妇服纺用品营养-孕期口腔护理,0.66%,369.4737832276231
电商品类成交偏好,孕产妇服纺用品营养-孕产妇彩妆,0.18%,259.24423514830875
电商品类成交偏好,孕产妇服纺用品营养-孕妇裤托腹裤,0.035%,20.715330139021273
电商品类成交偏好,孕产妇服纺用品营养-妈咪包背婴带,0.022%,114.44055020581617
电商品类成交偏好,孕产妇服纺用品营养-哺乳文胸内裤产检裤,0.055%,34.54762487441785
电商品类成交偏好,孕产妇服纺用品营养-产妇帽孕妇袜孕妇鞋,0.054%,82.43172198280772
电商品类成交偏好,孕产妇服纺用品营养-吸奶器配件,0.0076%,19.2085820696363
电商品类成交偏好,孕产妇服纺用品营养-家居服哺乳装秋衣裤,0.032%,25.149327103935665
电商品类成交偏好,孕产妇服纺用品营养-哺乳用品,0.01%,22.654177163497096
电商品类成交偏好,孕产妇服纺用品营养-孕产妇运动瑜伽健身,0.033%,72.04496111854488
电商品类成交偏好,孕产妇服纺用品营养-孕妇装,0.046%,30.861972931833314
电商品类成交偏好,孕产妇服纺用品营养-待产用品,0.57%,163.36563100674056
电商品类成交偏好,孕产妇服纺用品营养-孕产妇护肤洗护祛纹,0.22%,132.91048238412347
电商品类成交偏好,孕产妇服纺用品营养-束缚带塑身衣盆骨带,0.18%,170.8996643485218
电商品类成交偏好,计生用品-避孕套,1.06%,247.232115055916
电商品类成交偏好,奶粉辅食营养品零食-儿童奶粉,0%,-
电商品类成交偏好,奶粉辅食营养品零食-宝宝辅食,0.32%,102.40659025329231
电商品类成交偏好,奶粉辅食营养品零食-其它,0.13%,115.62063293989033
电商品类成交偏好,奶粉辅食营养品零食-婴幼儿牛奶粉（3段）,0%,-
电商品类成交偏好,奶粉辅食营养品零食-婴童零食,0.22%,115.86413401672324
电商品类成交偏好,奶粉辅食营养品零食-婴童调味品,0.065%,91.8175974834051
电商品类成交偏好,奶粉辅食营养品零食-婴童营养品,0.65%,229.36584524273815
电商品类成交偏好,电子教育-电子教育,0%,-
电商品类成交偏好,金属材料及制品-其他金属制品,0.0002%,829.6810524271611
电商品类成交偏好,金属材料及制品-不锈钢,0.54%,390.0287540925226
电商品类成交偏好,金属材料及制品-硬质合金,0.068%,233.45325716891767
电商品类成交偏好,金属材料及制品-金属盒箱柜,0.013%,454.46471758997103
电商品类成交偏好,农机农具农膜-农业工具,0.39%,194.88761247563951
电商品类成交偏好,农机农具农膜-农膜篷布遮网大棚,0.31%,268.18943277474796
电商品类成交偏好,农机农具农膜-农业机械,0.41%,183.26215526701753
电商品类成交偏好,教育培训-技能培训,0.4%,525.5627297171025
电商品类成交偏好,教育培训-学历职业资格考试,0.068%,130.5884870820964
电商品类成交偏好,教育培训-语言培训,0.1%,587.5668081176327
电商品类成交偏好,教育培训-常识兴趣,0.3%,460.9400841367741
电商品类成交偏好,教育培训-家庭教育中小学教育,0.12%,664.3873291073542
电商品类成交偏好,畜牧养殖物资-兽用非处方药,0.085%,295.62021138329675
电商品类成交偏好,畜牧养殖物资-动物保健品水质调节剂,0%,-
电商品类成交偏好,畜牧养殖物资-蜂场养殖物资,0.051%,184.1732882445444
电商品类成交偏好,畜牧养殖物资-饲料,0%,-
电商品类成交偏好,畜牧养殖物资-畜牧养殖设备,0%,-
电商品类成交偏好,电子元器件市场-连接器,0.12%,305.32981186906045
电商品类成交偏好,数码存储设备-手机U盘,0.15%,575.3416627924845
电商品类成交偏好,数码存储设备-闪存卡,0.15%,258.50691668794343
电商品类成交偏好,数码存储设备-普通U盘,0.11%,369.6142637059424
电商品类成交偏好,乐器吉他钢琴配件-西洋乐器,0.23%,319.002796814012
电商品类成交偏好,乐器吉他钢琴配件-民族乐器,0.16%,360.02330175615145
电商品类成交偏好,乐器吉他钢琴配件-乐器配件,0.19%,272.9184263398734
电商品类成交偏好,乐器吉他钢琴配件-MIDI乐器电脑音乐,0.035%,286.8490600426911
电商品类成交偏好,乐器吉他钢琴配件-乐器服务,0.0021%,270.92726890741756
电商品类成交偏好,乐器吉他钢琴配件-儿童玩具乐器,0.03%,136.5282166077518
电商品类成交偏好,电脑外设-键盘,0.082%,57.176945094848286
电商品类成交偏好,电脑外设-有线鼠标,0.044%,94.41831054843519
电商品类成交偏好,电脑外设-键鼠套装,0.065%,150.53686371908077
电商品类成交偏好,电脑外设-电脑周边,0.41%,110.07231972811485
电商品类成交偏好,电脑外设-无线鼠标,0.13%,97.90762120274871
电商品类成交偏好,商业办公家具-办公家具,0.22%,485.6110346011443
电商品类成交偏好,商业办公家具-货架展柜,0.14%,407.9363767329135
电商品类成交偏好,美容个护仪器-面部美容仪器,0.5%,335.67310144702964
电商品类成交偏好,手机号码套餐增值业务-新入网手机号定制套餐,0%,-
电商品类成交偏好,手机号码套餐增值业务-新入网手机号套餐,0.62%,129.52375207985872
电商品类成交偏好,美容美体医疗器械-隐形眼镜,0.22%,223.02984497708542
电商品类成交偏好,美容美体医疗器械-美容美体护理仪（器械）,0.0057%,74.89954698754889
电商品类成交偏好,美容美体医疗器械-护理液,0.23%,207.76464702659317
电商品类成交偏好,美容美体医疗器械-彩色隐形眼镜,0.36%,44.05343737128607
电商品类成交偏好,儿童床品家纺-抱被,0.05%,82.60016302171239
电商品类成交偏好,儿童床品家纺-被子,0.18%,253.94724388032222
电商品类成交偏好,儿童床品家纺-婴童睡袋防踢被,0.065%,66.14735765429533
电商品类成交偏好,儿童床品家纺-婴童枕头枕芯,0.21%,97.3575285664941
电商品类成交偏好,儿童床品家纺-婴童多件套,0.043%,231.90158492491838
电商品类成交偏好,儿童床品家纺-婴童凉席,0.03%,97.26304801129933
电商品类成交偏好,二手奢侈品-箱包,0.16%,711.5003862499779
电商品类成交偏好,二手奢侈品-服饰配件,0.042%,1212.0164635885917
电商品类成交偏好,二手奢侈品-腕表,0.085%,767.2501278968762
电商品类成交偏好,电玩配件游戏攻略-家用游戏机,0.13%,303.9657517880522
电商品类成交偏好,电玩配件游戏攻略-游戏软件,0.022%,111.10932768101969
电商品类成交偏好,电玩配件游戏攻略-游戏手柄,0.081%,142.33044792944375
电商品类成交偏好,笔记本电脑-笔记本电脑,0.043%,315.6776536724558
电商品类成交偏好,平板电脑MID-平板电脑MID,0.2%,196.8238153586233
电商品类成交偏好,摄影摄像-拍立得相机,0.016%,135.21593093094927
电商品类成交偏好,珠宝文玩收藏品（定制专用）-定制玉石,0.19%,772.8446695171209
电商品类成交偏好,游戏服务-游戏充值,0.14%,60.2371359089368
电商品类成交偏好,游戏服务-游戏装备,0.01%,18.21608435588943
电商品类成交偏好,清洗食品商业设备-清洗清理设备,0.087%,289.64261002860894
电商品类成交偏好,清洗食品商业设备-商用炉灶,0.029%,491.991398600031
电商品类成交偏好,机械设备-其他机械设备,0.001%,306.46078237401207
电商品类成交偏好,机械设备-电影放映设备,0.0008%,278.50855542424756
电商品类成交偏好,婴童尿裤-女童成长裤成长护理,0.004%,237.62990421432977
电商品类成交偏好,婴童尿裤-纸尿裤,0.12%,37.656439615437044
电商品类成交偏好,婴童尿裤-布尿裤尿垫,0.15%,102.02171758215243
电商品类成交偏好,婴童尿裤-纸尿片,0.0094%,39.963183515356896
电商品类成交偏好,婴童尿裤-特护尿裤,0.07%,38.8409173424691
电商品类成交偏好,婴童尿裤-拉拉裤,0.1%,45.524480451852355
电商品类成交偏好,婴童尿裤-其他,0.017%,179.44198855572637
电商品类成交偏好,本地生活服务-餐饮美食卡券,0%,-
电商品类成交偏好,本地生活服务-在线清洗洗衣券,0.0031%,1306.0401198709783
电商品类成交偏好,电脑组件-显示器&支架,0.077%,129.99526116736502
电商品类成交偏好,文物商店拍卖行-古董艺术品,0.081%,659.351748684159
电商品类成交偏好,全屋定制-定制淋浴房,0.0006%,519.0242200115117
电商品类成交偏好,全屋定制-地板,0.025%,538.2197565051038
电商品类成交偏好,全屋定制-全屋空间定制,0.0015%,77.24519482332389
电商品类成交偏好,全屋定制-定制柜类,0.0038%,103.84277743698253
电商品类成交偏好,教育音像-音乐影视音像,0.12%,273.2560869682708
电商品类成交偏好,DIY电脑-DIY兼容机,0.041%,108.18590102719956
电商品类成交偏好,电影演出赛事-电影,0%,-
电商品类成交偏好,新车-新车优惠券,0%,-
电商品类成交偏好,兑换卡-节庆用品礼品卡,0%,-
电商品类成交偏好,潮品鞋服（鉴真）-潮服,0%,-
电商品类成交偏好,潮品鞋服（鉴真）-潮鞋,0%,-
电商品类成交偏好,潮品鞋服（鉴真）-潮品配饰,0%,-
电商品类成交偏好,二手3C数码-手机整机,0.62%,403.76241886070864
电商品类成交偏好,二手3C数码-笔记本电脑,0.24%,714.5915239242132
电商品类成交偏好,二手3C数码-数码3C配件,0.37%,587.5403180399667
电商品类成交偏好,二手3C数码-文体音像设备,0.092%,767.7513401691084
电商品类成交偏好,二手3C数码-平板电脑,0.08%,435.7919912567089
电商品类成交偏好,二手3C数码-电脑硬件电脑配件,0.1%,372.50483437066583
电商品类成交偏好,假发及配件-假发配件,0.26%,352.15805102539605
电商品类成交偏好,假发及配件-假发,2.19%,324.1303325744574
电商品牌成交偏好,三資堂,8.33%,449.25296776032286
电商品牌成交偏好,Three Squirrels三只松鼠,7.25%,395.31649294114015
电商品牌成交偏好,甄磨坊,4.97%,526.400569866645
电商品牌成交偏好,不集,3.57%,482.3414875767592
电商品牌成交偏好,诺特兰德,3.51%,328.48692532555253
电商品牌成交偏好,草本初色,3.49%,449.8045769460041
电商品牌成交偏好,沫檬,3.26%,505.7118750773581
电商品牌成交偏好,参半,3.15%,360.1558861760666
电商品牌成交偏好,心相印,3.03%,448.9028384647784
电商品牌成交偏好,水卫仕,3.03%,517.7930011187354
电商品牌成交偏好,盐津铺子,3.03%,335.02550530296276
电商品牌成交偏好,KANS韩束,3.01%,318.27296956197426
电商品牌成交偏好,植护,2.97%,342.15366168866746
电商品牌成交偏好,shiguangxue时光学,2.9%,364.46666226616
电商品牌成交偏好,蓝月亮,2.73%,426.10379813780145
电商品牌成交偏好,kangaroo mommy袋鼠妈妈,2.64%,449.34345428949064
电商品牌成交偏好,Sukgarden蔬果园,2.63%,490.1693476044661
电商品牌成交偏好,Vinda维达,2.57%,427.8182980976131
电商品牌成交偏好,BKT,2.55%,593.0898769081249
电商品牌成交偏好,Dettol滴露,2.51%,680.3492407231895
电商品牌成交偏好,人仁和,2.47%,410.5686178067289
电商品牌成交偏好,茶口乐,2.35%,526.8693880856073
电商品牌成交偏好,ANTA安踏,2.31%,454.69854402882896
电商品牌成交偏好,Ufeel,2.31%,626.2021092442907
电商品牌成交偏好,清风,2.3%,548.3337504197444
电商品牌成交偏好,佳帮手,2.27%,523.0449541136413
电商品牌成交偏好,LIGHT UP轻上,2.23%,563.0056477830207
电商品牌成交偏好,一本,2.14%,713.6154577051949
电商品牌成交偏好,天海藏,2.07%,487.6465055557498
电商品牌成交偏好,YAYA鸭鸭,2.03%,499.5408591104161
电商品牌成交偏好,MANCODES左颜右色,1.98%,458.32333335586304
电商品牌成交偏好,大希地,1.92%,694.1565560451359
电商品牌成交偏好,bodorme贝德美,1.9%,278.14901485959285
电商品牌成交偏好,丝飘,1.87%,405.82608105036746
电商品牌成交偏好,LI-NING李宁,1.86%,497.7922958257788
电商品牌成交偏好,秉秀,1.85%,547.3162371519579
电商品牌成交偏好,GOTDYA高缇雅,1.84%,436.33836569577903
电商品牌成交偏好,俏爱缇,1.77%,320.8052950928828
电商品牌成交偏好,白象,1.75%,417.4240344478128
电商品牌成交偏好,BESTORE良品铺子,1.74%,557.3258731502514
电商品牌成交偏好,XIAGUNAI夏谷奈,1.7%,732.5998440516046
电商品牌成交偏好,罗娜女神,1.7%,441.3942158798732
电商品牌成交偏好,立白,1.7%,320.6952424460196
电商品牌成交偏好,网易严选,1.68%,376.8320952085514
电商品牌成交偏好,Deeyeo德佑,1.61%,227.71428992912638
电商品牌成交偏好,冷酸灵,1.59%,620.3851122716293
电商品牌成交偏好,锋味派,1.57%,826.9872490727055
电商品牌成交偏好,Beneunder蕉下,1.54%,624.9907485338864
电商品牌成交偏好,sobam索邦,1.53%,495.0045221280451
电商品牌成交偏好,妇炎洁,1.47%,407.8806349539028
电商品牌成交偏好,ADOPT A COW认养一头牛,1.46%,420.8778306760741
电商品牌成交偏好,SUPOR苏泊尔,1.4%,466.9781785960893
电商品牌成交偏好,BIBIZAN比比赞,1.4%,321.90527751056067
电商品牌成交偏好,PUCO,1.39%,271.50541336544745
电商品牌成交偏好,seamild西麦,1.38%,560.0843507587332
电商品牌成交偏好,露俏,1.35%,605.4227502495886
电商品牌成交偏好,洁丽雅,1.33%,480.32240821731153
电商品牌成交偏好,MEIKANG美康粉黛,1.32%,343.74868204701454
电商品牌成交偏好,HADAY海天,1.32%,410.3438652278143
电商品牌成交偏好,head&shoulders海飞丝,1.31%,519.6283054141488
电商品牌成交偏好,BOP波普专研,1.29%,448.8695668084075
电商品牌成交偏好,Tempo得宝,1.28%,781.8869909100383
电商品牌成交偏好,Hi!papa海龟爸爸,1.24%,633.3617730133976
电商品牌成交偏好,易蓓,1.24%,781.9996689786776
电商品牌成交偏好,迈洁斯,1.24%,490.35559076571246
电商品牌成交偏好,科净威,1.23%,541.4817468193565
电商品牌成交偏好,AKF,1.23%,347.6314838240374
电商品牌成交偏好,BE&CHEERY百草味,1.21%,408.7533209154114
电商品牌成交偏好,adidas阿迪达斯,1.2%,393.47872244118
电商品牌成交偏好,Midea美的,1.18%,417.6280578104419
电商品牌成交偏好,M&G晨光,1.18%,501.75964404524524
电商品牌成交偏好,迈巴勒,1.17%,687.3669267330226
电商品牌成交偏好,十月稻田,1.16%,520.6436770012779
电商品牌成交偏好,康师傅,1.16%,658.6016924267178
电商品牌成交偏好,星芝亮,1.16%,351.17614914316096
电商品牌成交偏好,SINSIN,1.15%,512.6011833390214
电商品牌成交偏好,L’OREAL PARIS巴黎欧莱雅,1.15%,360.1546932592131
电商品牌成交偏好,润本,1.13%,300.1921553739039
电商品牌成交偏好,MissWiss,1.1%,605.4846985864757
电商品牌成交偏好,CHUNGUANG春光,1.1%,661.0751234909528
电商品牌成交偏好,FILA斐乐,1.09%,552.276871475749
电商品牌成交偏好,斗半匠,1.09%,345.5099446921006
电商品牌成交偏好,Joyoung soymilk九阳豆浆,1.08%,563.5658791046761
电商品牌成交偏好,麦当劳,1.07%,544.3397424742132
电商品牌成交偏好,Deli得力,1.06%,359.2242681570404
电商品牌成交偏好,C&S洁柔,1.06%,376.95242664758104
电商品牌成交偏好,一只鱼,1.06%,373.9696983883019
电商品牌成交偏好,Swisse斯维诗,1.03%,673.1676437053517
电商品牌成交偏好,AMORTALS尔木萄,1.03%,259.02436208826606
电商品牌成交偏好,UODO优沃朵,1.03%,227.20900189095167
电商品牌成交偏好,王饱饱,1.02%,418.57976050279194
电商品牌成交偏好,luckin coffee瑞幸咖啡,1.02%,223.47854969679065
电商品牌成交偏好,波司登畅销全球72国,1.02%,578.6642622138095
电商品牌成交偏好,霞湖世家,1%,964.0020538144847
电商品牌成交偏好,PRAMY柏瑞美,1%,230.50401215932922
电商品牌成交偏好,Knorr家乐,0.99%,810.7171904096216
电商品牌成交偏好,舞青衣,0.99%,198.10266200408452
电商品牌成交偏好,Airmeter空刻,0.97%,771.6053606608652
电商品牌成交偏好,DARLIE好来,0.96%,406.29235802996646
电商品牌成交偏好,EIIO奕沃,0.95%,246.15050445000725
电商品牌成交偏好,VC,0.94%,703.0965253125364
电商品牌成交偏好,LIANHUA莲花,0.94%,619.8497121106413
电商品牌成交偏好,SKECHERS斯凯奇,0.94%,709.7951521731164
电商品牌成交偏好,balabala巴拉巴拉,0.94%,304.4458723998523
电商品牌成交偏好,Jeanswest真维斯,0.94%,551.5342092020027
电商品牌成交偏好,CAMEL骆驼,0.93%,197.51425759151775
电商品牌成交偏好,airfunk,0.93%,588.7564804981121
电商品牌成交偏好,暴肌独角兽,0.93%,513.4633318568438
电商品牌成交偏好,ZEESEA滋色,0.92%,339.50152167191936
电商品牌成交偏好,WIS,0.91%,435.54761454161996
电商品牌成交偏好,今麦郎,0.91%,220.35225419758748
电商品牌成交偏好,JIDODO吉多多,0.91%,473.1860158761626
电商品牌成交偏好,ZhongSanqing中三清,0.89%,602.9537733366852
电商品牌成交偏好,KAZUKOIN小野和子,0.89%,344.1921486379998
电商品牌成交偏好,Little Ondine小奥汀,0.87%,530.4429588490306
电商品牌成交偏好,东方文澜,0.87%,441.7799398675502
电商品牌成交偏好,慕玛星厨,0.87%,662.4269632486456
电商品牌成交偏好,CHANDO自然堂,0.87%,328.3147178059229
电商品牌成交偏好,叮叮懒人菜,0.87%,780.4240964013728
电商品牌成交偏好,TAILI太力,0.86%,844.5902493744206
电商品牌成交偏好,UNNY悠宜,0.86%,307.1057037943266
电商品牌成交偏好,SMOOKY,0.85%,469.12305758034887
电商品牌成交偏好,TFIT媞妃特,0.85%,456.43846477610464
电商品牌成交偏好,大卫,0.85%,612.9197920802042
电商品牌成交偏好,拇指白小T,0.84%,1001.1801736106701
电商品牌成交偏好,SOFY苏菲,0.84%,825.8890026152944
电商品牌成交偏好,forever key,0.83%,201.89578463643335
电商品牌成交偏好,XIAOSHUMEI小树美,0.83%,419.56360246910805
电商品牌成交偏好,万唯中考,0.83%,993.8095226231413
电商品牌成交偏好,anta kids安踏儿童,0.83%,523.6306993784467
电商品牌成交偏好,壹品印象,0.82%,386.91127163415007
电商品牌成交偏好,Florasis花西子,0.82%,452.3550951010842
电商品牌成交偏好,普安特,0.81%,594.8395198039516
电商品牌成交偏好,Mistine蜜丝婷,0.81%,245.83597878665432
电商品牌成交偏好,卫龙,0.79%,242.8270283419463
电商品牌成交偏好,黑人,0.79%,531.3410047189478
电商品牌成交偏好,徐福记,0.79%,487.77217758702756
电商品牌成交偏好,RIBENDINGDING,0.78%,714.8241308155153
电商品牌成交偏好,Marubi丸美,0.78%,419.4905855017181
电商品牌成交偏好,XUDONG FOOD旭东,0.77%,769.4536897600531
电商品牌成交偏好,COMFORT金纺,0.77%,605.9702732662939
电商品牌成交偏好,erke鸿星尔克,0.77%,394.62921337050943
电商品牌成交偏好,MAOGEPING毛戈平,0.77%,510.880538852807
电商品牌成交偏好,阿凡迪,0.77%,732.9019941995364
电商品牌成交偏好,Bananain蕉内,0.76%,650.342730651774
电商品牌成交偏好,Little Dream Garden半亩花田,0.76%,282.3881215806786
电商品牌成交偏好,TasteMatters加点滋味,0.75%,811.6084131208819
电商品牌成交偏好,KONO,0.75%,631.8562496477218
电商品牌成交偏好,超能,0.75%,406.9064370579211
电商品牌成交偏好,仲景,0.74%,512.1667720905631
电商品牌成交偏好,思念,0.74%,561.1718309016958
电商品牌成交偏好,chief车仆,0.74%,681.6030646235547
电商品牌成交偏好,SHARKFIT鲨鱼菲特,0.74%,219.8052616777297
电商品牌成交偏好,元气达人,0.73%,666.9164333309066
电商品牌成交偏好,OES,0.73%,558.9847843351998
电商品牌成交偏好,蜡象,0.73%,384.8813408423527
电商品牌成交偏好,SPACE7七度空间,0.73%,473.73952355131684
电商品牌成交偏好,宛禾米线,0.73%,289.8688701997604
电商品牌成交偏好,CEMOY澳诗茉,0.73%,645.9851980113649
电商品牌成交偏好,作业帮,0.71%,574.7701170006071
电商品牌成交偏好,皇家小虎,0.71%,360.6599562453333
电商品牌成交偏好,FOCONIE法蔻尼,0.71%,323.3457346940821
电商品牌成交偏好,ecoco意可可,0.71%,689.5995882112986
电商品牌成交偏好,XTEP特步,0.7%,391.6041466725476
电商品牌成交偏好,Bear Coming小熊驾到,0.7%,350.0591933890422
电商品牌成交偏好,Judydoll橘朵,0.69%,193.8972545873565
电商品牌成交偏好,Myfoodie麦富迪,0.68%,438.17952475853116
电商品牌成交偏好,亚朵生活,0.68%,667.6153693634393
电商品牌成交偏好,c咖,0.68%,291.03114765851524
电商品牌成交偏好,乌江,0.67%,657.9915137770097
电商品牌成交偏好,曼妮芬,0.67%,972.2869924105083
电商品牌成交偏好,香百年,0.67%,635.7339096283057
电商品牌成交偏好,春秋故事,0.67%,380.1966066363013
电商品牌成交偏好,七小七,0.67%,457.54923347509083
电商品牌成交偏好,学而思,0.67%,436.91618859238554
电商品牌成交偏好,MUHUO牧火,0.65%,670.5353420653471
电商品牌成交偏好,BABI,0.65%,200.82764347125956
电商品牌成交偏好,妙潔,0.65%,848.2046600614151
电商品牌成交偏好,Baseus倍思,0.64%,329.28585572233123
电商品牌成交偏好,千奈美,0.64%,647.2197334466969
电商品牌成交偏好,itutn爱图腾,0.63%,639.0079443349832
电商品牌成交偏好,LYCOCELLE绽家,0.63%,825.1821033827329
电商品牌成交偏好,FILAKIDS,0.63%,577.4497987171346
电商品牌成交偏好,Xueersi online学而思网校,0.63%,666.9057305336399
电商品牌成交偏好,SPES诗裴丝,0.63%,402.24326387667907
电商品牌成交偏好,OULAIJIA欧莱加,0.63%,484.1962214643371
电商品牌成交偏好,Perfect Diary完美日记,0.63%,647.9415149957548
电商品牌成交偏好,MISSYOU好想你,0.63%,526.9086672413041
电商品牌成交偏好,NONGFU SPRING农夫山泉,0.62%,579.7694494315373
电商品牌成交偏好,作业帮直播课,0.62%,612.6432151221982
电商品牌成交偏好,musecr五月私语,0.62%,443.52402827234005
电商品牌成交偏好,PAYERBACH佩耶巴,0.62%,300.0693976032813
电商品牌成交偏好,FLYCO飞科,0.61%,290.42232261224655
电商品牌成交偏好,泓一,0.61%,461.5019805840461
电商品牌成交偏好,FLWB韩愢,0.61%,868.2846045427441
电商品牌成交偏好,LEE KUM KEE李锦记,0.6%,707.4904171987984
电商品牌成交偏好,町故事,0.6%,475.2955405505606
电商品牌成交偏好,王小卤,0.6%,495.7722514772914
电商品牌成交偏好,OSM欧诗漫,0.6%,213.9514980620797
电商品牌成交偏好,Safeguard舒肤佳,0.6%,275.527429179842
电商品牌成交偏好,宏途,0.59%,387.5511509394984
电商品牌成交偏好,Zuohongyoubei左烘右焙,0.59%,449.4306712647653
电商品牌成交偏好,五谷磨房,0.59%,567.0382188432666
电商品牌成交偏好,派迪诺,0.59%,564.0309866561811
电商品牌成交偏好,杨博士,0.59%,1323.8256491246912
电商品牌成交偏好,WONDERLAB万益蓝,0.59%,639.842701453757
电商品牌成交偏好,豫道食品,0.58%,341.2804195757335
电商品牌成交偏好,Ubras,0.58%,481.8496625642103
电商品牌成交偏好,Kotex高洁丝,0.57%,375.8325636990888
电商品牌成交偏好,WANT-WANT旺旺,0.57%,278.22955298971686
电商品牌成交偏好,V雅鹿,0.56%,387.16081406063097
电商品牌成交偏好,Freemore自由点,0.56%,173.05163023402017
电商品牌成交偏好,5·3科学备考,0.56%,452.6457622030507
电商品牌成交偏好,脱骨侠,0.56%,226.33048243378408
电商品牌成交偏好,LUX力士,0.56%,279.8860824062167
电商品牌成交偏好,Schwarzkopf施华蔻,0.56%,884.2815005899464
电商品牌成交偏好,诺梵,0.56%,399.52964083907784
电商品牌成交偏好,Totole太太乐,0.55%,430.2685671412469
电商品牌成交偏好,向日花,0.55%,208.90297974327115
电商品牌成交偏好,VIA薇尔,0.55%,504.72116514154976
电商品牌成交偏好,matern‘ella子初,0.54%,269.21246374971963
电商品牌成交偏好,BOOMJOY宝家洁,0.54%,706.2835888478149
电商品牌成交偏好,PANTENE潘婷,0.53%,310.1581719904796
电商品牌成交偏好,红谷林,0.53%,720.5934109641233
电商品牌成交偏好,陈薯,0.53%,245.0002472112293
电商品牌成交偏好,Luckmeey幸棉,0.53%,299.4034986224001
电商品牌成交偏好,四只猫,0.53%,583.9269397409993
电商品牌成交偏好,脆升升,0.53%,293.24283956489995
电商品牌成交偏好,朴西,0.52%,664.9574805734867
电商品牌成交偏好,柳丝木,0.52%,156.92744472479902
电商品牌成交偏好,ESE·Y逸阳,0.51%,799.6777751636498
电商品牌成交偏好,Mr.Bu布先生,0.51%,926.597384995706
电商品牌成交偏好,HINSOCHA韩水仙,0.51%,502.6850038829214
电商品牌成交偏好,povos奔腾,0.51%,417.1505334290398
电商品牌成交偏好,木子言,0.5%,100.89174971082943
电商品牌成交偏好,TORRAS图拉斯,0.5%,427.3622813066088
电商品牌成交偏好,beijirog北极绒,0.5%,523.8313924197079
电商品牌成交偏好,QIAODAN乔丹,0.5%,430.5256301516678
电商品牌成交偏好,聪厨,0.5%,664.9452830789655
电商品牌成交偏好,固特威,0.5%,565.8321396821078
电商品牌成交偏好,李陌茶,0.5%,667.1703508782343
电商品牌成交偏好,VS沙宣,0.49%,492.343214843564
电商品牌成交偏好,MEIZHAI美宅,0.49%,592.8585884117819
电商品牌成交偏好,南国,0.49%,598.5325627692948
电商品牌成交偏好,Dragon Tooth龙牙,0.49%,981.1852669874459
电商品牌成交偏好,袋鼠先生,0.48%,319.9672775490307
电商品牌成交偏好,EverShine永亮,0.48%,584.7402802921413
电商品牌成交偏好,KOCOTREE,0.48%,310.7974507176364
电商品牌成交偏好,Uniqlo优衣库,0.47%,557.3311964232023
电商品牌成交偏好,桃李,0.47%,459.60372974285616
电商品牌成交偏好,Walch威露士,0.47%,374.7175529894004
电商品牌成交偏好,Colgate高露洁,0.47%,436.8607695630306
电商品牌成交偏好,SKY FIRE天火,0.47%,525.6368576020182
电商品牌成交偏好,松鲜鲜,0.46%,629.8241801297896
电商品牌成交偏好,Veet薇婷,0.46%,278.01644372265207
电商品牌成交偏好,CHJ潮宏基,0.46%,559.0126054511998
电商品牌成交偏好,兔头妈妈,0.46%,286.4535703355255
电商品牌成交偏好,Joyoung九阳,0.46%,493.1504156115601
电商品牌成交偏好,Bear小熊,0.46%,555.6993853991504
电商品牌成交偏好,SHUEHO树可,0.46%,635.9729248305091
电商品牌成交偏好,coffeebox连咖啡,0.45%,839.9842349668763
电商品牌成交偏好,花田熊,0.45%,341.4108681036033
电商品牌成交偏好,full of hope希望树,0.45%,547.5564066534569
电商品牌成交偏好,RELLET颐莲,0.45%,189.29796426492413
电商品牌成交偏好,真喜利,0.45%,495.04264085715704
电商品牌成交偏好,CONBA康恩贝,0.44%,615.1135723343486
电商品牌成交偏好,QISHUIHUA七水花,0.44%,731.7119485402847
电商品牌成交偏好,Moxun茉寻,0.44%,167.23919050432977
电商品牌成交偏好,FV,0.44%,347.48371724616294
电商品牌成交偏好,谷本日记,0.44%,295.6246312255921
电商品牌成交偏好,KAM YUEN甘源,0.43%,462.05741623432175
电商品牌成交偏好,宫芙,0.43%,445.82596010652037
电商品牌成交偏好,荔树,0.43%,198.71581991126382
电商品牌成交偏好,美洋,0.43%,947.0831263591758
电商品牌成交偏好,DiCHU涤初,0.43%,511.8652525704334
电商品牌成交偏好,淘淘氧棉,0.43%,264.3131382092328
电商品牌成交偏好,橙子快跑,0.43%,219.24941617015662
电商品牌成交偏好,SUNNER圣农,0.43%,520.5556439191292
电商品牌成交偏好,INMAN茵曼,0.42%,508.6836996005654
电商品牌成交偏好,浅香,0.42%,311.57565247791035
电商品牌成交偏好,GIRDEAR哥弟,0.42%,874.2327447207952
电商品牌成交偏好,可复美,0.42%,204.26885685964763
电商品牌成交偏好,燕之坊,0.42%,529.4428362552196
电商品牌成交偏好,多情猫,0.42%,309.94917341437366
电商品牌成交偏好,blispring冰泉,0.41%,362.3924730923423
电商品牌成交偏好,WINONA薇诺娜,0.41%,305.7362759145509
电商品牌成交偏好,Purcotton全棉时代,0.41%,337.3462475985445
电商品牌成交偏好,ChaCheer洽洽,0.4%,428.2388072616068
电商品牌成交偏好,Under Armour安德玛,0.4%,692.1581516469973
电商品牌成交偏好,三全,0.4%,524.2548294220164
电商品牌成交偏好,南孚,0.4%,617.4722384814753
电商品牌成交偏好,Mask Family膜法世家,0.4%,408.10255872160417
电商品牌成交偏好,PROYA珀莱雅,0.4%,136.90478104121235
电商品牌成交偏好,COLORKEY珂拉琪,0.4%,197.01894680726383
电商品牌成交偏好,YOULINGYOUSHI有零有食,0.39%,540.3992561727871
电商品牌成交偏好,whisper护舒宝,0.39%,532.6506383387451
电商品牌成交偏好,JOVISSE,0.39%,544.8429226722703
电商品牌成交偏好,造物者,0.38%,371.3353461732714
电商品牌成交偏好,gik,0.38%,393.6999480189035
电商品牌成交偏好,MontVoo迈特优,0.38%,1091.6991064310323
电商品牌成交偏好,green farm绿色农场,0.38%,590.2359486537209
电商品牌成交偏好,博商,0.38%,958.301236524883
电商品牌成交偏好,HLA海澜之家,0.38%,193.1236716369529
电商品牌成交偏好,fiboo她练,0.38%,262.3468922463751
电商品牌成交偏好,懒角落,0.38%,785.8108366257509
电商品牌成交偏好,SNOW FLYING雪中飞,0.38%,403.46435826673724
电商品牌成交偏好,星满厨,0.38%,698.9313398334679
电商品牌成交偏好,赊刀人,0.38%,446.2428848051581
电商品牌成交偏好,唯一俏,0.37%,573.0520697496152
电商品牌成交偏好,Dove德芙,0.37%,435.6122263816425
电商品牌成交偏好,361°,0.37%,363.3702149682693
电商品牌成交偏好,YALGET雅丽洁,0.36%,283.8021142931415
电商品牌成交偏好,白惜,0.36%,233.25258498526767
电商品牌成交偏好,pink bear皮可熊,0.36%,156.71265329113515
电商品牌成交偏好,Dear Irean独特艾琳,0.36%,349.37961947006147
电商品牌成交偏好,OLLY,0.36%,522.755460209581
电商品牌成交偏好,MAKE SENSE理然,0.36%,270.5770539845973
电商品牌成交偏好,透蜜,0.36%,540.4549557870004
电商品牌成交偏好,爪爪博士,0.36%,820.0798266955793
电商品牌成交偏好,鹿竹,0.36%,449.3491165515775
电商品牌成交偏好,MR.YANG杨先生,0.36%,348.7567805372253
电商品牌成交偏好,衬衫老罗,0.36%,959.5036876702018
电商品牌成交偏好,Youngdoctor青颜博士,0.36%,450.82297546194263
电商品牌成交偏好,LEASUN FOOD林家鋪子,0.35%,626.5614575102154
电商品牌成交偏好,Basic House百家好,0.35%,615.416135286026
电商品牌成交偏好,五个女博士,0.35%,446.5434400733943
电商品牌成交偏好,金豆芽,0.35%,217.01346103661967
电商品牌成交偏好,海底捞调味料,0.35%,533.0008821663014
电商品牌成交偏好,百年扁氏,0.35%,436.8890805924142
电商品牌成交偏好,AvecMoi,0.35%,744.5123065479446
电商品牌成交偏好,阿宽,0.35%,176.3999136171165
电商品牌成交偏好,Oinny,0.35%,787.3714291188703
电商品牌成交偏好,Victoria'sSecret维多利亚的秘密,0.35%,385.83662581703504
电商品牌成交偏好,隆力奇,0.35%,723.7185720531327
电商品牌成交偏好,Pelliot伯希和,0.35%,528.4012574288422
电商品牌成交偏好,Caran·Y卡拉羊,0.34%,810.4535140607283
电商品牌成交偏好,贝莱健,0.34%,653.7607600546537
电商品牌成交偏好,OUT-OF-OFFICE哦野,0.34%,136.97098748709894
电商品牌成交偏好,usmile,0.34%,295.5688715207051
电商品牌成交偏好,BeLLE百丽,0.34%,717.9453114738583
电商品牌成交偏好,喜之郎,0.34%,336.48444064937405
电商品牌成交偏好,3colour三彩,0.34%,458.9937831012754
电商品牌成交偏好,QINGSHENVHUANG轻奢女皇,0.34%,726.5193655595184
电商品牌成交偏好,L ADORE COLORS烙色,0.34%,224.15078793037054
电商品牌成交偏好,HBN,0.34%,231.16186500226343
电商品牌成交偏好,BABREA芭贝拉,0.33%,115.44687713260512
电商品牌成交偏好,ROMON罗蒙,0.33%,503.9335065314368
电商品牌成交偏好,IEF爱依服,0.33%,180.74820036046424
电商品牌成交偏好,SNEFE雪玲妃,0.33%,456.1603833171115
电商品牌成交偏好,CLEAR清扬,0.33%,332.6168330081156
电商品牌成交偏好,Decathlon迪卡侬,0.33%,336.4900486924515
电商品牌成交偏好,BiosericaERA禾素时代,0.33%,781.770481846431
电商品牌成交偏好,FunnyElves方里,0.33%,114.85662573220507
电商品牌成交偏好,BEE&FLOWER蜂花,0.33%,274.9142997087655
电商品牌成交偏好,SMARTDEVIL闪魔,0.33%,110.28482368396774
电商品牌成交偏好,OLAY玉兰油,0.33%,361.38707336618654
电商品牌成交偏好,Sudee素玳,0.33%,551.3965824856444
电商品牌成交偏好,champion,0.33%,687.8509535083999
电商品牌成交偏好,蜜禾,0.33%,668.6232829659839
电商品牌成交偏好,阪织屋,0.33%,574.59345946804
电商品牌成交偏好,饭匹兄弟,0.33%,751.9373384031184
电商品牌成交偏好,DEPOUND,0.33%,910.3324608833632
电商品牌成交偏好,江中食疗,0.33%,462.94725652720814
电商品牌成交偏好,RED CHAMBER,0.32%,408.5865395409003
电商品牌成交偏好,五月季,0.32%,570.561490297459
电商品牌成交偏好,SEAKLAM海肌兰,0.32%,493.9424428456743
电商品牌成交偏好,伊诗兰顿,0.32%,406.08667202720017
电商品牌成交偏好,RNW如薇,0.32%,86.31726627016904
电商品牌成交偏好,屋头,0.32%,365.8794914990811
电商品牌成交偏好,医束美,0.31%,644.6937227624103
电商品牌成交偏好,Red earth红地球,0.31%,194.66309098048114
电商品牌成交偏好,肉敢当,0.31%,747.7246017471903
电商品牌成交偏好,Oreo奥利奥,0.31%,314.7623907312224
电商品牌成交偏好,六品堂,0.31%,453.0794386946531
电商品牌成交偏好,Saky舒客+,0.31%,269.1735557653626
电商品牌成交偏好,蜀中桃子姐,0.31%,330.79523525803023
电商品牌成交偏好,Goldfarm高梵,0.31%,762.9903851445423
电商品牌成交偏好,TSINGTAO青岛啤酒,0.3%,614.2357706935982
电商品牌成交偏好,PIARA,0.3%,169.75470924146921
电商品牌成交偏好,Nourse卫仕,0.3%,814.8122163621583
电商品牌成交偏好,徕芬,0.3%,513.7498776601906
电商品牌成交偏好,植物妈妈,0.3%,437.0434685135341
电商品牌成交偏好,BLOOMAGE BIOTECH华熙生物,0.3%,314.6382272260694
电商品牌成交偏好,GAP盖璞,0.3%,429.0407009443004
电商品牌成交偏好,Roye,0.3%,726.0042265359954
电商品牌成交偏好,yololand有乐岛,0.3%,664.9324634357748
电商品牌成交偏好,迷奇,0.3%,515.8097022629128
电商品牌成交偏好,A.H.C爱和纯,0.3%,404.95163470586897
电商品牌成交偏好,TINECO添可,0.3%,488.5555433701844
电商品牌成交偏好,盼盼,0.3%,132.02997041884223
电商品牌成交偏好,CARSLAN卡姿兰,0.3%,224.62741254958095
电商品牌成交偏好,双汇,0.3%,472.00314334241637
电商品牌成交偏好,怡宝,0.3%,506.35499720915726
电商品牌成交偏好,Maybelline美宝莲,0.29%,400.320755943837
电商品牌成交偏好,Lancome兰蔻,0.29%,557.560466447149
电商品牌成交偏好,张小泉,0.29%,595.1133350248256
电商品牌成交偏好,曼娜莎,0.29%,192.40303443988432
电商品牌成交偏好,Move Free益节,0.29%,910.9438044525632
电商品牌成交偏好,臭宝,0.29%,140.93755819203164
电商品牌成交偏好,谷雨,0.29%,124.95568728548791
电商品牌成交偏好,geoskincare纽西之谜,0.29%,468.0495821982062
电商品牌成交偏好,白云山敬修堂,0.29%,431.725815632487
电商品牌成交偏好,江中,0.29%,501.6387643920069
电商品牌成交偏好,阿道夫,0.29%,423.3437229016485
电商品牌成交偏好,Lay’s乐事,0.29%,444.91771123471
电商品牌成交偏好,FILA FUSION,0.29%,598.4665711336015
电商品牌成交偏好,COFOE可孚,0.29%,298.7542511364271
电商品牌成交偏好,Curbblan卡伴,0.29%,319.9793018085792
电商品牌成交偏好,洛伊士,0.29%,993.3612637785751
电商品牌成交偏好,kakaye卡卡业,0.28%,461.4100928903473
电商品牌成交偏好,ZDEER左点,0.28%,620.3225866262437
电商品牌成交偏好,WHITE FOREST白森林,0.28%,444.71615906130035
电商品牌成交偏好,满小饱,0.28%,181.6268282740189
电商品牌成交偏好,劲仔,0.28%,306.2014618587979
电商品牌成交偏好,祥禾饽饽铺,0.28%,851.8124200481775
电商品牌成交偏好,Vaseline凡士林,0.28%,403.3585932327666
电商品牌成交偏好,DEXTER戴·可·思,0.28%,127.12204056386179
电商品牌成交偏好,liulian·xishi榴莲西施,0.27%,586.3945678692934
电商品牌成交偏好,watercome水之蔻,0.27%,151.80292913510064
电商品牌成交偏好,xiabutou鲜捕头,0.27%,622.3842390662979
电商品牌成交偏好,The history of Whoo后,0.27%,432.3885991268121
电商品牌成交偏好,INTOYOU,0.27%,134.83408096554624
电商品牌成交偏好,汇源,0.27%,497.4455325274445
电商品牌成交偏好,帅楠,0.27%,678.7156776390807
电商品牌成交偏好,DEESHA笛莎,0.27%,434.4342320676616
电商品牌成交偏好,汾酒,0.27%,644.3070681744638
电商品牌成交偏好,WOSADO悦瞳,0.27%,310.7903626099809
电商品牌成交偏好,QUAKER桂格,0.27%,530.8595709822472
电商品牌成交偏好,学而思因材,0.27%,618.4090404080373
电商品牌成交偏好,Mo&co.摩安珂,0.27%,921.6218236326004
电商品牌成交偏好,特步,0.27%,384.9572873964089
电商品牌成交偏好,OCAK欧扎克,0.27%,457.820118916644
电商品牌成交偏好,Za姬芮,0.27%,424.0719171099214
电商品牌成交偏好,蝶岛海歌,0.27%,825.6518244715236
电商品牌成交偏好,Wahson华生,0.27%,399.05213616045387
电商品牌成交偏好,SHANNAI閃耐,0.26%,831.1121270235709
电商品牌成交偏好,COCO ZONE,0.26%,1228.039947424718
电商品牌成交偏好,YeeHoO英氏,0.26%,199.0896256284679
电商品牌成交偏好,有棵树,0.26%,194.5743259172588
电商品牌成交偏好,CHIOTURE稚优泉,0.26%,127.79965663693945
电商品牌成交偏好,ZOU SAN HE邹三和,0.26%,194.16487197655928
电商品牌成交偏好,漠里优选,0.26%,898.1150614605035
电商品牌成交偏好,棉妮佳,0.26%,503.5844764011349
电商品牌成交偏好,BULL公牛,0.26%,509.9466406262283
电商品牌成交偏好,NPC,0.26%,853.7451273473636
电商品牌成交偏好,中乔,0.26%,473.3426587223508
电商品牌成交偏好,兰,0.26%,315.8505647079495
电商品牌成交偏好,五芳斋,0.25%,678.0303583299385
电商品牌成交偏好,Estee Lauder雅诗兰黛,0.25%,539.3503794995746
电商品牌成交偏好,Heinz亨氏,0.25%,570.0537949944279
电商品牌成交偏好,玛莎诺娅,0.25%,486.1162927135971
电商品牌成交偏好,ONEFIRE万火,0.25%,448.0303007146939
电商品牌成交偏好,Mr.wish心愿先生,0.25%,286.9889419439154
电商品牌成交偏好,桃又野,0.25%,292.60570456928224
电商品牌成交偏好,Chow Tai Seng周大生,0.25%,380.5940880215448
电商品牌成交偏好,天星教育,0.25%,480.9460427452019
电商品牌成交偏好,贝可施,0.25%,505.33104877801645
电商品牌成交偏好,lantern兰亭,0.25%,541.4361092445422
电商品牌成交偏好,辰辰妈,0.25%,342.2083935869853
电商品牌成交偏好,FREGATE弗列加特,0.25%,343.7343866811307
电商品牌成交偏好,PMPM,0.25%,268.266278639417
电商品牌成交偏好,珍视明,0.24%,506.22461309719336
电商品牌成交偏好,浙梅,0.24%,580.9262921850828
电商品牌成交偏好,AJIDOU阿吉豆,0.24%,418.11926967560487
电商品牌成交偏好,YI KA逸卡,0.24%,318.08852006459165
电商品牌成交偏好,GENIO LAMODE,0.24%,185.38203560013596
电商品牌成交偏好,TATA他她,0.24%,693.602478392055
电商品牌成交偏好,小猿,0.24%,605.5415813430169
电商品牌成交偏好,雪兰,0.24%,554.3527880203615
电商品牌成交偏好,小田姑娘,0.24%,625.9638231194415
电商品牌成交偏好,babycare,0.24%,110.5792094946934
电商品牌成交偏好,YSL圣罗兰,0.24%,459.3780957120187
电商品牌成交偏好,MARIE DALGAR玛丽黛佳,0.23%,251.49468706059892
电商品牌成交偏好,沃特浦,0.23%,425.20461150442077
电商品牌成交偏好,I'MINT,0.23%,317.2111113605566
电商品牌成交偏好,芊小白,0.23%,153.5644158480538
电商品牌成交偏好,UGREEN绿联,0.23%,237.0399239366446
电商品牌成交偏好,紫燕食品,0.23%,898.2617041623117
电商品牌成交偏好,SKYNFUTURE肌肤未来,0.23%,221.00742869179408
电商品牌成交偏好,Prof.Ling凌博士,0.22%,365.8429496687124
电商品牌成交偏好,The North Face北面,0.22%,759.8848809918497
电商品牌成交偏好,JIADIAONI佳钓尼,0.22%,429.2739537294022
电商品牌成交偏好,ZAOSHIGUANG早食光,0.22%,445.0099323180145
电商品牌成交偏好,泡小燕,0.22%,677.3853519142456
电商品牌成交偏好,海福盛,0.22%,564.1739925673779
电商品牌成交偏好,Semir森马,0.22%,207.5751682038154
电商品牌成交偏好,Voolga敷尔佳,0.22%,228.64213661478132
电商品牌成交偏好,JUELREOU朱莉欧,0.22%,417.21989443602195
电商品牌成交偏好,OLAYKS,0.21%,709.4542637267564
电商品牌成交偏好,DXC稻香村,0.21%,493.7263581142473
电商品牌成交偏好,德叔鲍鱼,0.21%,1218.5163972738271
电商品牌成交偏好,eral艾莱依,0.21%,503.5185632654784
电商品牌成交偏好,厚生,0.21%,554.1691735142746
电商品牌成交偏好,悦鲜活,0.21%,691.3927634173181
电商品牌成交偏好,L'occitane欧舒丹,0.21%,824.286444023765
电商品牌成交偏好,Ladycare洁婷,0.21%,442.670775837931
电商品牌成交偏好,ANESSA安热沙,0.21%,382.0548782144484
电商品牌成交偏好,MERCURY水星家纺,0.21%,604.5922623919531
电商品牌成交偏好,舒蕾,0.21%,314.9741716176545
电商品牌成交偏好,莲讯客家购,0.21%,601.1279189107905
电商品牌成交偏好,Suncha双枪,0.21%,558.5341690753244
电商品牌成交偏好,Girlcult,0.21%,213.13474445709696
电商品牌成交偏好,your pure羽素,0.2%,135.5390930736901
电商品牌成交偏好,Vero Moda,0.2%,572.6452910180845
电商品牌成交偏好,duoduomian朵朵棉,0.2%,194.37864704109788
电商品牌成交偏好,丹欣妮,0.2%,210.28872472128427
电商品牌成交偏好,东方树叶,0.2%,512.1105075916881
电商品牌成交偏好,阿尔法蛋,0.2%,411.22005789256644
电商品牌成交偏好,Durex杜蕾斯,0.2%,256.79682312239476
电商品牌成交偏好,杏林草堂,0.2%,622.4434378734643
电商品牌成交偏好,SKSHU三棵树,0.2%,527.1214162324836
电商品牌成交偏好,弥玥泉,0.2%,328.98914711646324
电商品牌成交偏好,Joocyee酵色,0.2%,167.48209100085987
电商品牌成交偏好,ZIKE Up For L'Or姿珂莱,0.2%,421.38242235522495
电商品牌成交偏好,GLORIA歌莉娅,0.2%,1055.785545038871
电商品牌成交偏好,都市芊郦,0.2%,198.21354518730325
电商品牌成交偏好,TOUZHIMI透之谜,0.2%,334.4940644250604
电商品牌成交偏好,膜法匠,0.2%,439.95300585050325
电商品牌成交偏好,Wahaha娃哈哈,0.2%,484.7820946813248
电商品牌成交偏好,秦妈,0.2%,452.736574615
电商品牌成交偏好,PEACEBIRD太平鸟,0.19%,284.2021491863417
电商品牌成交偏好,莫小仙,0.19%,534.3845774252098
电商品牌成交偏好,Miss Candy糖果小姐,0.19%,868.3005792144272
电商品牌成交偏好,QQ星,0.19%,319.488196754865
电商品牌成交偏好,林小生,0.19%,732.3380500786407
电商品牌成交偏好,ZHUBEN逐本,0.19%,215.6525048593223
电商品牌成交偏好,Selfieshow靓点拍,0.19%,541.3546517389362
电商品牌成交偏好,POP MART泡泡玛特,0.19%,323.56885941361105
电商品牌成交偏好,HomeFacialPro,0.19%,285.7502251164792
电商品牌成交偏好,Septwolves七匹狼,0.19%,790.35214573842
电商品牌成交偏好,回味一梦,0.19%,306.32298664973
电商品牌成交偏好,AIMER爱慕,0.19%,961.3243474523787
电商品牌成交偏好,八马,0.19%,537.0607269712168
电商品牌成交偏好,3CE三熹玉,0.19%,209.09412032882005
电商品牌成交偏好,莫奈,0.19%,411.7255773300518
电商品牌成交偏好,FPF,0.19%,353.6485761561034
电商品牌成交偏好,民和,0.19%,431.6248923152971
电商品牌成交偏好,dreame追觅,0.19%,480.5652458305534
电商品牌成交偏好,中康,0.19%,582.9041240129286
电商品牌成交偏好,艾干净,0.19%,598.0205215315489
电商品牌成交偏好,S.deer圣迪奥,0.19%,657.345570186967
电商品牌成交偏好,GNC健安喜,0.19%,894.3163631302449
电商品牌成交偏好,BIO LAB听研,0.18%,490.25968300200697
电商品牌成交偏好,壹核堂,0.18%,492.18874948872474
电商品牌成交偏好,LEGENDSANDY,0.18%,224.3542128809187
电商品牌成交偏好,ELLE,0.18%,436.14210020045954
电商品牌成交偏好,燕壹壹,0.18%,447.4969325333398
电商品牌成交偏好,梅见,0.18%,548.6338296003255
电商品牌成交偏好,MsShe慕姗诗怡,0.18%,1291.9222661152428
电商品牌成交偏好,UR,0.18%,164.77675941915436
电商品牌成交偏好,Rainbow彩虹,0.18%,548.0393930974392
电商品牌成交偏好,周六福,0.17%,241.87256472703748
电商品牌成交偏好,Shinho欣和,0.17%,385.79264766132314
电商品牌成交偏好,牛胖胖,0.17%,712.5937849914147
电商品牌成交偏好,Huawei华为,0.17%,334.7568737320939
电商品牌成交偏好,ROMOSS罗马仕,0.17%,210.612691584044
电商品牌成交偏好,有道,0.17%,804.5170025112213
电商品牌成交偏好,TIANSHU天淑,0.17%,236.32469243773767
电商品牌成交偏好,Erno Laszlo奥伦纳素,0.17%,814.3015987724139
电商品牌成交偏好,铜师傅,0.17%,1042.2746495609695
电商品牌成交偏好,PASSIONALLOVER恋火,0.17%,107.11726190680118
电商品牌成交偏好,YASEN雅森,0.17%,592.8690521752284
电商品牌成交偏好,Miao Li妙立,0.17%,543.8945677961312
电商品牌成交偏好,足力健,0.17%,809.913179918671
电商品牌成交偏好,软风研究社,0.16%,394.10822645808963
电商品牌成交偏好,妈妈很忙,0.16%,1177.9392923891126
电商品牌成交偏好,天狼,0.16%,875.5226237735084
电商品牌成交偏好,可爱多,0.16%,746.8270309283523
电商品牌成交偏好,贝肽斯,0.16%,105.8710046134902
电商品牌成交偏好,COGI高姿,0.16%,280.30358988304386
电商品牌成交偏好,louiscardy路易卡迪,0.16%,392.0557896461715
电商品牌成交偏好,starbucks星巴克,0.16%,861.7966792517525
电商品牌成交偏好,兰格格,0.16%,662.7893861422522
电商品牌成交偏好,Arsis,0.16%,954.6036176916193
电商品牌成交偏好,ANKER安克,0.16%,646.1781533221175
电商品牌成交偏好,OLAY PCCOLAY身体护理,0.16%,174.54072391816123
电商品牌成交偏好,HOPE SHOW红袖,0.16%,580.2860304657645
电商品牌成交偏好,seven7柒牌,0.16%,629.8044558300608
电商品牌成交偏好,FFX,0.16%,496.08919324584963
电商品牌成交偏好,QIANLIXIU纤莉秀,0.16%,1391.3154853086257
电商品牌成交偏好,TOMMARK唐魅可,0.16%,297.3703833799326
电商品牌成交偏好,babysheep,0.16%,307.679608455297
电商品牌成交偏好,life space,0.16%,722.162237870179
电商品牌成交偏好,ROBINHOOD罗宾汉,0.16%,520.478026045097
电商品牌成交偏好,HUANQIU环球,0.16%,190.66947416197473
电商品牌成交偏好,Vans,0.16%,497.05776032359586
电商品牌成交偏好,kissport,0.15%,457.7616041749182
电商品牌成交偏好,NEW BALANCE,0.15%,469.6975907141183
电商品牌成交偏好,阿么,0.15%,720.4163266002327
电商品牌成交偏好,Laroche-Posay理肤泉,0.15%,177.81796072003897
电商品牌成交偏好,PHILIPS飞利浦,0.15%,708.2597202864083
电商品牌成交偏好,DABAO大宝,0.15%,286.8225256467445
电商品牌成交偏好,榴芒一刻,0.15%,491.7291663555632
电商品牌成交偏好,沃尊,0.15%,454.9072960006833
电商品牌成交偏好,DJI大疆,0.15%,434.0488604134678
电商品牌成交偏好,本草纲目,0.15%,359.11755282113467
电商品牌成交偏好,Relea物生物,0.15%,430.8042510743808
电商品牌成交偏好,墨雪,0.15%,534.3860011644775
电商品牌成交偏好,Dancing Up舞动奇迹,0.15%,883.8887702095425
电商品牌成交偏好,KÖBACH康巴赫,0.15%,541.0186106475924
电商品牌成交偏好,HODO红豆,0.15%,614.4274493045627
电商品牌成交偏好,百菲酪,0.15%,421.4972816545167
电商品牌成交偏好,Haier海尔,0.15%,401.41986823489145
电商品牌成交偏好,秋水伊人,0.15%,572.9305553021053
电商品牌成交偏好,kateistory家之物语,0.15%,799.4537952180776
电商品牌成交偏好,LANCY朗姿,0.15%,1257.78228299885
电商品牌成交偏好,MAYIHEZI蚂蚁盒子,0.15%,1020.2931957645114
电商品牌成交偏好,Warrior回力,0.15%,377.9827334943409
电商品牌成交偏好,权就,0.15%,703.4329915315174
电商品牌成交偏好,Lisen,0.14%,900.0737311251472
电商品牌成交偏好,無印良品,0.14%,923.1255527009994
电商品牌成交偏好,KATO,0.14%,66.54734629104625
电商品牌成交偏好,MAC魅可,0.14%,214.7791216292517
电商品牌成交偏好,KIMTRUE且初,0.14%,86.36099088727858
电商品牌成交偏好,Deer Blue小鹿蓝蓝,0.14%,74.85780349072544
电商品牌成交偏好,SATINE金典,0.14%,399.60884573573463
电商品牌成交偏好,网易天成,0.14%,274.0036974890214
电商品牌成交偏好,airmate艾美特,0.14%,1059.20398762246
电商品牌成交偏好,DERMABELL德玛贝尔,0.14%,234.25174195165744
电商品牌成交偏好,口袋旅行,0.14%,868.7123734725509
电商品牌成交偏好,JNBY江南布衣,0.14%,707.3018033798085
电商品牌成交偏好,oralshark口腔鲨鱼,0.14%,525.9108142734266
电商品牌成交偏好,SUNTORY三得利,0.14%,707.1372405372354
电商品牌成交偏好,头厨,0.14%,496.5894808526012
电商品牌成交偏好,Keep,0.14%,484.59140162558293
电商品牌成交偏好,Rainbow star彩虹星球合作社,0.14%,1018.2536224235331
电商品牌成交偏好,EDIFIER漫步者,0.14%,231.5934730485496
电商品牌成交偏好,BYHEALTH汤臣倍健,0.14%,585.8827498410328
电商品牌成交偏好,Xiaomi小米,0.14%,119.5585583301249
电商品牌成交偏好,轻龄大师,0.14%,350.14214037443764
电商品牌成交偏好,Puma彪马,0.14%,259.826511949439
电商品牌成交偏好,Kilala可啦啦,0.13%,100.18955092095287
电商品牌成交偏好,野营者,0.13%,282.1045712822449
电商品牌成交偏好,Ecovacs科沃斯,0.13%,637.8562311876102
电商品牌成交偏好,Easy your home易优家,0.13%,557.2016657569014
电商品牌成交偏好,herlab她研社,0.13%,168.86135040578264
电商品牌成交偏好,德克西,0.13%,657.4038765010255
电商品牌成交偏好,nuotai诺泰,0.13%,385.20124696490745
电商品牌成交偏好,éifini伊芙丽,0.13%,540.6623310304584
电商品牌成交偏好,AIKUUBEAR爱酷熊,0.13%,143.09555647396712
电商品牌成交偏好,达肤妍,0.13%,107.8044050181413
电商品牌成交偏好,Converse匡威,0.13%,363.49384133964276
电商品牌成交偏好,神宫,0.13%,418.4827234349591
电商品牌成交偏好,利磨坊,0.13%,410.45735988585824
电商品牌成交偏好,简爱,0.13%,524.2115248221558
电商品牌成交偏好,MENGNIU蒙牛,0.13%,559.529522548751
电商品牌成交偏好,轻氧,0.13%,353.6377594341462
电商品牌成交偏好,Teenie Weenie,0.13%,525.5609065600272
电商品牌成交偏好,ONLY,0.13%,454.23011209639196
电商品牌成交偏好,喜家家,0.13%,427.69450767113904
电商品牌成交偏好,LUSN如山,0.13%,159.09275804979842
电商品牌成交偏好,全品,0.13%,880.2653330213111
电商品牌成交偏好,萤石,0.13%,626.8071243849839
电商品牌成交偏好,Cistto肤见,0.13%,456.22978072478315
电商品牌成交偏好,QUADHA夸迪,0.13%,439.5914829751617
电商品牌成交偏好,Redmi红米,0.13%,216.62402451181646
电商品牌成交偏好,SOCORSKIN修可芙,0.12%,85.27451320881939
电商品牌成交偏好,好人家,0.12%,337.27110709958043
电商品牌成交偏好,川香秋月,0.12%,728.5727328272558
电商品牌成交偏好,LOUIS YAO白鹿语,0.12%,624.0220611803037
电商品牌成交偏好,态诗雅,0.12%,656.7512138493992
电商品牌成交偏好,普云,0.12%,1042.1673624870953
电商品牌成交偏好,Le Pur’乐纯,0.12%,436.09045091331166
电商品牌成交偏好,LIUM溜溜梅,0.12%,260.4284116079051
电商品牌成交偏好,Larbee蜡笔小新,0.12%,195.65577251514657
电商品牌成交偏好,猫大力,0.12%,643.7737582018893
电商品牌成交偏好,LOTOR小浣熊,0.12%,545.964102688501
电商品牌成交偏好,OSA欧莎,0.12%,1071.9624510308486
电商品牌成交偏好,鑫鑫同学,0.12%,96.59564568883164
电商品牌成交偏好,阴山优麦,0.12%,550.633161349738
电商品牌成交偏好,tasogare隅田川,0.12%,757.7025751865298
电商品牌成交偏好,MORPHY RICHARDS摩飞电器,0.12%,911.4227430616319
电商品牌成交偏好,BIODERMA贝德玛,0.12%,476.0196810253859
电商品牌成交偏好,猿辅导,0.12%,443.1914817037538
电商品牌成交偏好,HONESTBITE诚实一口,0.11%,165.4987499620582
电商品牌成交偏好,MOLSOILED魔渍,0.11%,601.5554082605253
电商品牌成交偏好,honor荣耀,0.11%,316.2475554488106
电商品牌成交偏好,Nippon Paint立邦,0.11%,662.4351019930261
电商品牌成交偏好,POREE博锐,0.11%,155.8832736848245
电商品牌成交偏好,ein.b怡恩贝,0.11%,488.26307529537917
电商品牌成交偏好,MOLYVIVI,0.11%,457.68284429060583
电商品牌成交偏好,jissbon杰士邦,0.11%,245.0984896881428
电商品牌成交偏好,简醇,0.11%,430.45384361826314
电商品牌成交偏好,清宜,0.11%,361.4509176233626
电商品牌成交偏好,莎瑞诗,0.11%,591.2683391463637
电商品牌成交偏好,uwant就选,0.11%,365.01630528040795
电商品牌成交偏好,KELME卡尔美,0.11%,497.4489447836389
电商品牌成交偏好,DR.YU玉泽,0.11%,339.7570419803248
电商品牌成交偏好,MANTING满婷,0.11%,684.6913751274674
电商品牌成交偏好,印迹,0.11%,609.418932258102
电商品牌成交偏好,饭乎,0.11%,525.4852292505446
电商品牌成交偏好,Bubandi布班迪,0.11%,54.707948649724926
电商品牌成交偏好,JUNLEBAO君乐宝,0.11%,444.27429189045534
电商品牌成交偏好,MAIGUCUN麦谷村,0.11%,385.2364928846442
电商品牌成交偏好,DAVE&BELLA戴维贝拉,0.1%,185.88997294125528
电商品牌成交偏好,海狸先生,0.1%,486.7598621385323
电商品牌成交偏好,金鹤,0.1%,666.9240466428491
电商品牌成交偏好,Mentholatum曼秀雷敦,0.1%,292.00935037663936
电商品牌成交偏好,Ochirly欧时力,0.1%,668.7534569573394
电商品牌成交偏好,食验室,0.1%,243.91226563710694
电商品牌成交偏好,DIOR迪奥,0.1%,529.5336623812716
电商品牌成交偏好,YANZAO焱造,0.1%,829.9780246701372
电商品牌成交偏好,豪士,0.1%,92.20529381593657
电商品牌成交偏好,Calvin Klein,0.1%,626.7791982984929
电商品牌成交偏好,程校长,0.1%,444.6243619340894
电商品牌成交偏好,官耳,0.1%,350.87589411171115
电商品牌成交偏好,MOODY,0.1%,106.41224176157192
电商品牌成交偏好,田园主义,0.1%,777.1877850021953
电商品牌成交偏好,舒适果,0.1%,534.0666920611175
电商品牌成交偏好,UKISS悠珂思,0.1%,88.26604180017587
电商品牌成交偏好,西贝莜面村,0.1%,1037.9846062757317
电商品牌成交偏好,SIMWOOD简木,0.1%,292.3189493335477
电商品牌成交偏好,RedDog红狗,0.1%,341.4840275258559
电商品牌成交偏好,Crest佳洁士,0.1%,259.6683340127054
电商品牌成交偏好,高途,0.1%,1170.8185074043893
电商品牌成交偏好,Hotwind热风,0.1%,368.6346392027804
电商品牌成交偏好,OSA,0.099%,1150.7319218283865
电商品牌成交偏好,花田萃,0.098%,433.7010073473427
电商品牌成交偏好,Hydron海昌,0.098%,133.2224395300938
电商品牌成交偏好,辣小娘,0.098%,667.4745006162015
电商品牌成交偏好,冷卡,0.097%,193.92944411316066
电商品牌成交偏好,七年五季,0.096%,352.37286338797725
电商品牌成交偏好,MISS SIXTY,0.096%,1255.3930604192817
电商品牌成交偏好,TERUN天润,0.095%,338.8791155270324
电商品牌成交偏好,BIOHYALUX润百颜,0.095%,471.6513556226504
电商品牌成交偏好,JIAJIA加加,0.095%,594.5023168538216
电商品牌成交偏好,MeSmooth,0.095%,173.3100186566937
电商品牌成交偏好,Jmoon极萌,0.093%,385.74537618502615
电商品牌成交偏好,打丸哥,0.093%,1030.536517545605
电商品牌成交偏好,FUANNA富安娜,0.093%,751.3586486697734
电商品牌成交偏好,edition,0.092%,989.7898325995423
电商品牌成交偏好,雨范,0.092%,540.2702420712048
电商品牌成交偏好,BOTTLEDJOY,0.092%,790.4735474412208
电商品牌成交偏好,moodytiger,0.091%,1188.7247847111723
电商品牌成交偏好,Anjoy安井,0.091%,300.01261645659116
电商品牌成交偏好,周黑鸭,0.091%,244.39384244406477
电商品牌成交偏好,chillmore,0.091%,443.15633148200504
电商品牌成交偏好,TYMO,0.091%,661.4963740399915
电商品牌成交偏好,IN-PLUS麦德氏,0.091%,543.3534803245512
电商品牌成交偏好,YINER音儿,0.089%,1195.7007672060072
电商品牌成交偏好,zwilling双立人,0.089%,1033.6681870510517
电商品牌成交偏好,kawu卡屋,0.089%,568.4779799341533
电商品牌成交偏好,仟味神厨,0.088%,988.4355764522555
电商品牌成交偏好,RUIZU锐族,0.088%,635.3676798551803
电商品牌成交偏好,ClorisLand花皙蔻,0.087%,1060.9951692869188
电商品牌成交偏好,COACH蔻驰,0.087%,581.2001482255449
电商品牌成交偏好,QIANLINGMEI千灵美,0.087%,451.039283738158
电商品牌成交偏好,Rocking zoo摇滚动物园,0.086%,147.3613884610701
电商品牌成交偏好,疯狂小狗,0.085%,351.26505186087815
电商品牌成交偏好,timage彩棠,0.084%,83.48130197647221
电商品牌成交偏好,d'zzit,0.084%,700.662460024205
电商品牌成交偏好,妙可蓝多,0.084%,221.0698504334847
电商品牌成交偏好,汉鼎,0.084%,193.0069456790701
电商品牌成交偏好,JOYNCLEON婧麒,0.083%,45.76613234508128
电商品牌成交偏好,SHIFENLA食分辣,0.083%,210.63665647629693
电商品牌成交偏好,英格翰,0.083%,204.6363491214607
电商品牌成交偏好,石一昆味,0.082%,813.1995783828163
电商品牌成交偏好,CHARLES&KEITH,0.082%,195.89368697302206
电商品牌成交偏好,aigo爱国者,0.082%,374.3533322899939
电商品牌成交偏好,yoose有色,0.082%,435.055365779969
电商品牌成交偏好,SKYWORTH创维,0.081%,403.77603319385906
电商品牌成交偏好,SID超人,0.081%,352.8713496369028
电商品牌成交偏好,TUOREN驼人,0.081%,633.0994316482373
电商品牌成交偏好,SALAXI莎莱茜,0.081%,793.3320635657903
电商品牌成交偏好,哈药,0.081%,420.00435715580176
电商品牌成交偏好,Befe,0.081%,142.6581387268879
电商品牌成交偏好,Dohia.com多喜爱,0.08%,544.8022946896225
电商品牌成交偏好,官栈,0.08%,652.4522440276537
电商品牌成交偏好,CONFU康夫,0.079%,315.55323665555176
电商品牌成交偏好,黄小姐,0.079%,303.05316013182625
电商品牌成交偏好,爱拉图,0.079%,330.1472693612826
电商品牌成交偏好,miguhara咪咕哈啦,0.079%,323.4756928271174
电商品牌成交偏好,KIKO,0.078%,192.133292316258
电商品牌成交偏好,泛猫,0.078%,307.2026487383055
电商品牌成交偏好,iFLYTEK科大讯飞,0.077%,558.7735522556017
电商品牌成交偏好,罗莱,0.077%,644.0177975372782
电商品牌成交偏好,COROU可心柔,0.076%,79.05465754307576
电商品牌成交偏好,We are Manner,0.075%,1036.8541532859301
电商品牌成交偏好,DR.WU达尔肤,0.075%,126.2356000117448
电商品牌成交偏好,ELF SACK妖精的口袋,0.075%,299.1004837036786
电商品牌成交偏好,嘉利玛,0.074%,93.00963272397152
电商品牌成交偏好,上海药皂,0.074%,783.2365367066914
电商品牌成交偏好,NACO,0.073%,494.69691150435375
电商品牌成交偏好,OISHI上好佳,0.073%,188.22892137879006
电商品牌成交偏好,古讴卡,0.073%,310.02837015404924
电商品牌成交偏好,wowo喔喔,0.073%,414.67937411833987
电商品牌成交偏好,渣渣灰,0.073%,156.17128329304504
电商品牌成交偏好,DPI,0.073%,843.527445912087
电商品牌成交偏好,Jenner Kendal,0.073%,1129.3093992256022
电商品牌成交偏好,品味人家,0.073%,739.0191692771681
电商品牌成交偏好,Deerma德尔玛,0.073%,443.85981091460957
电商品牌成交偏好,富光,0.073%,407.86166759975356
电商品牌成交偏好,Reloading,0.072%,211.9349844917561
电商品牌成交偏好,FROGPRINCE青蛙王子,0.072%,101.01015816760534
电商品牌成交偏好,药都仁和,0.071%,390.47230931119054
电商品牌成交偏好,Jessyline杰茜莱,0.071%,461.8490488549273
电商品牌成交偏好,BACKATONE,0.071%,3154.0755105881035
电商品牌成交偏好,Weidendorf德亚,0.071%,513.3089383824401
电商品牌成交偏好,宽福,0.071%,173.43155925844843
电商品牌成交偏好,宝婴美,0.071%,136.72222948059948
电商品牌成交偏好,北纬47°,0.07%,855.6283852424402
电商品牌成交偏好,古井贡,0.07%,605.8830336925555
电商品牌成交偏好,秋田满满,0.07%,68.90701602397621
电商品牌成交偏好,broadcast播,0.068%,687.2268731347707
电商品牌成交偏好,LIVEN利仁,0.068%,514.7153396944351
电商品牌成交偏好,佩妮 6+1,0.067%,733.0933246579708
电商品牌成交偏好,爱朴,0.067%,831.7922001432609
电商品牌成交偏好,BYHEALTH,0.066%,557.7946099766936
电商品牌成交偏好,MQD,0.066%,394.15446273208244
电商品牌成交偏好,DESMAN德施曼,0.066%,444.0134252727752
电商品牌成交偏好,witsBB健敏思,0.066%,108.70863303591398
电商品牌成交偏好,WEICA维尔卡特,0.066%,542.3064042941589
电商品牌成交偏好,MENOW美诺,0.066%,37.81262305359155
电商品牌成交偏好,好欢螺,0.065%,76.91262836587133
电商品牌成交偏好,UNISKIN优时颜,0.065%,224.81652702630214
电商品牌成交偏好,久岁伴,0.065%,773.4045787456249
电商品牌成交偏好,Panasonic松下,0.065%,535.4081259429709
电商品牌成交偏好,cature小壳,0.064%,386.5543417191671
电商品牌成交偏好,VT薇缔,0.064%,149.69432166297233
电商品牌成交偏好,凯兰登,0.064%,271.70767452845547
电商品牌成交偏好,斑马世界,0.064%,207.42227644617182
电商品牌成交偏好,FLORTTE花洛莉亚,0.064%,58.07409984445271
电商品牌成交偏好,朴誉,0.064%,446.9388797137561
电商品牌成交偏好,Jack Jones杰克琼斯,0.063%,353.3412940044458
电商品牌成交偏好,PIDAN,0.063%,382.36715354754836
电商品牌成交偏好,plantpro,0.063%,123.7060057683113
电商品牌成交偏好,金晔,0.063%,272.15123451845494
电商品牌成交偏好,麻辣王子,0.063%,56.26303512645098
电商品牌成交偏好,BEGGI鼻精灵,0.063%,531.1509541239302
电商品牌成交偏好,Dr.Alva瑷尔博士,0.062%,60.31616475174118
电商品牌成交偏好,香飘飘,0.061%,316.754031084937
电商品牌成交偏好,Pampers帮宝适,0.06%,78.14757348611447
电商品牌成交偏好,WEIWEI维维,0.06%,310.5421012140837
电商品牌成交偏好,李子柒,0.059%,386.7396678031958
电商品牌成交偏好,RIO锐澳,0.059%,253.72751977985502
电商品牌成交偏好,MINISO名创优品,0.059%,88.74501958722828
电商品牌成交偏好,Dangerouspeople,0.059%,167.44644564838217
电商品牌成交偏好,CASSIEY cosmetics,0.059%,458.310630017117
电商品牌成交偏好,臻圆满,0.058%,402.1889163739033
电商品牌成交偏好,三青漆,0.058%,540.2584958727081
电商品牌成交偏好,GXG,0.058%,158.56468210858256
电商品牌成交偏好,’SEIFINI诗凡黎,0.058%,549.6638438757152
电商品牌成交偏好,Alessandro Paccuci,0.058%,1224.5668933823347
电商品牌成交偏好,小茶日记,0.057%,113.70041430681313
电商品牌成交偏好,植物主义,0.057%,167.13657877144718
电商品牌成交偏好,松达,0.057%,189.33395898871728
电商品牌成交偏好,福满棚,0.057%,537.4368969129797
电商品牌成交偏好,Toptrees领先,0.056%,259.37381701825535
电商品牌成交偏好,vivo,0.056%,216.46377943956745
电商品牌成交偏好,大江,0.056%,836.7452990819734
电商品牌成交偏好,a1,0.056%,379.0676420142084
电商品牌成交偏好,Riwa雷瓦,0.056%,285.3091585234155
电商品牌成交偏好,十月结晶,0.056%,51.580534343906095
电商品牌成交偏好,遐,0.056%,431.18274321189006
电商品牌成交偏好,SHELI舌里,0.055%,492.56900213855096
电商品牌成交偏好,keheal科西,0.055%,323.8525023181226
电商品牌成交偏好,Aocilenda澳兰黛,0.055%,56.46475400113121
电商品牌成交偏好,高爷家,0.055%,273.36452789085905
电商品牌成交偏好,Unifree,0.055%,169.21384377776278
电商品牌成交偏好,minayo,0.055%,145.62979732108343
电商品牌成交偏好,lena,0.054%,271.7533018032846
电商品牌成交偏好,COBOR可贝尔,0.054%,703.7484607516495
电商品牌成交偏好,食族人,0.054%,270.7730705377519
电商品牌成交偏好,submarine潜水艇,0.054%,425.2536136743332
电商品牌成交偏好,HSAK汉鲨,0.054%,500.8158717826599
电商品牌成交偏好,牛排保鲜局,0.054%,729.3064188297827
电商品牌成交偏好,嚼绊,0.054%,375.4441415740504
电商品牌成交偏好,Reboto瑞佰拓,0.053%,489.6737937844456
电商品牌成交偏好,衣香丽影,0.053%,685.5601344010968
电商品牌成交偏好,觅橘,0.053%,64.50049428806396
电商品牌成交偏好,Uringo七彩叮当,0.053%,615.2809873347059
电商品牌成交偏好,SKG艾诗凯奇,0.053%,510.1543084318226
电商品牌成交偏好,INOHERB相宜本草,0.052%,119.24625981096581
电商品牌成交偏好,Pure&Natural伯纳天纯,0.052%,538.5546600321197
电商品牌成交偏好,PEAK匹克,0.052%,284.06725326363863
电商品牌成交偏好,OPPO,0.052%,173.64048868517594
电商品牌成交偏好,OPPLE欧普照明,0.052%,517.6428567574001
电商品牌成交偏好,DIGITALWOLF数码狼,0.052%,339.9877800588169
电商品牌成交偏好,芬斯狄娜,0.052%,301.13146799982206
电商品牌成交偏好,华望,0.052%,244.42992227474352
电商品牌成交偏好,D-CAL迪巧,0.052%,185.87714540623784
电商品牌成交偏好,NAVARCH耐威克,0.052%,683.2168983844007
电商品牌成交偏好,F426,0.051%,124.8502589587178
电商品牌成交偏好,Anmous安慕斯,0.051%,88.37587852192421
电商品牌成交偏好,COMBO,0.051%,83.79236935292013
电商品牌成交偏好,友臣,0.05%,396.5134578043135
电商品牌成交偏好,York Zoom,0.05%,79.45821110874486
电商品牌成交偏好,LILANZ利郎,0.05%,280.61306631436656
电商品牌成交偏好,cleer,0.05%,993.6863474416325
电商品牌成交偏好,yearcon意尔康,0.05%,477.1763326387587
电商品牌成交偏好,Cerave适乐肤,0.049%,74.12181056334339
电商品牌成交偏好,MELNG美菱,0.049%,314.03987946991793
电商品牌成交偏好,Utour,0.049%,86.84543819700367
电商品牌成交偏好,FulQun芙清,0.049%,138.72945444989696
电商品牌成交偏好,雅萌,0.049%,628.9800485064379
电商品牌成交偏好,轩妈,0.048%,273.9662646423873
电商品牌成交偏好,emxee嫚熙,0.048%,79.66047356385747
电商品牌成交偏好,K-SKIN金稻,0.048%,246.43568203919966
电商品牌成交偏好,英贝健,0.048%,382.3632997276776
电商品牌成交偏好,Engnice英氏,0.048%,49.12964169529677
电商品牌成交偏好,YINGYA婴芽,0.047%,99.11730043944534
电商品牌成交偏好,HugoBoss雨果博斯,0.047%,1307.7439771173892
电商品牌成交偏好,TAKSAT,0.047%,641.2896727942514
电商品牌成交偏好,SAMYANG三养,0.047%,88.6220339075199
电商品牌成交偏好,蒙牛早餐奶,0.047%,453.50553828219125
电商品牌成交偏好,椰子知道,0.047%,721.8721744126848
电商品牌成交偏好,YIKUO忆括,0.047%,582.6659476686567
电商品牌成交偏好,Huggies好奇,0.046%,47.87421004689997
电商品牌成交偏好,南山食畔,0.046%,668.3096722460575
电商品牌成交偏好,老金磨方,0.046%,335.79777807384164
电商品牌成交偏好,Budweiser百威,0.044%,835.5237128137509
电商品牌成交偏好,GREEN BEANS BOOK青豆书坊,0.044%,361.71989776817554
电商品牌成交偏好,LaPeche拉拜诗,0.043%,43.28470215500757
电商品牌成交偏好,美鑫达,0.043%,519.7062492099501
电商品牌成交偏好,HONEYCARE心宠,0.043%,428.1024773049263
电商品牌成交偏好,KEYLID健力多,0.043%,448.3105919896594
电商品牌成交偏好,凯叔讲故事,0.043%,315.16651432024327
电商品牌成交偏好,宝宝馋了,0.042%,63.131672825738846
电商品牌成交偏好,YYKPP,0.042%,276.9808765193897
电商品牌成交偏好,SLEEMON喜临门,0.042%,493.56452136515594
电商品牌成交偏好,simpcare溪木源,0.042%,40.626132657778996
电商品牌成交偏好,Winona Baby薇诺娜宝贝,0.041%,256.48342076067786
电商品牌成交偏好,NEI WAI内外,0.041%,800.8631208597578
电商品牌成交偏好,素之然,0.041%,100.72224684060822
电商品牌成交偏好,TSUYAGLA崔娅,0.041%,411.25565308390543
电商品牌成交偏好,青羽雀,0.041%,508.10044708148735
电商品牌成交偏好,cabbeen卡宾,0.04%,269.67094705224457
电商品牌成交偏好,世喜,0.04%,53.74357945376387
电商品牌成交偏好,佳婴,0.04%,46.03324203044997
电商品牌成交偏好,漫步者花再,0.04%,144.51775740146445
电商品牌成交偏好,kuka顾家家居,0.04%,434.4360900743161
电商品牌成交偏好,西西来了,0.039%,730.5477621504526
电商品牌成交偏好,TOMMYHILFIGER,0.039%,1130.9594960906156
电商品牌成交偏好,Fovulaem枫竺,0.039%,511.35941245926347
电商品牌成交偏好,Josiny卓诗尼,0.039%,257.86366647577375
电商品牌成交偏好,BURGER KING汉堡王,0.039%,503.2119250813538
电商品牌成交偏好,Pigeon贝亲,0.038%,47.89518923324277
电商品牌成交偏好,Grandpa s Farm爷爷的农场,0.037%,93.95815424674664
电商品牌成交偏好,WETCODE水密码,0.037%,286.4246090778942
电商品牌成交偏好,Hungchi红之,0.037%,39.22054320283856
电商品牌成交偏好,林氏家居,0.037%,376.15768769317583
电商品牌成交偏好,KALEIDOS万花镜,0.037%,166.1068528322185
电商品牌成交偏好,flowerknows花知晓,0.036%,42.11386447340681
电商品牌成交偏好,⁣Peterson’s Lab毕生之研,0.036%,66.67668755875462
电商品牌成交偏好,梦洁,0.036%,703.7143173945353
电商品牌成交偏好,TRY-V创威,0.036%,155.62179267457435
电商品牌成交偏好,轻元素,0.036%,552.5879766715848
电商品牌成交偏好,KBNE卡贝奈尔,0.036%,686.7858889815166
电商品牌成交偏好,Dr.cheese奶酪博士,0.035%,190.30625994251267
电商品牌成交偏好,Purich醇粹,0.035%,155.31719997611623
电商品牌成交偏好,珂岸,0.035%,92.07082628779644
电商品牌成交偏好,丸丫,0.035%,83.00451584238027
电商品牌成交偏好,yiwaeye伊娃爱,0.035%,83.57077913067774
电商品牌成交偏好,9 34,0.035%,80.62189441833173
电商品牌成交偏好,Nivea妮维雅,0.034%,94.25717989014252
电商品牌成交偏好,breo倍轻松,0.033%,507.6448826665578
电商品牌成交偏好,Benks邦克仕,0.033%,746.5516929084555
电商品牌成交偏好,XIAOMIBU小米步,0.033%,204.2918566926912
电商品牌成交偏好,CHEERSHOME芝华仕,0.033%,508.140450995693
电商品牌成交偏好,XGIMI极米,0.032%,515.2865299516928
电商品牌成交偏好,DR冬日,0.032%,579.4681748989443
电商品牌成交偏好,优瞳,0.032%,164.77357455789473
电商品牌成交偏好,Fish4Dogs海洋之星,0.032%,366.3146919624023
电商品牌成交偏好,翼眠,0.032%,642.0106957602487
电商品牌成交偏好,iWALK爱沃可,0.032%,702.2827066427876
电商品牌成交偏好,OATS HOUSE NATUIAL燕谷坊,0.032%,268.26600532676304
电商品牌成交偏好,Moucee,0.031%,40.142949045715135
电商品牌成交偏好,CODE MINT纨素之肤,0.03%,145.58237797972865
电商品牌成交偏好,AJDE,0.03%,727.0852820817462
电商品牌成交偏好,Ulike,0.03%,154.12145421123844
电商品牌成交偏好,映趣,0.03%,374.90692727942536
电商品牌成交偏好,娅美乐,0.029%,585.440515281611
电商品牌成交偏好,泸州老窖,0.029%,470.1133604105519
电商品牌成交偏好,田英章,0.029%,391.9130252718504
电商品牌成交偏好,恒都,0.028%,553.1687698115217
电商品牌成交偏好,JIABUJIA贾不假,0.028%,46.18659264597472
电商品牌成交偏好,泸州老窖头曲,0.028%,464.0353768702597
电商品牌成交偏好,Ecosure Care优可舒,0.027%,177.3589790082006
电商品牌成交偏好,大水滴,0.027%,104.88509126392469
电商品牌成交偏好,Mini Bala迷你巴拉,0.027%,125.128031905021
电商品牌成交偏好,papa爬爬,0.027%,110.01051718337116
电商品牌成交偏好,福派,0.027%,164.45372616561806
电商品牌成交偏好,Lemonade,0.027%,88.97035726475633
电商品牌成交偏好,Jovs,0.027%,466.52317281895074
电商品牌成交偏好,Dyson戴森,0.026%,843.9763661339022
电商品牌成交偏好,Logitech罗技,0.026%,93.86351027183709
电商品牌成交偏好,Kaadas凯迪仕,0.026%,506.4258887345073
电商品牌成交偏好,宜婴,0.025%,25.45311257085939
电商品牌成交偏好,陈生记,0.025%,845.3999205494304
电商品牌成交偏好,Mermaid美人鱼,0.025%,394.64651044322545
电商品牌成交偏好,HORIEN海俪恩,0.025%,43.442005210984206
电商品牌成交偏好,SHE LOG稀物集,0.025%,53.88812893527063
电商品牌成交偏好,LEDIN乐町,0.025%,152.53996498532146
电商品牌成交偏好,IKV,0.024%,52.1511387460588
电商品牌成交偏好,小度,0.024%,341.0273314918541
电商品牌成交偏好,SWAROVSKI施华洛世奇,0.024%,531.1859143657604
电商品牌成交偏好,执杆江湖,0.024%,364.94935659027277
电商品牌成交偏好,多燕瘦,0.023%,544.3864085926253
电商品牌成交偏好,FORNI,0.023%,176.4290050072874
电商品牌成交偏好,BABY BUS宝宝巴士,0.023%,62.950782080231434
电商品牌成交偏好,Alfie&Buddy阿飞和巴弟,0.023%,201.56533792705383
电商品牌成交偏好,ARIA LEISURE,0.022%,983.8012033370127
电商品牌成交偏好,Enoulite英氏忆格,0.022%,43.0445066190323
电商品牌成交偏好,hcgn浒城古娘,0.022%,729.4703903415741
电商品牌成交偏好,舒莱,0.021%,91.85803922032439
电商品牌成交偏好,Lenovo联想,0.021%,319.05975599264065
电商品牌成交偏好,满分小学霸,0.021%,345.3463778362927
电商品牌成交偏好,Costa咖世家,0.021%,551.7565754015507
电商品牌成交偏好,bixdo倍至,0.021%,608.1559250359257
电商品牌成交偏好,云妃秀,0.021%,759.1221909103577
电商品牌成交偏好,原神,0.021%,94.86577398970825
电商品牌成交偏好,Genji food源氏,0.021%,93.06718059547507
电商品牌成交偏好,MedRepair米蓓尔,0.021%,79.82000500925317
电商品牌成交偏好,修正,0.02%,407.2358184123284
电商品牌成交偏好,TCL,0.02%,336.7724186929665
电商品牌成交偏好,uzis,0.02%,76.72160193532558
电商品牌成交偏好,sopami,0.02%,418.7667942950024
电商品牌成交偏好,ZEGL,0.019%,222.59452490632188
电商品牌成交偏好,苏醒的乐园,0.019%,207.29867238393732
电商品牌成交偏好,MichaelKors迈克尔高司,0.019%,774.2276998383726
电商品牌成交偏好,Bio-MESO肌活,0.019%,85.78059303423677
电商品牌成交偏好,织造司,0.018%,279.07522169028545
电商品牌成交偏好,光合星球,0.018%,124.35239850292838
电商品牌成交偏好,阪画屋,0.018%,553.638798940717
电商品牌成交偏好,LooraPwd罗拉密码,0.017%,843.6881841520265
电商品牌成交偏好,无上味觉,0.017%,462.03898170339147
电商品牌成交偏好,两三事,0.017%,172.39758891087172
电商品牌成交偏好,AMIRO,0.017%,489.42433259609254
电商品牌成交偏好,FED飞尔顿,0.016%,550.3004013780893
电商品牌成交偏好,爪大娘,0.016%,237.52555273683592
电商品牌成交偏好,璇知物,0.015%,777.8548706689593
电商品牌成交偏好,至本,0.014%,27.78957378705973
电商品牌成交偏好,云思木想,0.014%,786.6180220243672
电商品牌成交偏好,春日来信,0.014%,101.31127111920357
电商品牌成交偏好,CHICKEN JOJO小鸡叫叫,0.014%,299.9308771885245
电商品牌成交偏好,Hapsode悦芙媞,0.014%,16.627604473745038
电商品牌成交偏好,喵小侠,0.014%,77.69066884191281
电商品牌成交偏好,本该时鲜,0.014%,964.7044700404928
电商品牌成交偏好,M.Latin马·拉丁,0.013%,214.22635012411547
电商品牌成交偏好,飞跃,0.013%,140.41772919607294
电商品牌成交偏好,boben泊本,0.012%,38.828010443086306
电商品牌成交偏好,COFANCY可糖,0.011%,76.23344200031002
电商品牌成交偏好,喜德盛,0.011%,332.529198262409
电商品牌成交偏好,MARC&JANIE,0.011%,183.7467891218693
电商品牌成交偏好,莫易,0.01%,1030.9114773721924
电商品牌成交偏好,chuzhiyi厨之翼,0.01%,428.8485349274516
电商品牌成交偏好,健视佳,0.01%,720.2427131641423
电商品牌成交偏好,tonlion唐狮,0.01%,139.81095225402345
电商品牌成交偏好,Huahou花后,0.0098%,491.91506063171335
电商品牌成交偏好,FABLOOX馥碧诗,0.0098%,27.896050178294757
电商品牌成交偏好,爆猪,0.0098%,461.217688721577
电商品牌成交偏好,花至,0.0095%,502.90851182912064
电商品牌成交偏好,yunbaby孕贝,0.0091%,65.56130424319217
电商品牌成交偏好,bilibili,0.0088%,106.77905512683989
电商品牌成交偏好,海枫,0.0084%,226.91508460936097
电商品牌成交偏好,FANCI范琦,0.0084%,27.95998941842735
电商品牌成交偏好,ginoble基诺浦,0.0084%,61.128005777164084
电商品牌成交偏好,俏舅妈,0.0084%,700.088101641544
电商品牌成交偏好,窝小芽,0.0084%,73.40318767760253
电商品牌成交偏好,XENBEA新贝,0.0081%,37.062833119992746
电商品牌成交偏好,小彼恩,0.0081%,158.55344514140862
电商品牌成交偏好,迦南阳光,0.0074%,423.6968302296618
电商品牌成交偏好,哈啰,0.0071%,73.72835594301068
电商品牌成交偏好,Zhong An Insurance众安保险,0.0068%,437.5988611454132
电商品牌成交偏好,MK鸭货,0.0064%,228.83812232772453
电商品牌成交偏好,COOKER KING炊大皇,0.0064%,536.9616557602934
电商品牌成交偏好,Kaalixto,0.0064%,76.28476287836317
电商品牌成交偏好,WassupHouse,0.0064%,146.0611240002638
电商品牌成交偏好,Wilson威尔胜,0.0061%,342.8273249472821
电商品牌成交偏好,GLOWSIS光言,0.0054%,45.78242037358618
电商品牌成交偏好,OHBABY欧贝比,0.0051%,18.7653831258255
电商品牌成交偏好,Beazero未零,0.0051%,66.88482681434267
电商品牌成交偏好,CUKO,0.0051%,562.5188263734135
电商品牌成交偏好,genlese真丽斯,0.0051%,20.826777613742248
电商品牌成交偏好,欧拉,0.0051%,199.53125368494045
电商品牌成交偏好,南乙,0.0047%,46.29992023727946
电商品牌成交偏好,T-Garden,0.0044%,27.412589939110354
电商品牌成交偏好,JINKAIRUI金凯瑞,0.0044%,333.1068427350708
电商品牌成交偏好,喜茶,0.0044%,318.9427917920945
电商品牌成交偏好,UKILAU,0.0044%,168.634745149532
电商品牌成交偏好,妃鱼,0.0037%,1222.8159863156302
电商品牌成交偏好,网易游戏,0.0037%,87.68087980418878
电商品牌成交偏好,antas安泰,0.0034%,892.2001898157071
电商品牌成交偏好,OGP时光肌,0.0027%,265.614264191666
电商品牌成交偏好,SIX STAR六星,0.0024%,201.9964786183416
电商品牌成交偏好,志辉,0.002%,21.794638409022316
电商品牌成交偏好,YADEA雅迪,0.002%,399.06250736988085
电商品牌成交偏好,诺必行,0.0017%,698.1959716371073
电商品牌成交偏好,SEVENCHIC,0.0014%,90.98763592757341
电商品牌成交偏好,叮咚买菜,0%,-
电商品牌成交偏好,CLASSIC TEDDY精典泰迪,0%,-
电商品牌成交偏好,BECKBEKA,0%,-
电商品牌成交偏好,ck&wq,0%,-
电商品牌成交偏好,Chanjet畅捷通,0%,-
电商品牌成交偏好,陶陶居,0%,-
电商品牌成交偏好,小米移动,0%,-
电商品牌成交偏好,华夏希尔顿,0%,-
电商品牌成交偏好,吉利汽车,0%,-
电商品牌成交偏好,OVL,0%,-
电商品牌成交偏好,YUZHAOLIN俞兆林,0%,-
电商品牌成交偏好,五菱汽车,0%,-
电商品牌成交偏好,DERMAFIRM德妃,0%,-
电商品牌成交偏好,皮皮嘴,0%,-
电商品牌成交偏好,wps,0%,-
电商品牌成交偏好,路易斯悍马,0%,-
电商品牌成交偏好,TKZ,0%,-
电商品牌成交偏好,肯德基,0%,-
电商品牌成交偏好,JAVLCOCE娇可可,0%,-
电商品牌成交偏好,十三姑,0%,-
电商消费频次,(0，5],12.5%,102.62806628365236
电商消费频次,(5，10],8.85%,149.64417261172505
电商消费频次,(10，15],7.15%,171.43306468539419
电商消费频次,(15，20],5.96%,186.32422459844955
电商消费频次,(20，25],5.07%,198.2299626853427
电商消费频次,(25，30],4.41%,209.71557210849824
电商消费频次,(30，35],3.85%,218.48311689423383
电商消费频次,(35，40],3.4%,226.4317214343577
电商消费频次,(40，45],3.09%,238.20061291668475
电商消费频次,(45，+∞),45.71%,338.66425707339033
电商消费金额,(0，50],5.06%,69.4593418449488
电商消费金额,(50，100],3.06%,104.24195686550932
电商消费金额,(100，150],2.43%,116.8720222489688
电商消费金额,(150，200],2.21%,126.72070131660978
电商消费金额,(200，300],3.71%,136.48481126603951
电商消费金额,(300，500],6.03%,152.770526361557
电商消费金额,(500，1000],10.5%,173.1229588404952
电商消费金额,(1000，1500],7.43%,200.0832883034215
电商消费金额,(1500，2000],5.76%,220.53482647659465
电商消费金额,(2000，+∞),53.81%,357.99329121233694
触点互动偏好,通投,98.64%,174.08464718068865
触点互动偏好,抖音,98.31%,178.09348221456005
触点互动偏好,今日头条,3.29%,71.91785334357058
触点互动偏好,番茄小说,0.27%,95.21771808587307
触点互动偏好,西瓜,0.19%,35.85412657114052
触点互动偏好,住小帮,0.0027%,55.43902370112921
触点互动偏好,火山,0%,-
触点互动偏好,剪映,0%,-
触点互动偏好,通投-通投智选,61.57%,216.8357702418843
触点互动偏好,通投-千川短视频图文带货,42%,327.8382424268782
触点互动偏好,通投-AD竞价搜索,18.47%,207.76484676835702
触点互动偏好,通投-千川直播带货,45.69%,333.24680406615835
触点互动偏好,通投-品牌热榜,14.75%,167.09719853483796
触点互动偏好,通投-开屏全域通,0.091%,116.13897035701595
触点互动偏好,通投-本地推视频推广,12.6%,238.9843147115332
触点互动偏好,通投-信息流全域通,0.84%,661.0202051835809
触点互动偏好,通投-千川直播竞价搜索,6.22%,204.85723016648336
触点互动偏好,通投-本地推直播推广,6.05%,188.41139041272112
触点互动偏好,通投-搜索品专,3.17%,116.4835109017287
触点互动偏好,通投-千川短视频图文搜索,4.85%,195.0204708685484
触点互动偏好,通投-小店随心推,19.01%,264.8369755706853
触点互动偏好,抖音-内容热推（含磁贴）,16.62%,220.94929143706477
触点互动偏好,抖音-星图视频推广,50.04%,223.69531530583916
触点互动偏好,抖音-企业号视频,35.06%,230.74397739758345
触点互动偏好,抖音-自然内容,68.1%,238.10837858266208
触点互动偏好,抖音-TopView炫屏,26.5%,305.8449489289053
触点互动偏好,抖音-挑战赛,43.66%,206.29515211399237
触点互动偏好,抖音-feedslive,8.99%,233.33153958690974
触点互动偏好,抖音-信息流,25.05%,231.87573307996615
触点互动偏好,抖音-内容热推（不含磁贴）,20.22%,237.74564115189608
触点互动偏好,抖音-DOU+,8.06%,113.29298630196219
触点互动偏好,抖音-开屏,14.98%,235.99687343406
触点互动偏好,抖音-其他,3.13%,198.30433097655566
触点互动偏好,抖音-AD首选媒体,51.99%,245.48213649531795
触点互动偏好,抖音-自然搜索,13.76%,145.42108604511438
触点互动偏好,抖音-企业号直播,30.2%,314.49150869020815
触点互动偏好,抖音-团购达人视频,25.81%,256.7339532728359
触点互动偏好,今日头条-AD首选媒体,3.48%,91.06255027511017
触点互动偏好,今日头条-企业号视频,0.037%,223.81942289619886
触点互动偏好,今日头条-其他,0.3%,91.85591602915626
触点互动偏好,今日头条-开屏,1.15%,138.06861786894845
触点互动偏好,今日头条-星图文章推广,0.11%,198.4159839558061
触点互动偏好,今日头条-TopView炫屏,0.64%,234.31525611492194
触点互动偏好,今日头条-信息流,1.69%,193.4959534481641
触点互动偏好,今日头条-自然搜索,1.05%,153.01674008406684
触点互动偏好,今日头条-头条号外,1.74%,187.81919832498795
触点互动偏好,今日头条-自然内容,2.59%,126.89050466999039
触点互动偏好,番茄小说-开屏,0.047%,110.48793459727287
触点互动偏好,番茄小说-其他,0%,-
触点互动偏好,番茄小说-AD首选媒体,0.31%,94.86951221386104
触点互动偏好,西瓜-自然搜索,0.019%,37.40815199795403
触点互动偏好,西瓜-企业号视频,0.0007%,93.72608054629647
触点互动偏好,西瓜-开屏,0.08%,44.27242531356486
触点互动偏好,西瓜-信息流,0.0002%,103.52122420994631
触点互动偏好,西瓜-AD首选媒体,0.17%,39.99691959094484
触点互动偏好,西瓜-自然内容,0.12%,39.42815284295263
触点互动偏好,住小帮-信息流,0.0026%,104.25368570199784
触点互动偏好,住小帮-开屏,0.0016%,55.18377050613279
触点互动偏好,住小帮-AD首选媒体,0.0005%,31.366316749994322
触点互动偏好,住小帮-其他,0.0026%,75.86966357030181
触点互动偏好,火山-AD首选媒体,0%,-
触点互动偏好,火山-自然内容,0%,-
触点互动偏好,剪映-开屏,0%,-
城市,北京,9.9%,510.36301297612374
城市,天津,5.06%,451.356968061773
城市,石家庄,0.052%,6.617111836528079
城市,唐山,0.047%,10.898890509053624
城市,秦皇岛,0.023%,12.900585976679116
城市,邯郸,0.037%,6.774094311807777
城市,邢台,0.031%,7.091357845613844
城市,保定,0.12%,16.25824322098442
城市,张家口,0.025%,10.65188868733212
城市,承德,0.016%,9.26291517283494
城市,沧州,0.039%,9.086832255937534
城市,廊坊,0.19%,42.22264531422347
城市,衡水,0.011%,4.85998256663308
城市,太原,0.024%,5.299932984083868
城市,大同,0.0085%,4.906171131181929
城市,阳泉,0.0026%,3.1721410561061307
城市,长治,0.0032%,1.5468441154822563
城市,晋城,0.0055%,3.7780202451296283
城市,朔州,0.002%,2.4389374402674764
城市,晋中,0.0053%,2.3087689858242317
城市,运城,0.0087%,2.952461678439807
城市,忻州,0.0069%,4.781060107149786
城市,临汾,0.0073%,3.1591304724820164
城市,吕梁,0.0026%,1.4060533526568841
城市,呼和浩特,0.024%,9.388723237012648
城市,包头,0.0038%,2.2177864998909524
城市,乌海,0.0005%,1.3351432055189876
城市,赤峰,0.0043%,1.9879389831813268
城市,通辽,0.003%,2.2632129167320043
城市,鄂尔多斯,0.0044%,2.6832913672929464
城市,呼伦贝尔,0.0015%,1.2588585533068797
城市,巴彦淖尔,0.0008%,0.9127433634447614
城市,乌兰察布,0.0032%,3.9713476218555295
城市,兴安,0.0006%,0.8823096989304243
城市,锡林郭勒,0.0024%,3.266765939761633
城市,阿拉善,0.0011%,4.423231374157911
城市,沈阳,2.56%,379.66171278743144
城市,大连,0.054%,10.427206481089398
城市,鞍山,0.01%,5.756185984192109
城市,抚顺,0.011%,10.917801150666673
城市,本溪,0.0076%,10.473965740118988
城市,丹东,0.0067%,5.516564509189198
城市,锦州,0.012%,8.889292785860349
城市,营口,0.0072%,5.637248692285848
城市,阜新,0.0035%,4.464341358753324
城市,辽阳,0.0067%,8.447436386920609
城市,盘锦,0.005%,6.040330790927067
城市,铁岭,0.007%,7.056883982670363
城市,朝阳,0.0047%,3.9850415475078367
城市,葫芦岛,0.0081%,7.000380703329152
城市,长春,0.032%,5.435514815234151
城市,吉林,0.0067%,3.6555649971208513
城市,四平,0.0021%,2.7978168143031867
城市,辽源,0.0011%,2.402501737801319
城市,通化,0.0021%,2.5230384030848843
城市,白山,0.0012%,2.417541499900086
城市,松原,0.0023%,2.48583878407515
城市,白城,0.0012%,1.8141183146604276
城市,延边,0.0026%,2.531206935148618
城市,哈尔滨,0.031%,4.9751578062693325
城市,齐齐哈尔,0.0035%,2.1881939233674785
城市,鸡西,0.0012%,1.7501259352942156
城市,鹤岗,0.0009%,2.2166464343247374
城市,双鸭山,0.0009%,1.6240982299061888
城市,大庆,0.003%,2.22840697014963
城市,伊春,0.0009%,2.207519914984726
城市,佳木斯,0.0024%,2.2986296865688827
城市,七台河,0.0005%,1.4698102281340817
城市,牡丹江,0.0029%,2.640611519486932
城市,黑河,0.0012%,2.114803087700269
城市,绥化,0.0026%,1.8864782048130813
城市,大兴安岭,0.0003%,1.8341410171047006
城市,上海,10.16%,492.441279095533
城市,南京,3.56%,431.9285832398422
城市,无锡,0.13%,20.05567731772594
城市,徐州,0.058%,9.864664429087549
城市,常州,0.061%,13.39844581303454
城市,苏州,6.08%,473.80108978067364
城市,南通,0.1%,18.01413154787409
城市,连云港,0.031%,10.82151788361337
城市,淮安,0.041%,13.632870472823061
城市,盐城,0.066%,14.963771890100697
城市,扬州,0.048%,15.398791996590877
城市,镇江,0.061%,25.291919810566267
城市,泰州,0.047%,15.922748581786378
城市,宿迁,0.034%,10.821986301444689
城市,杭州,4.58%,369.58160081720507
城市,宁波,3.85%,451.892766984206
城市,温州,0.079%,10.663693458832828
城市,嘉兴,0.12%,24.982664136128903
城市,湖州,0.073%,24.607892098734535
城市,绍兴,0.092%,22.396201696711557
城市,金华,0.074%,10.4945947761708
城市,衢州,0.022%,14.338798093475871
城市,舟山,0.029%,28.92504794101442
城市,台州,0.058%,11.345817377604577
城市,丽水,0.0093%,5.6180673433976915
城市,合肥,0.053%,6.708647664625116
城市,芜湖,0.02%,7.967626211466305
城市,蚌埠,0.015%,7.379002339531482
城市,淮南,0.0073%,4.276498621860229
城市,马鞍山,0.022%,15.975442270692868
城市,淮北,0.0021%,1.8684634248941592
城市,铜陵,0.0033%,4.480519696579332
城市,安庆,0.019%,8.513297434350541
城市,黄山,0.011%,13.444346636086129
城市,滁州,0.034%,14.118802986175732
城市,阜阳,0.024%,6.106723960770455
城市,宿州,0.014%,5.11148091953057
城市,六安,0.024%,9.887275049005275
城市,亳州,0.016%,6.306787030275298
城市,池州,0.01%,12.054188947069006
城市,宣城,0.015%,8.917169519926672
城市,福州,0.029%,4.589546257857877
城市,厦门,0.027%,6.124678278393262
城市,莆田,0.012%,5.356703598939703
城市,三明,0.0029%,2.0620407102060363
城市,泉州,0.027%,3.813704669875548
城市,漳州,0.014%,4.013003025032077
城市,南平,0.0052%,3.248270628431186
城市,龙岩,0.0037%,2.2878270943836565
城市,宁德,0.0088%,4.462918581094853
城市,南昌,0.028%,5.424469651004731
城市,景德镇,0.0049%,4.445554696557749
城市,萍乡,0.0049%,4.605510592675232
城市,九江,0.019%,7.118029507469263
城市,新余,0.0023%,2.9906151613934306
城市,鹰潭,0.0015%,2.275446800068085
城市,赣州,0.028%,5.64115067368303
城市,吉安,0.01%,4.409749838146539
城市,宜春,0.015%,5.778407573357003
城市,抚州,0.0079%,4.3226649691092005
城市,上饶,0.026%,7.975923678203715
城市,济南,0.062%,7.889711243950688
城市,青岛,3.65%,433.7057583246731
城市,淄博,0.021%,7.258216296593736
城市,枣庄,0.0062%,2.844144496763245
城市,东营,0.0052%,3.3426971900285443
城市,烟台,0.05%,10.546346130691017
城市,潍坊,0.051%,8.32890864096325
城市,济宁,0.021%,4.549540957307216
城市,泰安,0.03%,10.46576920725812
城市,威海,0.019%,8.777304388292096
城市,日照,0.012%,6.701027380859187
城市,莱芜,0%,-
城市,临沂,0.031%,4.913382171836075
城市,德州,0.023%,8.008501802288432
城市,聊城,0.014%,4.384311239734787
城市,滨州,0.0065%,2.908645226085296
城市,菏泽,0.023%,4.8957323403650435
城市,郑州,3.78%,330.64921259602437
城市,开封,0.035%,11.955230663432989
城市,洛阳,0.05%,10.529623280136738
城市,平顶山,0.016%,5.827728202602156
城市,安阳,0.028%,8.522815183416686
城市,鹤壁,0.0041%,4.2116309629667175
城市,新乡,0.047%,11.564052604555465
城市,焦作,0.016%,7.126852528078517
城市,濮阳,0.0079%,3.961795198636847
城市,许昌,0.02%,7.450558902714698
城市,漯河,0.01%,7.220565371538726
城市,三门峡,0.0076%,6.312721999750141
城市,南阳,0.043%,8.193818964163697
城市,商丘,0.035%,8.050462110067393
城市,信阳,0.031%,9.40836306928866
城市,周口,0.044%,9.243803766602127
城市,驻马店,0.032%,8.610675947731345
城市,济源,0.0021%,4.333476096741835
城市,武汉,4.07%,353.0051886052286
城市,黄石,0.0081%,5.898135312924229
城市,十堰,0.0096%,5.784301772936415
城市,宜昌,0.031%,12.800997923024452
城市,襄阳,0.03%,10.508418051045691
城市,鄂州,0.009%,13.681841488506835
城市,荆门,0.0096%,6.744243606791568
城市,孝感,0.03%,13.303961524739178
城市,荆州,0.034%,12.607772778545023
城市,黄冈,0.052%,17.112244736551744
城市,咸宁,0.016%,11.495661157033389
城市,随州,0.007%,7.198224611475624
城市,恩施,0.011%,5.853057897085292
城市,仙桃,0.0075%,10.50013367294741
城市,潜江,0.0052%,10.530780675054032
城市,天门,0.0041%,7.042990636689462
城市,神农架,0.0003%,7.532558262592515
城市,长沙,3.06%,330.8318585798287
城市,株洲,0.035%,15.26867930311796
城市,湘潭,0.02%,12.703325748660918
城市,衡阳,0.041%,12.81637884538244
城市,邵阳,0.017%,5.821166028219549
城市,岳阳,0.041%,16.022739500031875
城市,常德,0.03%,11.252040442106866
城市,张家界,0.0072%,8.431719343239978
城市,益阳,0.016%,8.956178605938394
城市,郴州,0.017%,7.455230603023757
城市,永州,0.012%,5.262165456897532
城市,怀化,0.0096%,4.205640170539416
城市,娄底,0.013%,7.0149076802878465
城市,湘西,0.0037%,2.8286033056612223
城市,广州,5.7%,301.82600606370937
城市,韶关,0.015%,8.948905525564085
城市,深圳,6.07%,380.7347037090347
城市,珠海,0.035%,15.07900552117884
城市,汕头,0.03%,7.4256660701630395
城市,佛山,0.19%,20.15708999371723
城市,江门,0.034%,9.904761271105798
城市,湛江,0.022%,5.712868238607569
城市,茂名,0.021%,6.860336416990433
城市,肇庆,0.033%,12.853007734267056
城市,惠州,0.17%,27.7768245877306
城市,梅州,0.014%,7.333481078595507
城市,汕尾,0.015%,8.758617883085575
城市,河源,0.021%,13.292428839550913
城市,阳江,0.009%,5.758000872133202
城市,清远,0.036%,14.704922850243433
城市,东莞,4.3%,342.9352987515108
城市,中山,0.055%,11.729169265955056
城市,潮州,0.012%,6.76937332934228
城市,揭阳,0.023%,6.912354413183605
城市,云浮,0.0067%,5.4655771730529805
城市,南宁,0.027%,3.8294279965800238
城市,柳州,0.0075%,2.8522210087991864
城市,桂林,0.015%,5.051153274514069
城市,梧州,0.0037%,2.4375477372912986
城市,北海,0.0041%,3.269235810153698
城市,防城港,0.0017%,2.303896698386466
城市,钦州,0.0026%,1.4944716395088244
城市,贵港,0.0056%,2.7758163656995913
城市,玉林,0.0064%,2.163065371390485
城市,百色,0.0029%,1.4640411321179203
城市,贺州,0.0029%,2.742771663807555
城市,河池,0.003%,1.728062687561916
城市,来宾,0.0009%,0.8088833046844532
城市,崇左,0.0035%,2.9258374461733365
城市,海口,0.011%,4.2422421998041
城市,三亚,0.0088%,8.47671400396307
城市,三沙,0.0003%,19.846576311933486
城市,儋州,0.0008%,1.2643778482799704
城市,五指山,0%,-
城市,琼海,0.0017%,4.755749502709043
城市,文昌,0.0003%,0.8362720358630966
城市,万宁,0.0005%,1.367518377530772
城市,东方,0.0002%,0.5224511656712687
城市,定安,0.0002%,0.9534523965635431
城市,屯昌,0.0003%,2.1516298966934406
城市,澄迈,0.0003%,0.9092595112182935
城市,临高,0.0006%,2.634610177257781
城市,白沙,0.0002%,1.7001788062690588
城市,昌江,0.0002%,1.0656032866546457
城市,乐东,0.0002%,0.49675529267875523
城市,陵水,0.0009%,3.0900317843636933
城市,保亭,0.0002%,1.5191257316554434
城市,琼中,0.0002%,1.2723602639785199
城市,重庆,5.63%,283.44994672480465
城市,成都,5.29%,299.6836173867833
城市,自贡,0.0082%,6.544344983245802
城市,攀枝花,0.0026%,3.791285387388965
城市,泸州,0.012%,5.205321181174378
城市,德阳,0.029%,14.100081828444827
城市,绵阳,0.034%,11.680204809560196
城市,广元,0.011%,8.462360163438142
城市,遂宁,0.011%,7.894597649846332
城市,内江,0.013%,8.763769893703403
城市,乐山,0.016%,9.013643754134588
城市,南充,0.02%,7.5895221268042965
城市,眉山,0.019%,10.570315299044449
城市,宜宾,0.014%,5.181238779101205
城市,广安,0.014%,9.233605336496641
城市,达州,0.014%,6.415810764958996
城市,雅安,0.0069%,7.987856059176611
城市,巴中,0.0069%,5.581797811921129
城市,资阳,0.013%,12.410596999283188
城市,阿坝,0.018%,31.864196523860112
城市,甘孜,0.0078%,11.288924984608055
城市,凉山,0.0067%,3.174897356598097
城市,贵阳,0.027%,5.250617104187098
城市,六盘水,0.0029%,1.7516767480739877
城市,遵义,0.02%,5.1999080825489425
城市,安顺,0.0037%,2.6737555068027645
城市,毕节,0.0065%,2.014559645237597
城市,铜仁,0.0037%,2.1773120648698243
城市,黔西南,0.0037%,2.2423369864970324
城市,黔东南,0.004%,1.9414832809281493
城市,黔南,0.0062%,3.064193740781904
城市,昆明,2.22%,304.93581156063516
城市,曲靖,0.015%,5.008917895174574
城市,玉溪,0.0085%,6.303532115952727
城市,保山,0.0047%,3.5501269512703
城市,昭通,0.0065%,3.0302341871448304
城市,丽江,0.0047%,5.9192150219945425
城市,普洱,0.0032%,2.2808790517102278
城市,临沧,0.0032%,2.667702742794908
城市,楚雄,0.0076%,6.144028238612535
城市,红河,0.0067%,2.7481517415565646
城市,文山,0.0032%,1.8875503423482738
城市,西双版纳,0.0047%,4.428945093631768
城市,大理,0.0093%,4.676560895791307
城市,德宏,0.0018%,1.6916862782476265
城市,怒江,0.0011%,3.7198296817999585
城市,迪庆,0.0012%,4.3352853309884996
城市,拉萨,0.0056%,5.778293964033515
城市,日喀则,0.0008%,1.4705803745789887
城市,昌都,0.0003%,0.681336247598708
城市,林芝,0.0024%,8.082470199145547
城市,山南,0.0005%,1.6591400788097126
城市,那曲,0.0014%,4.592547020525965
城市,阿里,0.0011%,6.847898109816144
城市,西安,4.75%,405.1825322423645
城市,铜川,0.004%,9.132560293772144
城市,宝鸡,0.02%,10.332403766679187
城市,咸阳,0.12%,36.0014440035987
城市,渭南,0.034%,12.352028893394342
城市,延安,0.011%,8.6388282506181
城市,汉中,0.01%,5.996825730787054
城市,榆林,0.0094%,4.210660477113232
城市,安康,0.012%,9.619503026056647
城市,商洛,0.016%,15.880492422641046
城市,兰州,0.021%,5.984165946271677
城市,嘉峪关,0.0005%,1.935761534692325
城市,金昌,0.0006%,2.1160013809749354
城市,白银,0.0017%,2.3227391926013903
城市,天水,0.0027%,2.2365864239923074
城市,武威,0.0011%,1.4769324552350633
城市,张掖,0.0015%,2.228346901444759
城市,平凉,0.0023%,2.9308053771216236
城市,酒泉,0.0041%,5.211602454721947
城市,庆阳,0.003%,2.94867994309776
城市,定西,0.0012%,1.3127836324908757
城市,陇南,0.0026%,2.475110168076432
城市,临夏,0.0011%,1.2787813168933833
城市,甘南,0.0006%,1.8649794977258567
城市,西宁,0.0038%,2.2938727607429485
城市,海东,0.002%,3.651735414424131
城市,海北,0%,-
城市,黄南,0%,-
城市,海南,0.0002%,0.7754583975420919
城市,果洛,0%,-
城市,玉树,0.0003%,1.6152665082069215
城市,海西,0.0017%,4.495485370178449
城市,银川,0.011%,4.899100346359261
城市,石嘴山,0.0005%,1.0755417942288428
城市,吴忠,0.0012%,1.705294588004393
城市,固原,0.0012%,2.712018865273478
城市,中卫,0.0003%,0.5904298335061571
城市,乌鲁木齐,0.016%,4.949418424027848
城市,克拉玛依,0.0003%,0.8528032245257066
城市,吐鲁番,0.0014%,3.071333640495767
城市,哈密,0.0017%,2.6876145342467352
城市,昌吉,0.0027%,2.2459590723537906
城市,博尔塔拉,0.0008%,2.184327830523569
城市,巴音郭楞,0.0027%,2.254432685285129
城市,阿克苏,0.0015%,0.9287445377801089
城市,克孜勒苏,0.0005%,1.322836902796638
城市,喀什,0.0033%,1.4044296917164765
城市,和田,0.0018%,1.5708815336070707
城市,伊犁,0.0049%,2.5159475549433266
城市,塔城,0.0009%,1.2440822904597124
城市,阿勒泰,0.0015%,3.2775325632314765
城市,石河子,0%,-
城市,阿拉尔,0.0005%,2.08244246576364
城市,图木舒克,0.0002%,1.9413213127448048
城市,五家渠,0.0003%,2.958211122801402
城市,北屯,0.0002%,2.089358102707064
城市,铁门关,0%,-
城市,双河,0.0002%,5.005011082209598
城市,可克达拉,0%,-
城市,台湾,0%,-
城市,香港,0.0009%,10.010756828768928
城市,澳门,0.0005%,24.23846981181812
城市等级,一线城市,31.84%,424.3994057457642
城市等级,新一线城市,62.45%,367.42720888697744
城市等级,二线城市,1.82%,10.835806510613315
城市等级,三线城市,2.21%,10.441226629562824
城市等级,四线城市,1.17%,6.298832782042838
城市等级,五线城市,0.51%,4.305828855050654
城市等级,港澳台城市,0.0014%,12.364739682633584
抖音视频观看兴趣分类v2,美食,16.8%,233.63915528732525
抖音视频观看兴趣分类v2,科技,2.26%,238.60522773039204
抖音视频观看兴趣分类v2,音乐,2.71%,230.08928479963055
抖音视频观看兴趣分类v2,金融,2.22%,239.98231330106572
抖音视频观看兴趣分类v2,动植物,5.25%,212.57765286780992
抖音视频观看兴趣分类v2,运动,8.65%,231.25135890721094
抖音视频观看兴趣分类v2,军政法警,2.54%,219.00050598567447
抖音视频观看兴趣分类v2,亲子,3.98%,209.6635701019184
抖音视频观看兴趣分类v2,舞蹈,3.03%,211.82539797721688
抖音视频观看兴趣分类v2,影视,4.02%,206.67440877436852
抖音视频观看兴趣分类v2,新闻,3.03%,206.57100307960198
抖音视频观看兴趣分类v2,生活,4.35%,208.60796654015977
抖音视频观看兴趣分类v2,演绎,5.78%,203.46893517739116
抖音视频观看兴趣分类v2,医疗,2.19%,232.2054789314772
抖音视频观看兴趣分类v2,时尚,22.63%,240.2591572112748
抖音视频观看兴趣分类v2,二次元,3.24%,209.08076173280463
抖音视频观看兴趣分类v2,创意,5.8%,213.6257083122296
抖音视频观看兴趣分类v2,情感,2.57%,220.33317504340877
抖音视频观看兴趣分类v2,文化教育,9.04%,213.1977855786325
抖音视频观看兴趣分类v2,汽车,4.24%,229.30392515556258
抖音视频观看兴趣分类v2,拍摄,6.17%,190.05130443484393
抖音视频观看兴趣分类v2,游戏,2.57%,217.78076151012692
抖音视频观看兴趣分类v2,旅行,8.7%,220.53194015062712
抖音视频观看兴趣分类v2,农村,2.47%,214.10096030866345
抖音视频观看兴趣分类v2,辅助标签,0.86%,236.8483589366105
